order_id,order_ts,order_date,customer_id,customer_name,segment,region,channel,line_no,product_id,product_name,product_category,quantity,unit_price,line_total,currency
O100000,2025-09-01T09:15:46,2025-09-01,C0049,Customer 0049,Mid-Market,SE,web,1,P110,Professional Subscription,subscription,1,81.41,81.41,USD
O100001,2025-09-01T19:34:48,2025-09-01,C0031,Customer 0031,Mid-Market,MW,mobile,1,P300,Implementation Package,service,1,497.74,497.74,USD
O100002,2025-09-01T08:36:18,2025-09-01,C0027,Customer 0027,Consumer,MW,web,1,P110,Professional Subscription,subscription,1,84.88,84.88,USD
O100003,2025-09-01T20:33:24,2025-09-01,C0058,Customer 0058,SMB,W,web,1,P310,Training Package,service,1,303.24,303.24,USD
O100004,2025-09-01T12:02:14,2025-09-01,C0121,Customer 0121,SMB,NE,web,1,P310,Training Package,service,1,296.80,296.80,USD
O100005,2025-09-01T15:28:05,2025-09-01,C0139,Customer 0139,Consumer,W,mobile,1,P300,Implementation Package,service,1,507.28,507.28,USD
O100005,2025-09-01T15:28:05,2025-09-01,C0139,Customer 0139,Consumer,W,mobile,2,P120,Enterprise Subscription,subscription,1,183.90,183.90,USD
O100006,2025-09-01T17:27:40,2025-09-01,C0047,Customer 0047,Consumer,MW,mobile,1,P200,Analytics Add-on,addon,1,37.88,37.88,USD
O100006,2025-09-01T17:27:40,2025-09-01,C0047,Customer 0047,Consumer,MW,mobile,2,P120,Enterprise Subscription,subscription,1,186.41,186.41,USD
O100006,2025-09-01T17:27:40,2025-09-01,C0047,Customer 0047,Consumer,MW,mobile,3,P310,Training Package,service,1,282.77,282.77,USD
O100007,2025-09-01T15:40:28,2025-09-01,C0194,Customer 0194,Consumer,W,mobile,1,P210,Automation Add-on,addon,1,63.04,63.04,USD
O100008,2025-09-01T19:18:32,2025-09-01,C0128,Customer 0128,Consumer,SE,mobile,1,P200,Analytics Add-on,addon,1,37.40,37.40,USD
O100009,2025-09-01T11:36:24,2025-09-01,C0179,Customer 0179,Consumer,SW,web,1,P100,Starter Subscription,subscription,1,30.14,30.14,USD
O100009,2025-09-01T11:36:24,2025-09-01,C0179,Customer 0179,Consumer,SW,web,2,P120,Enterprise Subscription,subscription,1,205.53,205.53,USD
O100010,2025-09-01T09:30:50,2025-09-01,C0040,Customer 0040,SMB,W,partner,1,P300,Implementation Package,service,1,490.82,490.82,USD
O100011,2025-09-01T14:06:48,2025-09-01,C0024,Customer 0024,SMB,SW,mobile,1,P200,Analytics Add-on,addon,2,37.75,75.50,USD
O100011,2025-09-01T14:06:48,2025-09-01,C0024,Customer 0024,SMB,SW,mobile,2,P110,Professional Subscription,subscription,1,73.05,73.05,USD
O100012,2025-09-01T11:29:40,2025-09-01,C0037,Customer 0037,SMB,SE,web,1,P100,Starter Subscription,subscription,1,30.85,30.85,USD
O100013,2025-09-01T18:25:17,2025-09-01,C0006,Customer 0006,Consumer,W,web,1,P310,Training Package,service,1,321.66,321.66,USD
O100013,2025-09-01T18:25:17,2025-09-01,C0006,Customer 0006,Consumer,W,web,2,P300,Implementation Package,service,1,531.78,531.78,USD
O100014,2025-09-01T10:05:58,2025-09-01,C0188,Customer 0188,Mid-Market,SW,web,1,P110,Professional Subscription,subscription,1,74.35,74.35,USD
O100014,2025-09-01T10:05:58,2025-09-01,C0188,Customer 0188,Mid-Market,SW,web,2,P310,Training Package,service,1,300.89,300.89,USD
O100015,2025-09-01T18:47:43,2025-09-01,C0095,Customer 0095,SMB,SE,web,1,P300,Implementation Package,service,1,534.15,534.15,USD
O100016,2025-09-02T10:02:02,2025-09-02,C0030,Customer 0030,Consumer,SW,web,1,P100,Starter Subscription,subscription,1,27.77,27.77,USD
O100017,2025-09-02T18:22:03,2025-09-02,C0231,Customer 0231,Consumer,W,web,1,P100,Starter Subscription,subscription,1,31.08,31.08,USD
O100018,2025-09-02T12:54:09,2025-09-02,C0001,Customer 0001,Consumer,NE,partner,1,P310,Training Package,service,1,283.43,283.43,USD
O100019,2025-09-02T20:58:55,2025-09-02,C0187,Customer 0187,SMB,SW,mobile,1,P300,Implementation Package,service,1,536.05,536.05,USD
O100020,2025-09-02T18:37:35,2025-09-02,C0160,Customer 0160,Mid-Market,SE,mobile,1,P210,Automation Add-on,addon,2,57.06,114.12,USD
O100021,2025-09-02T09:05:27,2025-09-02,C0024,Customer 0024,SMB,SW,web,1,P310,Training Package,service,1,301.70,301.70,USD
O100021,2025-09-02T09:05:27,2025-09-02,C0024,Customer 0024,SMB,SW,web,2,P110,Professional Subscription,subscription,1,80.09,80.09,USD
O100022,2025-09-02T11:51:27,2025-09-02,C0147,Customer 0147,Enterprise,W,mobile,1,P310,Training Package,service,1,307.37,307.37,USD
O100022,2025-09-02T11:51:27,2025-09-02,C0147,Customer 0147,Enterprise,W,mobile,2,P210,Automation Add-on,addon,2,54.53,109.06,USD
O100022,2025-09-02T11:51:27,2025-09-02,C0147,Customer 0147,Enterprise,W,mobile,3,P300,Implementation Package,service,1,533.26,533.26,USD
O100023,2025-09-02T09:56:03,2025-09-02,C0153,Customer 0153,Consumer,W,web,1,P100,Starter Subscription,subscription,1,27.06,27.06,USD
O100023,2025-09-02T09:56:03,2025-09-02,C0153,Customer 0153,Consumer,W,web,2,P300,Implementation Package,service,1,494.46,494.46,USD
O100024,2025-09-02T12:13:49,2025-09-02,C0053,Customer 0053,SMB,SE,web,1,P120,Enterprise Subscription,subscription,1,186.90,186.90,USD
O100025,2025-09-02T13:10:51,2025-09-02,C0006,Customer 0006,Consumer,W,partner,1,P300,Implementation Package,service,1,532.51,532.51,USD
O100026,2025-09-02T16:40:07,2025-09-02,C0020,Customer 0020,SMB,MW,web,1,P310,Training Package,service,1,291.79,291.79,USD
O100027,2025-09-02T08:22:32,2025-09-02,C0152,Customer 0152,Consumer,MW,web,1,P100,Starter Subscription,subscription,1,26.94,26.94,USD
O100028,2025-09-02T09:51:57,2025-09-02,C0116,Customer 0116,Mid-Market,NE,mobile,1,P100,Starter Subscription,subscription,1,26.86,26.86,USD
O100028,2025-09-02T09:51:57,2025-09-02,C0116,Customer 0116,Mid-Market,NE,mobile,2,P210,Automation Add-on,addon,2,58.41,116.82,USD
O100028,2025-09-02T09:51:57,2025-09-02,C0116,Customer 0116,Mid-Market,NE,mobile,3,P110,Professional Subscription,subscription,1,78.23,78.23,USD
O100029,2025-09-02T18:25:08,2025-09-02,C0179,Customer 0179,Consumer,SW,mobile,1,P120,Enterprise Subscription,subscription,1,203.57,203.57,USD
O100029,2025-09-02T18:25:08,2025-09-02,C0179,Customer 0179,Consumer,SW,mobile,2,P210,Automation Add-on,addon,1,61.96,61.96,USD
O100029,2025-09-02T18:25:08,2025-09-02,C0179,Customer 0179,Consumer,SW,mobile,3,P200,Analytics Add-on,addon,2,40.27,80.54,USD
O100030,2025-09-02T16:02:42,2025-09-02,C0227,Customer 0227,Mid-Market,MW,web,1,P110,Professional Subscription,subscription,1,77.44,77.44,USD
O100030,2025-09-02T16:02:42,2025-09-02,C0227,Customer 0227,Mid-Market,MW,web,2,P210,Automation Add-on,addon,1,55.99,55.99,USD
O100031,2025-09-02T11:51:38,2025-09-02,C0210,Customer 0210,SMB,NE,web,1,P300,Implementation Package,service,1,497.45,497.45,USD
O100032,2025-09-02T13:15:24,2025-09-02,C0129,Customer 0129,Consumer,SE,partner,1,P100,Starter Subscription,subscription,1,28.16,28.16,USD
O100033,2025-09-02T19:38:33,2025-09-02,C0141,Customer 0141,SMB,MW,web,1,P110,Professional Subscription,subscription,1,74.22,74.22,USD
O100033,2025-09-02T19:38:33,2025-09-02,C0141,Customer 0141,SMB,MW,web,2,P120,Enterprise Subscription,subscription,1,190.67,190.67,USD
O100034,2025-09-03T09:33:34,2025-09-03,C0093,Customer 0093,SMB,W,web,1,P210,Automation Add-on,addon,1,54.69,54.69,USD
O100034,2025-09-03T09:33:34,2025-09-03,C0093,Customer 0093,SMB,W,web,2,P100,Starter Subscription,subscription,1,28.48,28.48,USD
O100034,2025-09-03T09:33:34,2025-09-03,C0093,Customer 0093,SMB,W,web,3,P200,Analytics Add-on,addon,1,37.46,37.46,USD
O100035,2025-09-03T15:40:11,2025-09-03,C0179,Customer 0179,Consumer,SW,mobile,1,P310,Training Package,service,1,320.22,320.22,USD
O100036,2025-09-03T20:03:55,2025-09-03,C0092,Customer 0092,Mid-Market,W,mobile,1,P310,Training Package,service,1,292.69,292.69,USD
O100037,2025-09-03T12:19:28,2025-09-03,C0170,Customer 0170,Mid-Market,SE,mobile,1,P300,Implementation Package,service,1,494.52,494.52,USD
O100038,2025-09-03T10:04:15,2025-09-03,C0009,Customer 0009,Consumer,NE,mobile,1,P200,Analytics Add-on,addon,2,36.08,72.16,USD
O100039,2025-09-03T16:24:58,2025-09-03,C0128,Customer 0128,Consumer,SE,mobile,1,P120,Enterprise Subscription,subscription,1,205.50,205.50,USD
O100040,2025-09-03T13:42:22,2025-09-03,C0217,Customer 0217,SMB,NE,mobile,1,P120,Enterprise Subscription,subscription,1,211.46,211.46,USD
O100041,2025-09-03T16:08:39,2025-09-03,C0206,Customer 0206,Consumer,SW,partner,1,P200,Analytics Add-on,addon,2,40.37,80.74,USD
O100042,2025-09-03T19:14:22,2025-09-03,C0083,Customer 0083,Mid-Market,SW,partner,1,P120,Enterprise Subscription,subscription,1,210.01,210.01,USD
O100043,2025-09-03T18:13:49,2025-09-03,C0068,Customer 0068,SMB,SE,mobile,1,P100,Starter Subscription,subscription,1,30.80,30.80,USD
O100043,2025-09-03T18:13:49,2025-09-03,C0068,Customer 0068,SMB,SE,mobile,2,P200,Analytics Add-on,addon,2,37.69,75.38,USD
O100044,2025-09-03T19:55:22,2025-09-03,C0082,Customer 0082,Consumer,SE,partner,1,P120,Enterprise Subscription,subscription,1,199.48,199.48,USD
O100045,2025-09-03T17:46:20,2025-09-03,C0240,Customer 0240,Consumer,W,web,1,P210,Automation Add-on,addon,1,58.99,58.99,USD
O100046,2025-09-03T12:46:23,2025-09-03,C0035,Customer 0035,SMB,SE,mobile,1,P200,Analytics Add-on,addon,1,39.44,39.44,USD
O100047,2025-09-03T10:12:38,2025-09-03,C0194,Customer 0194,Consumer,W,web,1,P100,Starter Subscription,subscription,1,26.86,26.86,USD
O100048,2025-09-03T13:43:07,2025-09-03,C0095,Customer 0095,SMB,SE,partner,1,P310,Training Package,service,1,318.08,318.08,USD
O100049,2025-09-03T19:13:26,2025-09-03,C0106,Customer 0106,SMB,MW,web,1,P200,Analytics Add-on,addon,2,36.27,72.54,USD
O100049,2025-09-03T19:13:26,2025-09-03,C0106,Customer 0106,SMB,MW,web,2,P300,Implementation Package,service,1,470.10,470.10,USD
O100050,2025-09-03T18:51:44,2025-09-03,C0175,Customer 0175,Enterprise,W,web,1,P110,Professional Subscription,subscription,1,76.21,76.21,USD
O100051,2025-09-03T09:22:59,2025-09-03,C0183,Customer 0183,SMB,MW,web,1,P200,Analytics Add-on,addon,1,37.14,37.14,USD
O100052,2025-09-03T10:26:41,2025-09-03,C0238,Customer 0238,Mid-Market,MW,partner,1,P200,Analytics Add-on,addon,1,40.60,40.60,USD
O100052,2025-09-03T10:26:41,2025-09-03,C0238,Customer 0238,Mid-Market,MW,partner,2,P300,Implementation Package,service,1,482.01,482.01,USD
O100053,2025-09-03T18:34:33,2025-09-03,C0117,Customer 0117,Consumer,MW,web,1,P310,Training Package,service,1,288.13,288.13,USD
O100053,2025-09-03T18:34:33,2025-09-03,C0117,Customer 0117,Consumer,MW,web,2,P210,Automation Add-on,addon,1,57.40,57.40,USD
O100053,2025-09-03T18:34:33,2025-09-03,C0117,Customer 0117,Consumer,MW,web,3,P200,Analytics Add-on,addon,2,38.74,77.48,USD
O100054,2025-09-03T13:59:15,2025-09-03,C0123,Customer 0123,Consumer,W,web,1,P200,Analytics Add-on,addon,1,41.83,41.83,USD
O100055,2025-09-04T10:29:47,2025-09-04,C0123,Customer 0123,Consumer,W,partner,1,P300,Implementation Package,service,1,502.93,502.93,USD
O100056,2025-09-04T10:20:54,2025-09-04,C0039,Customer 0039,Mid-Market,SW,web,1,P110,Professional Subscription,subscription,1,81.74,81.74,USD
O100057,2025-09-04T09:34:03,2025-09-04,C0180,Customer 0180,SMB,SE,partner,1,P200,Analytics Add-on,addon,1,37.67,37.67,USD
O100058,2025-09-04T18:55:22,2025-09-04,C0035,Customer 0035,SMB,SE,web,1,P200,Analytics Add-on,addon,2,41.99,83.98,USD
O100058,2025-09-04T18:55:22,2025-09-04,C0035,Customer 0035,SMB,SE,web,2,P210,Automation Add-on,addon,1,61.42,61.42,USD
O100058,2025-09-04T18:55:22,2025-09-04,C0035,Customer 0035,SMB,SE,web,3,P110,Professional Subscription,subscription,1,85.05,85.05,USD
O100059,2025-09-04T08:28:38,2025-09-04,C0153,Customer 0153,Consumer,W,mobile,1,P110,Professional Subscription,subscription,1,73.24,73.24,USD
O100059,2025-09-04T08:28:38,2025-09-04,C0153,Customer 0153,Consumer,W,mobile,2,P300,Implementation Package,service,1,494.13,494.13,USD
O100060,2025-09-04T18:27:35,2025-09-04,C0161,Customer 0161,Mid-Market,SE,web,1,P300,Implementation Package,service,1,521.82,521.82,USD
O100060,2025-09-04T18:27:35,2025-09-04,C0161,Customer 0161,Mid-Market,SE,web,2,P310,Training Package,service,1,290.33,290.33,USD
O100060,2025-09-04T18:27:35,2025-09-04,C0161,Customer 0161,Mid-Market,SE,web,3,P200,Analytics Add-on,addon,1,38.43,38.43,USD
O100061,2025-09-04T16:46:53,2025-09-04,C0024,Customer 0024,SMB,SW,web,1,P300,Implementation Package,service,1,507.38,507.38,USD
O100062,2025-09-04T19:48:30,2025-09-04,C0031,Customer 0031,Mid-Market,MW,partner,1,P300,Implementation Package,service,1,490.75,490.75,USD
O100062,2025-09-04T19:48:30,2025-09-04,C0031,Customer 0031,Mid-Market,MW,partner,2,P110,Professional Subscription,subscription,1,75.71,75.71,USD
O100063,2025-09-04T16:59:37,2025-09-04,C0067,Customer 0067,SMB,NE,mobile,1,P110,Professional Subscription,subscription,1,75.16,75.16,USD
O100064,2025-09-04T19:34:31,2025-09-04,C0036,Customer 0036,Mid-Market,NE,web,1,P300,Implementation Package,service,1,500.91,500.91,USD
O100064,2025-09-04T19:34:31,2025-09-04,C0036,Customer 0036,Mid-Market,NE,web,2,P100,Starter Subscription,subscription,1,30.57,30.57,USD
O100065,2025-09-04T15:42:31,2025-09-04,C0234,Customer 0234,SMB,SW,web,1,P200,Analytics Add-on,addon,1,35.98,35.98,USD
O100066,2025-09-04T11:19:43,2025-09-04,C0179,Customer 0179,Consumer,SW,mobile,1,P310,Training Package,service,1,306.17,306.17,USD
O100067,2025-09-04T16:58:02,2025-09-04,C0230,Customer 0230,Enterprise,MW,web,1,P300,Implementation Package,service,1,480.72,480.72,USD
O100067,2025-09-04T16:58:02,2025-09-04,C0230,Customer 0230,Enterprise,MW,web,2,P210,Automation Add-on,addon,1,60.74,60.74,USD
O100067,2025-09-04T16:58:02,2025-09-04,C0230,Customer 0230,Enterprise,MW,web,3,P200,Analytics Add-on,addon,1,41.49,41.49,USD
O100068,2025-09-04T16:47:22,2025-09-04,C0021,Customer 0021,Mid-Market,SE,web,1,P310,Training Package,service,1,278.72,278.72,USD
O100069,2025-09-04T14:45:50,2025-09-04,C0040,Customer 0040,SMB,W,mobile,1,P120,Enterprise Subscription,subscription,1,186.47,186.47,USD
O100069,2025-09-04T14:45:50,2025-09-04,C0040,Customer 0040,SMB,W,mobile,2,P310,Training Package,service,1,275.33,275.33,USD
O100070,2025-09-04T14:00:18,2025-09-04,C0222,Customer 0222,Consumer,NE,web,1,P300,Implementation Package,service,1,531.35,531.35,USD
O100070,2025-09-04T14:00:18,2025-09-04,C0222,Customer 0222,Consumer,NE,web,2,P210,Automation Add-on,addon,1,59.68,59.68,USD
O100071,2025-09-04T18:31:38,2025-09-04,C0185,Customer 0185,SMB,SE,mobile,1,P110,Professional Subscription,subscription,1,76.53,76.53,USD
O100072,2025-09-04T19:44:40,2025-09-04,C0075,Customer 0075,Consumer,NE,web,1,P110,Professional Subscription,subscription,1,76.80,76.80,USD
O100073,2025-09-04T12:15:16,2025-09-04,C0163,Customer 0163,Consumer,MW,mobile,1,P310,Training Package,service,1,278.62,278.62,USD
O100073,2025-09-04T12:15:16,2025-09-04,C0163,Customer 0163,Consumer,MW,mobile,2,P200,Analytics Add-on,addon,2,38.87,77.74,USD
O100074,2025-09-04T18:25:48,2025-09-04,C0174,Customer 0174,Mid-Market,SW,web,1,P100,Starter Subscription,subscription,1,27.14,27.14,USD
O100074,2025-09-04T18:25:48,2025-09-04,C0174,Customer 0174,Mid-Market,SW,web,2,P310,Training Package,service,1,285.70,285.70,USD
O100075,2025-09-04T19:28:20,2025-09-04,C0185,Customer 0185,SMB,SE,web,1,P300,Implementation Package,service,1,468.27,468.27,USD
O100076,2025-09-04T17:56:12,2025-09-04,C0189,Customer 0189,SMB,SW,web,1,P100,Starter Subscription,subscription,1,29.95,29.95,USD
O100077,2025-09-04T17:24:39,2025-09-04,C0081,Customer 0081,SMB,W,web,1,P120,Enterprise Subscription,subscription,1,210.00,210.00,USD
O100078,2025-09-04T19:58:41,2025-09-04,C0138,Customer 0138,Mid-Market,W,partner,1,P110,Professional Subscription,subscription,1,78.87,78.87,USD
O100079,2025-09-05T15:10:05,2025-09-05,C0114,Customer 0114,Consumer,MW,mobile,1,P110,Professional Subscription,subscription,1,73.09,73.09,USD
O100079,2025-09-05T15:10:05,2025-09-05,C0114,Customer 0114,Consumer,MW,mobile,2,P120,Enterprise Subscription,subscription,1,190.24,190.24,USD
O100080,2025-09-05T08:28:16,2025-09-05,C0077,Customer 0077,SMB,SE,web,1,P200,Analytics Add-on,addon,1,37.19,37.19,USD
O100080,2025-09-05T08:28:16,2025-09-05,C0077,Customer 0077,SMB,SE,web,2,P100,Starter Subscription,subscription,1,30.10,30.10,USD
O100081,2025-09-05T08:17:55,2025-09-05,C0236,Customer 0236,Consumer,MW,mobile,1,P110,Professional Subscription,subscription,1,74.53,74.53,USD
O100081,2025-09-05T08:17:55,2025-09-05,C0236,Customer 0236,Consumer,MW,mobile,2,P310,Training Package,service,1,290.49,290.49,USD
O100082,2025-09-05T16:47:17,2025-09-05,C0104,Customer 0104,Mid-Market,W,mobile,1,P200,Analytics Add-on,addon,1,39.51,39.51,USD
O100082,2025-09-05T16:47:17,2025-09-05,C0104,Customer 0104,Mid-Market,W,mobile,2,P310,Training Package,service,1,316.65,316.65,USD
O100083,2025-09-05T09:59:54,2025-09-05,C0005,Customer 0005,SMB,SE,web,1,P200,Analytics Add-on,addon,1,42.09,42.09,USD
O100084,2025-09-05T11:27:41,2025-09-05,C0194,Customer 0194,Consumer,W,web,1,P110,Professional Subscription,subscription,1,78.71,78.71,USD
O100085,2025-09-05T13:23:56,2025-09-05,C0027,Customer 0027,Consumer,MW,web,1,P310,Training Package,service,1,311.11,311.11,USD
O100086,2025-09-05T14:39:43,2025-09-05,C0236,Customer 0236,Consumer,MW,web,1,P100,Starter Subscription,subscription,1,27.33,27.33,USD
O100087,2025-09-05T18:56:19,2025-09-05,C0007,Customer 0007,Consumer,W,web,1,P110,Professional Subscription,subscription,1,77.63,77.63,USD
O100087,2025-09-05T18:56:19,2025-09-05,C0007,Customer 0007,Consumer,W,web,2,P300,Implementation Package,service,1,510.67,510.67,USD
O100088,2025-09-05T16:43:11,2025-09-05,C0094,Customer 0094,Consumer,NE,mobile,1,P310,Training Package,service,1,303.18,303.18,USD
O100088,2025-09-05T16:43:11,2025-09-05,C0094,Customer 0094,Consumer,NE,mobile,2,P100,Starter Subscription,subscription,1,26.74,26.74,USD
O100088,2025-09-05T16:43:11,2025-09-05,C0094,Customer 0094,Consumer,NE,mobile,3,P300,Implementation Package,service,1,476.30,476.30,USD
O100089,2025-09-05T11:51:09,2025-09-05,C0236,Customer 0236,Consumer,MW,web,1,P300,Implementation Package,service,1,520.02,520.02,USD
O100090,2025-09-05T13:33:33,2025-09-05,C0128,Customer 0128,Consumer,SE,mobile,1,P110,Professional Subscription,subscription,1,74.28,74.28,USD
O100090,2025-09-05T13:33:33,2025-09-05,C0128,Customer 0128,Consumer,SE,mobile,2,P120,Enterprise Subscription,subscription,1,207.95,207.95,USD
O100091,2025-09-05T17:43:46,2025-09-05,C0229,Customer 0229,SMB,SE,web,1,P100,Starter Subscription,subscription,1,30.66,30.66,USD
O100091,2025-09-05T17:43:46,2025-09-05,C0229,Customer 0229,SMB,SE,web,2,P310,Training Package,service,1,275.67,275.67,USD
O100092,2025-09-05T09:36:23,2025-09-05,C0070,Customer 0070,SMB,W,web,1,P100,Starter Subscription,subscription,1,27.72,27.72,USD
O100092,2025-09-05T09:36:23,2025-09-05,C0070,Customer 0070,SMB,W,web,2,P110,Professional Subscription,subscription,1,79.20,79.20,USD
O100093,2025-09-05T13:37:31,2025-09-05,C0119,Customer 0119,Consumer,SE,partner,1,P300,Implementation Package,service,1,519.80,519.80,USD
O100093,2025-09-05T13:37:31,2025-09-05,C0119,Customer 0119,Consumer,SE,partner,2,P210,Automation Add-on,addon,1,55.70,55.70,USD
O100094,2025-09-05T12:05:02,2025-09-05,C0183,Customer 0183,SMB,MW,partner,1,P210,Automation Add-on,addon,2,62.73,125.46,USD
O100094,2025-09-05T12:05:02,2025-09-05,C0183,Customer 0183,SMB,MW,partner,2,P200,Analytics Add-on,addon,1,41.96,41.96,USD
O100095,2025-09-05T19:20:20,2025-09-05,C0180,Customer 0180,SMB,SE,web,1,P110,Professional Subscription,subscription,1,74.40,74.40,USD
O100096,2025-09-05T11:22:25,2025-09-05,C0183,Customer 0183,SMB,MW,web,1,P120,Enterprise Subscription,subscription,1,184.07,184.07,USD
O100096,2025-09-05T11:22:25,2025-09-05,C0183,Customer 0183,SMB,MW,web,2,P110,Professional Subscription,subscription,1,77.79,77.79,USD
O100097,2025-09-05T18:28:51,2025-09-05,C0232,Customer 0232,Mid-Market,W,web,1,P310,Training Package,service,1,277.12,277.12,USD
O100097,2025-09-05T18:28:51,2025-09-05,C0232,Customer 0232,Mid-Market,W,web,2,P120,Enterprise Subscription,subscription,1,197.76,197.76,USD
O100097,2025-09-05T18:28:51,2025-09-05,C0232,Customer 0232,Mid-Market,W,web,3,P100,Starter Subscription,subscription,1,27.46,27.46,USD
O100098,2025-09-05T14:12:41,2025-09-05,C0036,Customer 0036,Mid-Market,NE,partner,1,P300,Implementation Package,service,1,538.45,538.45,USD
O100099,2025-09-05T09:15:42,2025-09-05,C0041,Customer 0041,Consumer,NE,web,1,P310,Training Package,service,1,318.96,318.96,USD
O100100,2025-09-05T19:22:36,2025-09-05,C0181,Customer 0181,SMB,W,mobile,1,P110,Professional Subscription,subscription,1,83.26,83.26,USD
O100101,2025-09-06T10:49:07,2025-09-06,C0181,Customer 0181,SMB,W,mobile,1,P100,Starter Subscription,subscription,1,29.95,29.95,USD
O100101,2025-09-06T10:49:07,2025-09-06,C0181,Customer 0181,SMB,W,mobile,2,P120,Enterprise Subscription,subscription,1,204.16,204.16,USD
O100102,2025-09-06T20:36:02,2025-09-06,C0101,Customer 0101,SMB,SE,web,1,P310,Training Package,service,1,321.37,321.37,USD
O100103,2025-09-06T13:28:00,2025-09-06,C0187,Customer 0187,SMB,SW,web,1,P100,Starter Subscription,subscription,1,28.31,28.31,USD
O100104,2025-09-06T20:43:14,2025-09-06,C0167,Customer 0167,Consumer,NE,web,1,P310,Training Package,service,1,276.68,276.68,USD
O100105,2025-09-06T17:56:27,2025-09-06,C0043,Customer 0043,Mid-Market,MW,web,1,P110,Professional Subscription,subscription,1,85.00,85.00,USD
O100106,2025-09-06T18:40:38,2025-09-06,C0076,Customer 0076,Mid-Market,MW,web,1,P110,Professional Subscription,subscription,1,74.84,74.84,USD
O100107,2025-09-06T08:09:48,2025-09-06,C0145,Customer 0145,Mid-Market,W,mobile,1,P300,Implementation Package,service,1,486.53,486.53,USD
O100108,2025-09-06T20:12:08,2025-09-06,C0055,Customer 0055,Mid-Market,NE,web,1,P300,Implementation Package,service,1,493.84,493.84,USD
O100109,2025-09-06T09:36:49,2025-09-06,C0237,Customer 0237,Mid-Market,MW,web,1,P210,Automation Add-on,addon,1,62.57,62.57,USD
O100110,2025-09-06T13:52:50,2025-09-06,C0006,Customer 0006,Consumer,W,web,1,P200,Analytics Add-on,addon,2,40.15,80.30,USD
O100111,2025-09-06T13:52:03,2025-09-06,C0223,Customer 0223,Consumer,MW,web,1,P120,Enterprise Subscription,subscription,1,205.67,205.67,USD
O100112,2025-09-06T09:43:01,2025-09-06,C0163,Customer 0163,Consumer,MW,web,1,P200,Analytics Add-on,addon,1,41.87,41.87,USD
O100113,2025-09-06T15:58:08,2025-09-06,C0003,Customer 0003,Consumer,W,mobile,1,P100,Starter Subscription,subscription,1,27.85,27.85,USD
O100113,2025-09-06T15:58:08,2025-09-06,C0003,Customer 0003,Consumer,W,mobile,2,P110,Professional Subscription,subscription,1,82.86,82.86,USD
O100114,2025-09-06T13:35:41,2025-09-06,C0216,Customer 0216,Consumer,SE,mobile,1,P300,Implementation Package,service,1,467.71,467.71,USD
O100115,2025-09-06T18:20:43,2025-09-06,C0104,Customer 0104,Mid-Market,W,web,1,P200,Analytics Add-on,addon,1,37.50,37.50,USD
O100116,2025-09-06T09:30:08,2025-09-06,C0076,Customer 0076,Mid-Market,MW,mobile,1,P210,Automation Add-on,addon,2,62.77,125.54,USD
O100116,2025-09-06T09:30:08,2025-09-06,C0076,Customer 0076,Mid-Market,MW,mobile,2,P110,Professional Subscription,subscription,1,80.95,80.95,USD
O100117,2025-09-06T15:56:12,2025-09-06,C0019,Customer 0019,Consumer,NE,web,1,P200,Analytics Add-on,addon,1,38.46,38.46,USD
O100117,2025-09-06T15:56:12,2025-09-06,C0019,Customer 0019,Consumer,NE,web,2,P210,Automation Add-on,addon,1,55.58,55.58,USD
O100118,2025-09-07T12:13:48,2025-09-07,C0116,Customer 0116,Mid-Market,NE,mobile,1,P110,Professional Subscription,subscription,1,78.87,78.87,USD
O100119,2025-09-07T08:43:00,2025-09-07,C0049,Customer 0049,Mid-Market,SE,mobile,1,P300,Implementation Package,service,1,529.10,529.10,USD
O100120,2025-09-07T11:14:46,2025-09-07,C0005,Customer 0005,SMB,SE,partner,1,P100,Starter Subscription,subscription,1,29.42,29.42,USD
O100121,2025-09-07T09:35:16,2025-09-07,C0098,Customer 0098,SMB,W,web,1,P300,Implementation Package,service,1,513.83,513.83,USD
O100122,2025-09-07T20:06:31,2025-09-07,C0030,Customer 0030,Consumer,SW,web,1,P120,Enterprise Subscription,subscription,1,209.55,209.55,USD
O100123,2025-09-07T10:05:49,2025-09-07,C0127,Customer 0127,SMB,W,web,1,P100,Starter Subscription,subscription,1,29.67,29.67,USD
O100123,2025-09-07T10:05:49,2025-09-07,C0127,Customer 0127,SMB,W,web,2,P120,Enterprise Subscription,subscription,1,197.62,197.62,USD
O100124,2025-09-07T12:56:46,2025-09-07,C0160,Customer 0160,Mid-Market,SE,web,1,P110,Professional Subscription,subscription,1,77.75,77.75,USD
O100124,2025-09-07T12:56:46,2025-09-07,C0160,Customer 0160,Mid-Market,SE,web,2,P100,Starter Subscription,subscription,1,31.15,31.15,USD
O100125,2025-09-07T18:56:53,2025-09-07,C0221,Customer 0221,Consumer,MW,mobile,1,P200,Analytics Add-on,addon,1,41.42,41.42,USD
O100125,2025-09-07T18:56:53,2025-09-07,C0221,Customer 0221,Consumer,MW,mobile,2,P310,Training Package,service,1,296.16,296.16,USD
O100126,2025-09-07T18:41:24,2025-09-07,C0170,Customer 0170,Mid-Market,SE,web,1,P210,Automation Add-on,addon,1,60.35,60.35,USD
O100126,2025-09-07T18:41:24,2025-09-07,C0170,Customer 0170,Mid-Market,SE,web,2,P100,Starter Subscription,subscription,1,27.41,27.41,USD
O100127,2025-09-07T13:07:31,2025-09-07,C0115,Customer 0115,Consumer,MW,mobile,1,P200,Analytics Add-on,addon,1,36.10,36.10,USD
O100128,2025-09-07T20:42:14,2025-09-07,C0025,Customer 0025,SMB,W,web,1,P300,Implementation Package,service,1,536.08,536.08,USD
O100129,2025-09-07T18:53:43,2025-09-07,C0012,Customer 0012,SMB,NE,mobile,1,P200,Analytics Add-on,addon,2,39.56,79.12,USD
O100129,2025-09-07T18:53:43,2025-09-07,C0012,Customer 0012,SMB,NE,mobile,2,P310,Training Package,service,1,299.20,299.20,USD
O100130,2025-09-07T14:26:38,2025-09-07,C0226,Customer 0226,Consumer,SW,partner,1,P120,Enterprise Subscription,subscription,1,213.76,213.76,USD
O100130,2025-09-07T14:26:38,2025-09-07,C0226,Customer 0226,Consumer,SW,partner,2,P200,Analytics Add-on,addon,1,38.71,38.71,USD
O100131,2025-09-07T18:11:32,2025-09-07,C0182,Customer 0182,Consumer,MW,web,1,P300,Implementation Package,service,1,519.82,519.82,USD
O100131,2025-09-07T18:11:32,2025-09-07,C0182,Customer 0182,Consumer,MW,web,2,P100,Starter Subscription,subscription,1,29.29,29.29,USD
O100132,2025-09-08T20:34:02,2025-09-08,C0053,Customer 0053,SMB,SE,web,1,P210,Automation Add-on,addon,2,61.26,122.52,USD
O100133,2025-09-08T19:16:12,2025-09-08,C0004,Customer 0004,Enterprise,NE,mobile,1,P310,Training Package,service,1,314.79,314.79,USD
O100133,2025-09-08T19:16:12,2025-09-08,C0004,Customer 0004,Enterprise,NE,mobile,2,P200,Analytics Add-on,addon,2,40.28,80.56,USD
O100134,2025-09-08T15:45:59,2025-09-08,C0085,Customer 0085,Mid-Market,SW,web,1,P120,Enterprise Subscription,subscription,1,202.08,202.08,USD
O100135,2025-09-08T16:52:48,2025-09-08,C0122,Customer 0122,Consumer,W,partner,1,P300,Implementation Package,service,1,486.71,486.71,USD
O100136,2025-09-08T16:52:49,2025-09-08,C0234,Customer 0234,SMB,SW,web,1,P200,Analytics Add-on,addon,1,37.73,37.73,USD
O100136,2025-09-08T16:52:49,2025-09-08,C0234,Customer 0234,SMB,SW,web,2,P310,Training Package,service,1,306.25,306.25,USD
O100137,2025-09-08T18:09:01,2025-09-08,C0192,Customer 0192,Mid-Market,MW,web,1,P100,Starter Subscription,subscription,1,27.02,27.02,USD
O100138,2025-09-08T08:41:46,2025-09-08,C0137,Customer 0137,Mid-Market,NE,mobile,1,P210,Automation Add-on,addon,2,62.29,124.58,USD
O100138,2025-09-08T08:41:46,2025-09-08,C0137,Customer 0137,Mid-Market,NE,mobile,2,P100,Starter Subscription,subscription,1,28.34,28.34,USD
O100139,2025-09-08T16:55:35,2025-09-08,C0003,Customer 0003,Consumer,W,web,1,P210,Automation Add-on,addon,2,58.00,116.00,USD
O100140,2025-09-08T09:16:06,2025-09-08,C0172,Customer 0172,SMB,W,web,1,P120,Enterprise Subscription,subscription,1,194.45,194.45,USD
O100141,2025-09-08T18:46:21,2025-09-08,C0035,Customer 0035,SMB,SE,partner,1,P120,Enterprise Subscription,subscription,1,207.75,207.75,USD
O100142,2025-09-08T08:35:16,2025-09-08,C0233,Customer 0233,Mid-Market,SE,web,1,P200,Analytics Add-on,addon,1,38.33,38.33,USD
O100142,2025-09-08T08:35:16,2025-09-08,C0233,Customer 0233,Mid-Market,SE,web,2,P300,Implementation Package,service,1,530.25,530.25,USD
O100142,2025-09-08T08:35:16,2025-09-08,C0233,Customer 0233,Mid-Market,SE,web,3,P110,Professional Subscription,subscription,1,80.13,80.13,USD
O100143,2025-09-08T13:02:14,2025-09-08,C0124,Customer 0124,SMB,SE,mobile,1,P120,Enterprise Subscription,subscription,1,194.84,194.84,USD
O100144,2025-09-08T19:16:37,2025-09-08,C0214,Customer 0214,Mid-Market,MW,web,1,P300,Implementation Package,service,1,489.30,489.30,USD
O100145,2025-09-08T09:42:14,2025-09-08,C0210,Customer 0210,SMB,NE,web,1,P100,Starter Subscription,subscription,1,28.91,28.91,USD
O100146,2025-09-08T14:38:36,2025-09-08,C0133,Customer 0133,Consumer,SW,mobile,1,P300,Implementation Package,service,1,524.65,524.65,USD
O100146,2025-09-08T14:38:36,2025-09-08,C0133,Customer 0133,Consumer,SW,mobile,2,P310,Training Package,service,1,320.40,320.40,USD
O100147,2025-09-08T17:04:14,2025-09-08,C0153,Customer 0153,Consumer,W,web,1,P100,Starter Subscription,subscription,1,27.62,27.62,USD
O100148,2025-09-08T20:30:50,2025-09-08,C0059,Customer 0059,Consumer,W,mobile,1,P310,Training Package,service,1,310.55,310.55,USD
O100149,2025-09-08T17:23:39,2025-09-08,C0109,Customer 0109,Mid-Market,W,web,1,P310,Training Package,service,1,294.85,294.85,USD
O100149,2025-09-08T17:23:39,2025-09-08,C0109,Customer 0109,Mid-Market,W,web,2,P110,Professional Subscription,subscription,1,82.59,82.59,USD
O100150,2025-09-09T19:43:45,2025-09-09,C0158,Customer 0158,SMB,W,web,1,P300,Implementation Package,service,1,459.50,459.50,USD
O100151,2025-09-09T12:45:38,2025-09-09,C0134,Customer 0134,SMB,SW,web,1,P110,Professional Subscription,subscription,1,78.93,78.93,USD
O100151,2025-09-09T12:45:38,2025-09-09,C0134,Customer 0134,SMB,SW,web,2,P300,Implementation Package,service,1,459.94,459.94,USD
O100152,2025-09-09T08:47:45,2025-09-09,C0133,Customer 0133,Consumer,SW,web,1,P120,Enterprise Subscription,subscription,1,206.20,206.20,USD
O100153,2025-09-09T19:28:24,2025-09-09,C0065,Customer 0065,Enterprise,NE,mobile,1,P310,Training Package,service,1,321.07,321.07,USD
O100153,2025-09-09T19:28:24,2025-09-09,C0065,Customer 0065,Enterprise,NE,mobile,2,P120,Enterprise Subscription,subscription,1,197.69,197.69,USD
O100154,2025-09-09T18:47:52,2025-09-09,C0103,Customer 0103,Consumer,NE,web,1,P110,Professional Subscription,subscription,1,78.70,78.70,USD
O100155,2025-09-09T18:31:39,2025-09-09,C0174,Customer 0174,Mid-Market,SW,web,1,P100,Starter Subscription,subscription,1,28.40,28.40,USD
O100155,2025-09-09T18:31:39,2025-09-09,C0174,Customer 0174,Mid-Market,SW,web,2,P200,Analytics Add-on,addon,1,38.95,38.95,USD
O100156,2025-09-09T08:43:13,2025-09-09,C0003,Customer 0003,Consumer,W,web,1,P120,Enterprise Subscription,subscription,1,202.59,202.59,USD
O100157,2025-09-09T09:46:17,2025-09-09,C0209,Customer 0209,SMB,NE,mobile,1,P310,Training Package,service,1,293.30,293.30,USD
O100158,2025-09-09T14:06:44,2025-09-09,C0013,Customer 0013,Consumer,W,web,1,P120,Enterprise Subscription,subscription,1,198.25,198.25,USD
O100159,2025-09-09T10:40:51,2025-09-09,C0223,Customer 0223,Consumer,MW,partner,1,P210,Automation Add-on,addon,2,58.10,116.20,USD
O100160,2025-09-09T17:33:28,2025-09-09,C0192,Customer 0192,Mid-Market,MW,web,1,P100,Starter Subscription,subscription,1,27.26,27.26,USD
O100161,2025-09-09T09:06:16,2025-09-09,C0196,Customer 0196,SMB,SW,mobile,1,P200,Analytics Add-on,addon,1,37.31,37.31,USD
O100162,2025-09-09T16:14:51,2025-09-09,C0124,Customer 0124,SMB,SE,web,1,P200,Analytics Add-on,addon,1,36.85,36.85,USD
O100163,2025-09-09T13:12:26,2025-09-09,C0141,Customer 0141,SMB,MW,partner,1,P110,Professional Subscription,subscription,1,74.74,74.74,USD
O100164,2025-09-09T13:01:09,2025-09-09,C0049,Customer 0049,Mid-Market,SE,web,1,P110,Professional Subscription,subscription,1,84.97,84.97,USD
O100165,2025-09-09T12:49:25,2025-09-09,C0015,Customer 0015,SMB,SW,web,1,P110,Professional Subscription,subscription,1,84.00,84.00,USD
O100166,2025-09-09T18:46:02,2025-09-09,C0041,Customer 0041,Consumer,NE,mobile,1,P100,Starter Subscription,subscription,1,27.86,27.86,USD
O100167,2025-09-09T17:21:59,2025-09-09,C0176,Customer 0176,Mid-Market,SW,partner,1,P100,Starter Subscription,subscription,1,28.33,28.33,USD
O100167,2025-09-09T17:21:59,2025-09-09,C0176,Customer 0176,Mid-Market,SW,partner,2,P310,Training Package,service,1,282.44,282.44,USD
O100168,2025-09-09T13:20:46,2025-09-09,C0140,Customer 0140,Consumer,NE,web,1,P210,Automation Add-on,addon,1,54.93,54.93,USD
O100168,2025-09-09T13:20:46,2025-09-09,C0140,Customer 0140,Consumer,NE,web,2,P310,Training Package,service,1,282.50,282.50,USD
O100169,2025-09-09T17:18:20,2025-09-09,C0040,Customer 0040,SMB,W,web,1,P100,Starter Subscription,subscription,1,29.11,29.11,USD
O100170,2025-09-10T19:37:16,2025-09-10,C0160,Customer 0160,Mid-Market,SE,web,1,P300,Implementation Package,service,1,464.74,464.74,USD
O100171,2025-09-10T11:33:06,2025-09-10,C0020,Customer 0020,SMB,MW,web,1,P200,Analytics Add-on,addon,1,37.09,37.09,USD
O100172,2025-09-10T13:35:20,2025-09-10,C0232,Customer 0232,Mid-Market,W,mobile,1,P300,Implementation Package,service,1,493.46,493.46,USD
O100173,2025-09-10T12:58:35,2025-09-10,C0211,Customer 0211,SMB,NE,web,1,P210,Automation Add-on,addon,1,55.17,55.17,USD
O100174,2025-09-10T17:52:58,2025-09-10,C0180,Customer 0180,SMB,SE,web,1,P100,Starter Subscription,subscription,1,30.43,30.43,USD
O100174,2025-09-10T17:52:58,2025-09-10,C0180,Customer 0180,SMB,SE,web,2,P300,Implementation Package,service,1,489.54,489.54,USD
O100175,2025-09-10T10:20:32,2025-09-10,C0145,Customer 0145,Mid-Market,W,mobile,1,P300,Implementation Package,service,1,517.49,517.49,USD
O100176,2025-09-10T20:44:08,2025-09-10,C0112,Customer 0112,SMB,NE,mobile,1,P110,Professional Subscription,subscription,1,78.85,78.85,USD
O100177,2025-09-10T20:28:39,2025-09-10,C0211,Customer 0211,SMB,NE,web,1,P310,Training Package,service,1,286.25,286.25,USD
O100178,2025-09-10T17:46:09,2025-09-10,C0124,Customer 0124,SMB,SE,mobile,1,P200,Analytics Add-on,addon,2,39.17,78.34,USD
O100178,2025-09-10T17:46:09,2025-09-10,C0124,Customer 0124,SMB,SE,mobile,2,P210,Automation Add-on,addon,1,55.89,55.89,USD
O100179,2025-09-10T09:57:20,2025-09-10,C0182,Customer 0182,Consumer,MW,web,1,P100,Starter Subscription,subscription,1,27.54,27.54,USD
O100180,2025-09-10T12:14:09,2025-09-10,C0143,Customer 0143,Consumer,MW,web,1,P110,Professional Subscription,subscription,1,73.79,73.79,USD
O100181,2025-09-10T10:19:44,2025-09-10,C0221,Customer 0221,Consumer,MW,mobile,1,P110,Professional Subscription,subscription,1,78.12,78.12,USD
O100182,2025-09-10T13:56:26,2025-09-10,C0196,Customer 0196,SMB,SW,partner,1,P300,Implementation Package,service,1,533.63,533.63,USD
O100183,2025-09-10T15:08:10,2025-09-10,C0126,Customer 0126,SMB,SE,web,1,P310,Training Package,service,1,321.43,321.43,USD
O100184,2025-09-10T14:46:20,2025-09-10,C0212,Customer 0212,SMB,SE,web,1,P210,Automation Add-on,addon,2,60.33,120.66,USD
O100184,2025-09-10T14:46:20,2025-09-10,C0212,Customer 0212,SMB,SE,web,2,P310,Training Package,service,1,308.76,308.76,USD
O100184,2025-09-10T14:46:20,2025-09-10,C0212,Customer 0212,SMB,SE,web,3,P300,Implementation Package,service,1,462.15,462.15,USD
O100185,2025-09-10T12:29:10,2025-09-10,C0199,Customer 0199,Consumer,W,web,1,P100,Starter Subscription,subscription,1,29.08,29.08,USD
O100185,2025-09-10T12:29:10,2025-09-10,C0199,Customer 0199,Consumer,W,web,2,P300,Implementation Package,service,1,470.44,470.44,USD
O100186,2025-09-10T19:07:05,2025-09-10,C0184,Customer 0184,SMB,MW,web,1,P120,Enterprise Subscription,subscription,1,185.80,185.80,USD
O100187,2025-09-10T12:00:29,2025-09-10,C0196,Customer 0196,SMB,SW,web,1,P310,Training Package,service,1,275.36,275.36,USD
O100188,2025-09-10T10:54:02,2025-09-10,C0010,Customer 0010,Consumer,MW,mobile,1,P120,Enterprise Subscription,subscription,1,212.39,212.39,USD
O100188,2025-09-10T10:54:02,2025-09-10,C0010,Customer 0010,Consumer,MW,mobile,2,P310,Training Package,service,1,277.43,277.43,USD
O100189,2025-09-10T09:44:55,2025-09-10,C0035,Customer 0035,SMB,SE,web,1,P210,Automation Add-on,addon,1,60.85,60.85,USD
O100190,2025-09-10T17:14:45,2025-09-10,C0227,Customer 0227,Mid-Market,MW,web,1,P100,Starter Subscription,subscription,1,26.79,26.79,USD
O100191,2025-09-11T08:53:11,2025-09-11,C0158,Customer 0158,SMB,W,web,1,P300,Implementation Package,service,1,532.23,532.23,USD
O100191,2025-09-11T08:53:11,2025-09-11,C0158,Customer 0158,SMB,W,web,2,P200,Analytics Add-on,addon,1,39.91,39.91,USD
O100192,2025-09-11T10:17:53,2025-09-11,C0017,Customer 0017,Enterprise,NE,web,1,P300,Implementation Package,service,1,504.67,504.67,USD
O100192,2025-09-11T10:17:53,2025-09-11,C0017,Customer 0017,Enterprise,NE,web,2,P210,Automation Add-on,addon,1,56.05,56.05,USD
O100192,2025-09-11T10:17:53,2025-09-11,C0017,Customer 0017,Enterprise,NE,web,3,P110,Professional Subscription,subscription,1,74.16,74.16,USD
O100193,2025-09-11T20:30:57,2025-09-11,C0007,Customer 0007,Consumer,W,web,1,P200,Analytics Add-on,addon,2,41.33,82.66,USD
O100194,2025-09-11T09:21:29,2025-09-11,C0224,Customer 0224,Mid-Market,MW,partner,1,P310,Training Package,service,1,306.61,306.61,USD
O100195,2025-09-11T16:22:35,2025-09-11,C0053,Customer 0053,SMB,SE,web,1,P300,Implementation Package,service,1,523.27,523.27,USD
O100196,2025-09-11T20:42:51,2025-09-11,C0183,Customer 0183,SMB,MW,web,1,P310,Training Package,service,1,281.39,281.39,USD
O100196,2025-09-11T20:42:51,2025-09-11,C0183,Customer 0183,SMB,MW,web,2,P200,Analytics Add-on,addon,2,38.80,77.60,USD
O100196,2025-09-11T20:42:51,2025-09-11,C0183,Customer 0183,SMB,MW,web,3,P210,Automation Add-on,addon,1,57.21,57.21,USD
O100197,2025-09-11T09:25:52,2025-09-11,C0131,Customer 0131,Consumer,SE,mobile,1,P210,Automation Add-on,addon,2,54.95,109.90,USD
O100198,2025-09-11T10:42:42,2025-09-11,C0061,Customer 0061,Consumer,MW,web,1,P210,Automation Add-on,addon,2,59.91,119.82,USD
O100198,2025-09-11T10:42:42,2025-09-11,C0061,Customer 0061,Consumer,MW,web,2,P200,Analytics Add-on,addon,1,39.34,39.34,USD
O100198,2025-09-11T10:42:42,2025-09-11,C0061,Customer 0061,Consumer,MW,web,3,P100,Starter Subscription,subscription,1,30.49,30.49,USD
O100199,2025-09-11T10:42:09,2025-09-11,C0194,Customer 0194,Consumer,W,web,1,P210,Automation Add-on,addon,2,58.50,117.00,USD
O100200,2025-09-11T12:03:23,2025-09-11,C0219,Customer 0219,Consumer,SE,partner,1,P100,Starter Subscription,subscription,1,30.49,30.49,USD
O100200,2025-09-11T12:03:23,2025-09-11,C0219,Customer 0219,Consumer,SE,partner,2,P300,Implementation Package,service,1,487.76,487.76,USD
O100200,2025-09-11T12:03:23,2025-09-11,C0219,Customer 0219,Consumer,SE,partner,3,P210,Automation Add-on,addon,1,62.45,62.45,USD
O100201,2025-09-11T14:09:18,2025-09-11,C0216,Customer 0216,Consumer,SE,partner,1,P110,Professional Subscription,subscription,1,73.59,73.59,USD
O100201,2025-09-11T14:09:18,2025-09-11,C0216,Customer 0216,Consumer,SE,partner,2,P100,Starter Subscription,subscription,1,26.75,26.75,USD
O100202,2025-09-11T19:15:45,2025-09-11,C0128,Customer 0128,Consumer,SE,web,1,P210,Automation Add-on,addon,2,57.74,115.48,USD
O100203,2025-09-11T18:42:04,2025-09-11,C0190,Customer 0190,Consumer,W,mobile,1,P210,Automation Add-on,addon,1,60.07,60.07,USD
O100204,2025-09-11T17:10:36,2025-09-11,C0122,Customer 0122,Consumer,W,web,1,P310,Training Package,service,1,276.39,276.39,USD
O100204,2025-09-11T17:10:36,2025-09-11,C0122,Customer 0122,Consumer,W,web,2,P300,Implementation Package,service,1,497.78,497.78,USD
O100204,2025-09-11T17:10:36,2025-09-11,C0122,Customer 0122,Consumer,W,web,3,P210,Automation Add-on,addon,1,59.05,59.05,USD
O100205,2025-09-11T09:09:38,2025-09-11,C0088,Customer 0088,Consumer,SE,partner,1,P200,Analytics Add-on,addon,1,40.69,40.69,USD
O100206,2025-09-11T19:48:59,2025-09-11,C0122,Customer 0122,Consumer,W,web,1,P300,Implementation Package,service,1,490.22,490.22,USD
O100207,2025-09-11T18:37:25,2025-09-11,C0066,Customer 0066,Consumer,NE,web,1,P110,Professional Subscription,subscription,1,81.17,81.17,USD
O100207,2025-09-11T18:37:25,2025-09-11,C0066,Customer 0066,Consumer,NE,web,2,P300,Implementation Package,service,1,520.60,520.60,USD
O100208,2025-09-11T11:38:40,2025-09-11,C0169,Customer 0169,Consumer,SW,web,1,P100,Starter Subscription,subscription,1,28.42,28.42,USD
O100208,2025-09-11T11:38:40,2025-09-11,C0169,Customer 0169,Consumer,SW,web,2,P210,Automation Add-on,addon,2,59.62,119.24,USD
O100208,2025-09-11T11:38:40,2025-09-11,C0169,Customer 0169,Consumer,SW,web,3,P110,Professional Subscription,subscription,1,84.90,84.90,USD
O100209,2025-09-11T20:03:24,2025-09-11,C0071,Customer 0071,Mid-Market,SW,web,1,P120,Enterprise Subscription,subscription,1,197.11,197.11,USD
O100209,2025-09-11T20:03:24,2025-09-11,C0071,Customer 0071,Mid-Market,SW,web,2,P310,Training Package,service,1,298.60,298.60,USD
O100209,2025-09-11T20:03:24,2025-09-11,C0071,Customer 0071,Mid-Market,SW,web,3,P110,Professional Subscription,subscription,1,84.42,84.42,USD
O100210,2025-09-11T12:09:44,2025-09-11,C0100,Customer 0100,Consumer,MW,web,1,P100,Starter Subscription,subscription,1,29.07,29.07,USD
O100211,2025-09-11T13:05:53,2025-09-11,C0137,Customer 0137,Mid-Market,NE,web,1,P300,Implementation Package,service,1,473.18,473.18,USD
O100211,2025-09-11T13:05:53,2025-09-11,C0137,Customer 0137,Mid-Market,NE,web,2,P110,Professional Subscription,subscription,1,73.18,73.18,USD
O100212,2025-09-11T14:04:50,2025-09-11,C0126,Customer 0126,SMB,SE,web,1,P210,Automation Add-on,addon,1,63.40,63.40,USD
O100213,2025-09-11T19:09:31,2025-09-11,C0010,Customer 0010,Consumer,MW,mobile,1,P210,Automation Add-on,addon,1,56.57,56.57,USD
O100214,2025-09-11T16:08:20,2025-09-11,C0148,Customer 0148,Consumer,SE,mobile,1,P310,Training Package,service,1,303.45,303.45,USD
O100214,2025-09-11T16:08:20,2025-09-11,C0148,Customer 0148,Consumer,SE,mobile,2,P100,Starter Subscription,subscription,1,28.24,28.24,USD
O100215,2025-09-12T08:00:11,2025-09-12,C0021,Customer 0021,Mid-Market,SE,partner,1,P210,Automation Add-on,addon,1,60.83,60.83,USD
O100215,2025-09-12T08:00:11,2025-09-12,C0021,Customer 0021,Mid-Market,SE,partner,2,P120,Enterprise Subscription,subscription,1,208.30,208.30,USD
O100216,2025-09-12T16:15:12,2025-09-12,C0002,Customer 0002,SMB,SE,web,1,P100,Starter Subscription,subscription,1,29.55,29.55,USD
O100217,2025-09-12T19:03:59,2025-09-12,C0027,Customer 0027,Consumer,MW,web,1,P100,Starter Subscription,subscription,1,28.93,28.93,USD
O100218,2025-09-12T19:26:55,2025-09-12,C0061,Customer 0061,Consumer,MW,web,1,P100,Starter Subscription,subscription,1,29.39,29.39,USD
O100218,2025-09-12T19:26:55,2025-09-12,C0061,Customer 0061,Consumer,MW,web,2,P200,Analytics Add-on,addon,1,41.44,41.44,USD
O100219,2025-09-12T15:29:26,2025-09-12,C0029,Customer 0029,Consumer,MW,web,1,P120,Enterprise Subscription,subscription,1,202.30,202.30,USD
O100220,2025-09-12T17:57:00,2025-09-12,C0039,Customer 0039,Mid-Market,SW,web,1,P200,Analytics Add-on,addon,2,40.68,81.36,USD
O100221,2025-09-12T08:30:42,2025-09-12,C0024,Customer 0024,SMB,SW,web,1,P310,Training Package,service,1,310.83,310.83,USD
O100221,2025-09-12T08:30:42,2025-09-12,C0024,Customer 0024,SMB,SW,web,2,P210,Automation Add-on,addon,1,63.50,63.50,USD
O100222,2025-09-12T17:50:13,2025-09-12,C0139,Customer 0139,Consumer,W,mobile,1,P120,Enterprise Subscription,subscription,1,206.51,206.51,USD
O100223,2025-09-12T13:15:34,2025-09-12,C0036,Customer 0036,Mid-Market,NE,web,1,P310,Training Package,service,1,302.83,302.83,USD
O100224,2025-09-12T09:12:57,2025-09-12,C0208,Customer 0208,Consumer,NE,partner,1,P200,Analytics Add-on,addon,1,37.68,37.68,USD
O100225,2025-09-12T19:41:01,2025-09-12,C0114,Customer 0114,Consumer,MW,web,1,P310,Training Package,service,1,313.45,313.45,USD
O100226,2025-09-12T10:45:34,2025-09-12,C0159,Customer 0159,Consumer,SW,web,1,P310,Training Package,service,1,282.79,282.79,USD
O100226,2025-09-12T10:45:34,2025-09-12,C0159,Customer 0159,Consumer,SW,web,2,P300,Implementation Package,service,1,468.41,468.41,USD
O100226,2025-09-12T10:45:34,2025-09-12,C0159,Customer 0159,Consumer,SW,web,3,P110,Professional Subscription,subscription,1,85.24,85.24,USD
O100227,2025-09-12T13:41:45,2025-09-12,C0130,Customer 0130,SMB,MW,web,1,P310,Training Package,service,1,306.98,306.98,USD
O100227,2025-09-12T13:41:45,2025-09-12,C0130,Customer 0130,SMB,MW,web,2,P210,Automation Add-on,addon,2,61.16,122.32,USD
O100228,2025-09-12T20:59:49,2025-09-12,C0057,Customer 0057,Mid-Market,W,web,1,P210,Automation Add-on,addon,1,60.67,60.67,USD
O100229,2025-09-12T15:55:35,2025-09-12,C0079,Customer 0079,SMB,SE,web,1,P200,Analytics Add-on,addon,1,40.89,40.89,USD
O100229,2025-09-12T15:55:35,2025-09-12,C0079,Customer 0079,SMB,SE,web,2,P300,Implementation Package,service,1,482.12,482.12,USD
O100230,2025-09-12T10:12:11,2025-09-12,C0194,Customer 0194,Consumer,W,mobile,1,P200,Analytics Add-on,addon,1,41.01,41.01,USD
O100231,2025-09-12T08:07:48,2025-09-12,C0063,Customer 0063,SMB,NE,web,1,P100,Starter Subscription,subscription,1,29.38,29.38,USD
O100231,2025-09-12T08:07:48,2025-09-12,C0063,Customer 0063,SMB,NE,web,2,P210,Automation Add-on,addon,2,58.40,116.80,USD
O100231,2025-09-12T08:07:48,2025-09-12,C0063,Customer 0063,SMB,NE,web,3,P120,Enterprise Subscription,subscription,1,191.29,191.29,USD
O100232,2025-09-12T12:33:40,2025-09-12,C0075,Customer 0075,Consumer,NE,partner,1,P310,Training Package,service,1,305.12,305.12,USD
O100233,2025-09-12T15:26:21,2025-09-12,C0200,Customer 0200,Consumer,W,partner,1,P110,Professional Subscription,subscription,1,74.63,74.63,USD
O100234,2025-09-12T13:08:52,2025-09-12,C0177,Customer 0177,Consumer,W,web,1,P210,Automation Add-on,addon,2,57.16,114.32,USD
O100234,2025-09-12T13:08:52,2025-09-12,C0177,Customer 0177,Consumer,W,web,2,P120,Enterprise Subscription,subscription,1,206.78,206.78,USD
O100234,2025-09-12T13:08:52,2025-09-12,C0177,Customer 0177,Consumer,W,web,3,P110,Professional Subscription,subscription,1,74.18,74.18,USD
O100235,2025-09-12T11:06:02,2025-09-12,C0011,Customer 0011,SMB,MW,mobile,1,P100,Starter Subscription,subscription,1,28.86,28.86,USD
O100236,2025-09-12T19:39:15,2025-09-12,C0200,Customer 0200,Consumer,W,web,1,P310,Training Package,service,1,302.74,302.74,USD
O100237,2025-09-12T14:13:32,2025-09-12,C0098,Customer 0098,SMB,W,web,1,P120,Enterprise Subscription,subscription,1,187.02,187.02,USD
O100238,2025-09-13T15:14:35,2025-09-13,C0216,Customer 0216,Consumer,SE,web,1,P200,Analytics Add-on,addon,1,41.74,41.74,USD
O100238,2025-09-13T15:14:35,2025-09-13,C0216,Customer 0216,Consumer,SE,web,2,P110,Professional Subscription,subscription,1,77.32,77.32,USD
O100238,2025-09-13T15:14:35,2025-09-13,C0216,Customer 0216,Consumer,SE,web,3,P100,Starter Subscription,subscription,1,26.74,26.74,USD
O100239,2025-09-13T12:48:50,2025-09-13,C0152,Customer 0152,Consumer,MW,mobile,1,P120,Enterprise Subscription,subscription,1,213.33,213.33,USD
O100239,2025-09-13T12:48:50,2025-09-13,C0152,Customer 0152,Consumer,MW,mobile,2,P200,Analytics Add-on,addon,1,39.07,39.07,USD
O100239,2025-09-13T12:48:50,2025-09-13,C0152,Customer 0152,Consumer,MW,mobile,3,P210,Automation Add-on,addon,1,61.53,61.53,USD
O100240,2025-09-13T18:20:09,2025-09-13,C0155,Customer 0155,Consumer,SE,web,1,P310,Training Package,service,1,306.71,306.71,USD
O100240,2025-09-13T18:20:09,2025-09-13,C0155,Customer 0155,Consumer,SE,web,2,P100,Starter Subscription,subscription,1,29.09,29.09,USD
O100241,2025-09-13T20:19:56,2025-09-13,C0169,Customer 0169,Consumer,SW,mobile,1,P110,Professional Subscription,subscription,1,76.63,76.63,USD
O100242,2025-09-13T08:01:37,2025-09-13,C0083,Customer 0083,Mid-Market,SW,web,1,P120,Enterprise Subscription,subscription,1,201.67,201.67,USD
O100242,2025-09-13T08:01:37,2025-09-13,C0083,Customer 0083,Mid-Market,SW,web,2,P300,Implementation Package,service,1,520.17,520.17,USD
O100243,2025-09-13T08:44:30,2025-09-13,C0069,Customer 0069,Consumer,SE,mobile,1,P200,Analytics Add-on,addon,1,39.45,39.45,USD
O100243,2025-09-13T08:44:30,2025-09-13,C0069,Customer 0069,Consumer,SE,mobile,2,P210,Automation Add-on,addon,1,55.22,55.22,USD
O100243,2025-09-13T08:44:30,2025-09-13,C0069,Customer 0069,Consumer,SE,mobile,3,P310,Training Package,service,1,307.38,307.38,USD
O100244,2025-09-13T20:14:39,2025-09-13,C0103,Customer 0103,Consumer,NE,mobile,1,P310,Training Package,service,1,302.74,302.74,USD
O100245,2025-09-13T16:55:11,2025-09-13,C0181,Customer 0181,SMB,W,mobile,1,P310,Training Package,service,1,310.59,310.59,USD
O100246,2025-09-13T11:54:26,2025-09-13,C0163,Customer 0163,Consumer,MW,web,1,P110,Professional Subscription,subscription,1,75.92,75.92,USD
O100247,2025-09-13T17:19:55,2025-09-13,C0081,Customer 0081,SMB,W,web,1,P120,Enterprise Subscription,subscription,1,195.72,195.72,USD
O100247,2025-09-13T17:19:55,2025-09-13,C0081,Customer 0081,SMB,W,web,2,P300,Implementation Package,service,1,526.13,526.13,USD
O100247,2025-09-13T17:19:55,2025-09-13,C0081,Customer 0081,SMB,W,web,3,P100,Starter Subscription,subscription,1,30.59,30.59,USD
O100248,2025-09-13T19:47:15,2025-09-13,C0207,Customer 0207,Consumer,SW,partner,1,P100,Starter Subscription,subscription,1,27.49,27.49,USD
O100249,2025-09-13T19:42:51,2025-09-13,C0009,Customer 0009,Consumer,NE,partner,1,P310,Training Package,service,1,286.55,286.55,USD
O100249,2025-09-13T19:42:51,2025-09-13,C0009,Customer 0009,Consumer,NE,partner,2,P300,Implementation Package,service,1,503.21,503.21,USD
O100250,2025-09-13T13:56:51,2025-09-13,C0162,Customer 0162,SMB,W,mobile,1,P100,Starter Subscription,subscription,1,27.95,27.95,USD
O100251,2025-09-13T13:29:44,2025-09-13,C0189,Customer 0189,SMB,SW,web,1,P300,Implementation Package,service,1,473.75,473.75,USD
O100252,2025-09-13T15:55:47,2025-09-13,C0116,Customer 0116,Mid-Market,NE,web,1,P210,Automation Add-on,addon,1,61.83,61.83,USD
O100253,2025-09-13T14:38:16,2025-09-13,C0159,Customer 0159,Consumer,SW,web,1,P110,Professional Subscription,subscription,1,72.86,72.86,USD
O100253,2025-09-13T14:38:16,2025-09-13,C0159,Customer 0159,Consumer,SW,web,2,P210,Automation Add-on,addon,2,58.39,116.78,USD
O100253,2025-09-13T14:38:16,2025-09-13,C0159,Customer 0159,Consumer,SW,web,3,P100,Starter Subscription,subscription,1,30.95,30.95,USD
O100254,2025-09-13T20:09:01,2025-09-13,C0105,Customer 0105,SMB,SE,web,1,P210,Automation Add-on,addon,1,62.85,62.85,USD
O100255,2025-09-13T18:51:38,2025-09-13,C0156,Customer 0156,Enterprise,SW,mobile,1,P100,Starter Subscription,subscription,1,29.02,29.02,USD
O100255,2025-09-13T18:51:38,2025-09-13,C0156,Customer 0156,Enterprise,SW,mobile,2,P120,Enterprise Subscription,subscription,1,195.21,195.21,USD
O100256,2025-09-13T13:02:08,2025-09-13,C0030,Customer 0030,Consumer,SW,web,1,P120,Enterprise Subscription,subscription,1,212.57,212.57,USD
O100256,2025-09-13T13:02:08,2025-09-13,C0030,Customer 0030,Consumer,SW,web,2,P300,Implementation Package,service,1,481.67,481.67,USD
O100256,2025-09-13T13:02:08,2025-09-13,C0030,Customer 0030,Consumer,SW,web,3,P310,Training Package,service,1,317.03,317.03,USD
O100257,2025-09-14T19:35:31,2025-09-14,C0092,Customer 0092,Mid-Market,W,web,1,P300,Implementation Package,service,1,528.29,528.29,USD
O100258,2025-09-14T14:58:04,2025-09-14,C0047,Customer 0047,Consumer,MW,web,1,P100,Starter Subscription,subscription,1,30.80,30.80,USD
O100259,2025-09-14T18:00:21,2025-09-14,C0153,Customer 0153,Consumer,W,partner,1,P200,Analytics Add-on,addon,2,42.12,84.24,USD
O100259,2025-09-14T18:00:21,2025-09-14,C0153,Customer 0153,Consumer,W,partner,2,P120,Enterprise Subscription,subscription,1,211.96,211.96,USD
O100260,2025-09-14T12:31:51,2025-09-14,C0031,Customer 0031,Mid-Market,MW,web,1,P120,Enterprise Subscription,subscription,1,202.30,202.30,USD
O100260,2025-09-14T12:31:51,2025-09-14,C0031,Customer 0031,Mid-Market,MW,web,2,P300,Implementation Package,service,1,487.75,487.75,USD
O100261,2025-09-14T08:32:21,2025-09-14,C0024,Customer 0024,SMB,SW,partner,1,P300,Implementation Package,service,1,516.06,516.06,USD
O100261,2025-09-14T08:32:21,2025-09-14,C0024,Customer 0024,SMB,SW,partner,2,P310,Training Package,service,1,319.60,319.60,USD
O100262,2025-09-14T17:52:16,2025-09-14,C0185,Customer 0185,SMB,SE,web,1,P310,Training Package,service,1,299.16,299.16,USD
O100263,2025-09-14T20:11:13,2025-09-14,C0236,Customer 0236,Consumer,MW,web,1,P210,Automation Add-on,addon,2,55.28,110.56,USD
O100263,2025-09-14T20:11:13,2025-09-14,C0236,Customer 0236,Consumer,MW,web,2,P120,Enterprise Subscription,subscription,1,200.09,200.09,USD
O100264,2025-09-14T18:44:43,2025-09-14,C0177,Customer 0177,Consumer,W,web,1,P110,Professional Subscription,subscription,1,74.39,74.39,USD
O100265,2025-09-14T15:27:01,2025-09-14,C0038,Customer 0038,Mid-Market,NE,web,1,P300,Implementation Package,service,1,536.04,536.04,USD
O100265,2025-09-14T15:27:01,2025-09-14,C0038,Customer 0038,Mid-Market,NE,web,2,P310,Training Package,service,1,297.64,297.64,USD
O100265,2025-09-14T15:27:01,2025-09-14,C0038,Customer 0038,Mid-Market,NE,web,3,P200,Analytics Add-on,addon,1,39.53,39.53,USD
O100266,2025-09-14T16:18:02,2025-09-14,C0188,Customer 0188,Mid-Market,SW,web,1,P210,Automation Add-on,addon,2,60.05,120.10,USD
O100267,2025-09-14T18:21:58,2025-09-14,C0151,Customer 0151,Consumer,W,mobile,1,P300,Implementation Package,service,1,469.55,469.55,USD
O100267,2025-09-14T18:21:58,2025-09-14,C0151,Customer 0151,Consumer,W,mobile,2,P200,Analytics Add-on,addon,1,40.39,40.39,USD
O100268,2025-09-14T12:15:13,2025-09-14,C0127,Customer 0127,SMB,W,mobile,1,P120,Enterprise Subscription,subscription,1,204.63,204.63,USD
O100268,2025-09-14T12:15:13,2025-09-14,C0127,Customer 0127,SMB,W,mobile,2,P310,Training Package,service,1,283.44,283.44,USD
O100268,2025-09-14T12:15:13,2025-09-14,C0127,Customer 0127,SMB,W,mobile,3,P300,Implementation Package,service,1,527.70,527.70,USD
O100269,2025-09-14T20:39:39,2025-09-14,C0028,Customer 0028,SMB,SE,mobile,1,P310,Training Package,service,1,299.35,299.35,USD
O100269,2025-09-14T20:39:39,2025-09-14,C0028,Customer 0028,SMB,SE,mobile,2,P210,Automation Add-on,addon,1,60.23,60.23,USD
O100269,2025-09-14T20:39:39,2025-09-14,C0028,Customer 0028,SMB,SE,mobile,3,P100,Starter Subscription,subscription,1,30.72,30.72,USD
O100270,2025-09-14T12:32:10,2025-09-14,C0088,Customer 0088,Consumer,SE,web,1,P310,Training Package,service,1,294.93,294.93,USD
O100271,2025-09-15T10:57:36,2025-09-15,C0165,Customer 0165,Mid-Market,SE,web,1,P300,Implementation Package,service,1,529.00,529.00,USD
O100271,2025-09-15T10:57:36,2025-09-15,C0165,Customer 0165,Mid-Market,SE,web,2,P310,Training Package,service,1,321.61,321.61,USD
O100272,2025-09-15T13:56:51,2025-09-15,C0179,Customer 0179,Consumer,SW,mobile,1,P110,Professional Subscription,subscription,1,83.82,83.82,USD
O100273,2025-09-15T12:15:53,2025-09-15,C0152,Customer 0152,Consumer,MW,mobile,1,P210,Automation Add-on,addon,2,54.85,109.70,USD
O100273,2025-09-15T12:15:53,2025-09-15,C0152,Customer 0152,Consumer,MW,mobile,2,P100,Starter Subscription,subscription,1,28.41,28.41,USD
O100274,2025-09-15T09:09:45,2025-09-15,C0117,Customer 0117,Consumer,MW,web,1,P100,Starter Subscription,subscription,1,26.97,26.97,USD
O100275,2025-09-15T14:52:10,2025-09-15,C0188,Customer 0188,Mid-Market,SW,web,1,P300,Implementation Package,service,1,495.62,495.62,USD
O100276,2025-09-15T08:50:09,2025-09-15,C0125,Customer 0125,Mid-Market,NE,web,1,P100,Starter Subscription,subscription,1,31.03,31.03,USD
O100277,2025-09-15T20:08:32,2025-09-15,C0034,Customer 0034,Consumer,SW,mobile,1,P300,Implementation Package,service,1,470.97,470.97,USD
O100277,2025-09-15T20:08:32,2025-09-15,C0034,Customer 0034,Consumer,SW,mobile,2,P200,Analytics Add-on,addon,2,37.91,75.82,USD
O100278,2025-09-15T16:12:48,2025-09-15,C0146,Customer 0146,SMB,SW,web,1,P100,Starter Subscription,subscription,1,31.02,31.02,USD
O100278,2025-09-15T16:12:48,2025-09-15,C0146,Customer 0146,SMB,SW,web,2,P300,Implementation Package,service,1,473.43,473.43,USD
O100279,2025-09-15T16:20:24,2025-09-15,C0007,Customer 0007,Consumer,W,web,1,P100,Starter Subscription,subscription,1,29.19,29.19,USD
O100280,2025-09-15T14:52:57,2025-09-15,C0067,Customer 0067,SMB,NE,web,1,P310,Training Package,service,1,303.64,303.64,USD
O100281,2025-09-15T17:43:06,2025-09-15,C0142,Customer 0142,SMB,SW,web,1,P310,Training Package,service,1,281.09,281.09,USD
O100282,2025-09-15T13:53:40,2025-09-15,C0098,Customer 0098,SMB,W,web,1,P120,Enterprise Subscription,subscription,1,188.22,188.22,USD
O100282,2025-09-15T13:53:40,2025-09-15,C0098,Customer 0098,SMB,W,web,2,P100,Starter Subscription,subscription,1,29.16,29.16,USD
O100283,2025-09-15T18:20:21,2025-09-15,C0063,Customer 0063,SMB,NE,web,1,P120,Enterprise Subscription,subscription,1,203.66,203.66,USD
O100283,2025-09-15T18:20:21,2025-09-15,C0063,Customer 0063,SMB,NE,web,2,P100,Starter Subscription,subscription,1,26.69,26.69,USD
O100283,2025-09-15T18:20:21,2025-09-15,C0063,Customer 0063,SMB,NE,web,3,P110,Professional Subscription,subscription,1,78.70,78.70,USD
O100284,2025-09-15T18:07:22,2025-09-15,C0114,Customer 0114,Consumer,MW,partner,1,P210,Automation Add-on,addon,1,57.93,57.93,USD
O100285,2025-09-15T18:25:07,2025-09-15,C0051,Customer 0051,Enterprise,SW,partner,1,P200,Analytics Add-on,addon,1,39.32,39.32,USD
O100286,2025-09-15T18:41:03,2025-09-15,C0165,Customer 0165,Mid-Market,SE,partner,1,P310,Training Package,service,1,322.69,322.69,USD
O100287,2025-09-15T09:58:15,2025-09-15,C0109,Customer 0109,Mid-Market,W,web,1,P100,Starter Subscription,subscription,1,29.58,29.58,USD
O100288,2025-09-16T09:49:38,2025-09-16,C0061,Customer 0061,Consumer,MW,mobile,1,P300,Implementation Package,service,1,505.30,505.30,USD
O100288,2025-09-16T09:49:38,2025-09-16,C0061,Customer 0061,Consumer,MW,mobile,2,P200,Analytics Add-on,addon,1,41.96,41.96,USD
O100289,2025-09-16T14:25:06,2025-09-16,C0218,Customer 0218,Enterprise,SW,mobile,1,P310,Training Package,service,1,303.76,303.76,USD
O100290,2025-09-16T18:32:16,2025-09-16,C0033,Customer 0033,SMB,W,web,1,P210,Automation Add-on,addon,1,56.04,56.04,USD
O100291,2025-09-16T13:00:33,2025-09-16,C0075,Customer 0075,Consumer,NE,mobile,1,P100,Starter Subscription,subscription,1,29.03,29.03,USD
O100291,2025-09-16T13:00:33,2025-09-16,C0075,Customer 0075,Consumer,NE,mobile,2,P110,Professional Subscription,subscription,1,83.24,83.24,USD
O100292,2025-09-16T17:36:21,2025-09-16,C0085,Customer 0085,Mid-Market,SW,mobile,1,P110,Professional Subscription,subscription,1,74.01,74.01,USD
O100293,2025-09-16T10:52:00,2025-09-16,C0103,Customer 0103,Consumer,NE,web,1,P100,Starter Subscription,subscription,1,29.25,29.25,USD
O100294,2025-09-16T16:15:11,2025-09-16,C0087,Customer 0087,Mid-Market,W,web,1,P120,Enterprise Subscription,subscription,1,212.08,212.08,USD
O100295,2025-09-16T14:56:45,2025-09-16,C0226,Customer 0226,Consumer,SW,web,1,P110,Professional Subscription,subscription,1,82.73,82.73,USD
O100296,2025-09-16T18:50:17,2025-09-16,C0014,Customer 0014,Consumer,SW,partner,1,P210,Automation Add-on,addon,1,61.15,61.15,USD
O100296,2025-09-16T18:50:17,2025-09-16,C0014,Customer 0014,Consumer,SW,partner,2,P200,Analytics Add-on,addon,1,40.82,40.82,USD
O100297,2025-09-16T11:28:55,2025-09-16,C0230,Customer 0230,Enterprise,MW,web,1,P200,Analytics Add-on,addon,1,39.45,39.45,USD
O100298,2025-09-16T12:24:01,2025-09-16,C0082,Customer 0082,Consumer,SE,web,1,P300,Implementation Package,service,1,465.14,465.14,USD
O100299,2025-09-16T19:52:49,2025-09-16,C0078,Customer 0078,Mid-Market,SW,mobile,1,P300,Implementation Package,service,1,507.31,507.31,USD
O100300,2025-09-16T18:32:48,2025-09-16,C0121,Customer 0121,SMB,NE,partner,1,P110,Professional Subscription,subscription,1,81.82,81.82,USD
O100300,2025-09-16T18:32:48,2025-09-16,C0121,Customer 0121,SMB,NE,partner,2,P310,Training Package,service,1,285.12,285.12,USD
O100301,2025-09-16T10:19:47,2025-09-16,C0148,Customer 0148,Consumer,SE,web,1,P310,Training Package,service,1,291.34,291.34,USD
O100301,2025-09-16T10:19:47,2025-09-16,C0148,Customer 0148,Consumer,SE,web,2,P120,Enterprise Subscription,subscription,1,196.43,196.43,USD
O100302,2025-09-16T12:05:10,2025-09-16,C0230,Customer 0230,Enterprise,MW,web,1,P100,Starter Subscription,subscription,1,30.51,30.51,USD
O100303,2025-09-16T11:08:55,2025-09-16,C0232,Customer 0232,Mid-Market,W,web,1,P300,Implementation Package,service,1,512.16,512.16,USD
O100304,2025-09-16T13:58:36,2025-09-16,C0135,Customer 0135,Mid-Market,SE,partner,1,P210,Automation Add-on,addon,1,61.24,61.24,USD
O100305,2025-09-16T18:34:18,2025-09-16,C0071,Customer 0071,Mid-Market,SW,mobile,1,P300,Implementation Package,service,1,516.76,516.76,USD
O100306,2025-09-17T09:40:44,2025-09-17,C0007,Customer 0007,Consumer,W,mobile,1,P120,Enterprise Subscription,subscription,1,206.83,206.83,USD
O100307,2025-09-17T12:53:10,2025-09-17,C0211,Customer 0211,SMB,NE,web,1,P100,Starter Subscription,subscription,1,27.50,27.50,USD
O100308,2025-09-17T11:28:44,2025-09-17,C0137,Customer 0137,Mid-Market,NE,web,1,P210,Automation Add-on,addon,2,61.04,122.08,USD
O100308,2025-09-17T11:28:44,2025-09-17,C0137,Customer 0137,Mid-Market,NE,web,2,P300,Implementation Package,service,1,530.70,530.70,USD
O100309,2025-09-17T18:10:46,2025-09-17,C0205,Customer 0205,Consumer,SW,web,1,P100,Starter Subscription,subscription,1,30.46,30.46,USD
O100310,2025-09-17T11:04:42,2025-09-17,C0118,Customer 0118,SMB,SE,mobile,1,P120,Enterprise Subscription,subscription,1,185.22,185.22,USD
O100310,2025-09-17T11:04:42,2025-09-17,C0118,Customer 0118,SMB,SE,mobile,2,P100,Starter Subscription,subscription,1,27.69,27.69,USD
O100311,2025-09-17T09:21:01,2025-09-17,C0124,Customer 0124,SMB,SE,mobile,1,P200,Analytics Add-on,addon,2,39.88,79.76,USD
O100312,2025-09-17T10:23:31,2025-09-17,C0016,Customer 0016,Enterprise,W,web,1,P110,Professional Subscription,subscription,1,80.80,80.80,USD
O100313,2025-09-17T19:21:21,2025-09-17,C0217,Customer 0217,SMB,NE,web,1,P300,Implementation Package,service,1,537.99,537.99,USD
O100314,2025-09-17T10:46:12,2025-09-17,C0080,Customer 0080,Mid-Market,W,web,1,P110,Professional Subscription,subscription,1,76.51,76.51,USD
O100315,2025-09-17T19:11:16,2025-09-17,C0142,Customer 0142,SMB,SW,web,1,P120,Enterprise Subscription,subscription,1,195.02,195.02,USD
O100316,2025-09-17T17:10:12,2025-09-17,C0099,Customer 0099,Enterprise,MW,mobile,1,P310,Training Package,service,1,299.46,299.46,USD
O100316,2025-09-17T17:10:12,2025-09-17,C0099,Customer 0099,Enterprise,MW,mobile,2,P300,Implementation Package,service,1,498.09,498.09,USD
O100316,2025-09-17T17:10:12,2025-09-17,C0099,Customer 0099,Enterprise,MW,mobile,3,P120,Enterprise Subscription,subscription,1,205.00,205.00,USD
O100317,2025-09-17T09:33:58,2025-09-17,C0151,Customer 0151,Consumer,W,web,1,P310,Training Package,service,1,295.50,295.50,USD
O100318,2025-09-17T16:26:41,2025-09-17,C0107,Customer 0107,Consumer,MW,web,1,P110,Professional Subscription,subscription,1,77.42,77.42,USD
O100319,2025-09-17T18:48:06,2025-09-17,C0125,Customer 0125,Mid-Market,NE,web,1,P100,Starter Subscription,subscription,1,29.77,29.77,USD
O100320,2025-09-17T11:23:42,2025-09-17,C0210,Customer 0210,SMB,NE,web,1,P120,Enterprise Subscription,subscription,1,208.75,208.75,USD
O100320,2025-09-17T11:23:42,2025-09-17,C0210,Customer 0210,SMB,NE,web,2,P310,Training Package,service,1,275.23,275.23,USD
O100321,2025-09-17T08:51:47,2025-09-17,C0224,Customer 0224,Mid-Market,MW,web,1,P210,Automation Add-on,addon,1,58.06,58.06,USD
O100322,2025-09-17T15:07:30,2025-09-17,C0044,Customer 0044,SMB,NE,mobile,1,P110,Professional Subscription,subscription,1,74.83,74.83,USD
O100323,2025-09-17T13:24:58,2025-09-17,C0165,Customer 0165,Mid-Market,SE,mobile,1,P200,Analytics Add-on,addon,2,40.78,81.56,USD
O100323,2025-09-17T13:24:58,2025-09-17,C0165,Customer 0165,Mid-Market,SE,mobile,2,P300,Implementation Package,service,1,536.23,536.23,USD
O100324,2025-09-18T14:27:20,2025-09-18,C0049,Customer 0049,Mid-Market,SE,mobile,1,P310,Training Package,service,1,299.94,299.94,USD
O100324,2025-09-18T14:27:20,2025-09-18,C0049,Customer 0049,Mid-Market,SE,mobile,2,P110,Professional Subscription,subscription,1,80.28,80.28,USD
O100325,2025-09-18T17:20:19,2025-09-18,C0009,Customer 0009,Consumer,NE,web,1,P120,Enterprise Subscription,subscription,1,201.36,201.36,USD
O100325,2025-09-18T17:20:19,2025-09-18,C0009,Customer 0009,Consumer,NE,web,2,P300,Implementation Package,service,1,509.47,509.47,USD
O100326,2025-09-18T18:58:54,2025-09-18,C0209,Customer 0209,SMB,NE,web,1,P200,Analytics Add-on,addon,1,38.52,38.52,USD
O100327,2025-09-18T10:13:13,2025-09-18,C0075,Customer 0075,Consumer,NE,mobile,1,P300,Implementation Package,service,1,459.81,459.81,USD
O100328,2025-09-18T19:38:11,2025-09-18,C0078,Customer 0078,Mid-Market,SW,mobile,1,P300,Implementation Package,service,1,538.21,538.21,USD
O100329,2025-09-18T14:19:36,2025-09-18,C0180,Customer 0180,SMB,SE,web,1,P300,Implementation Package,service,1,531.65,531.65,USD
O100330,2025-09-18T17:13:41,2025-09-18,C0033,Customer 0033,SMB,W,web,1,P310,Training Package,service,1,311.11,311.11,USD
O100331,2025-09-18T10:36:31,2025-09-18,C0114,Customer 0114,Consumer,MW,mobile,1,P120,Enterprise Subscription,subscription,1,202.38,202.38,USD
O100332,2025-09-18T15:05:16,2025-09-18,C0103,Customer 0103,Consumer,NE,mobile,1,P110,Professional Subscription,subscription,1,73.57,73.57,USD
O100332,2025-09-18T15:05:16,2025-09-18,C0103,Customer 0103,Consumer,NE,mobile,2,P210,Automation Add-on,addon,2,56.82,113.64,USD
O100332,2025-09-18T15:05:16,2025-09-18,C0103,Customer 0103,Consumer,NE,mobile,3,P310,Training Package,service,1,305.37,305.37,USD
O100333,2025-09-18T12:09:55,2025-09-18,C0200,Customer 0200,Consumer,W,mobile,1,P100,Starter Subscription,subscription,1,28.43,28.43,USD
O100334,2025-09-18T09:57:03,2025-09-18,C0156,Customer 0156,Enterprise,SW,web,1,P200,Analytics Add-on,addon,2,40.11,80.22,USD
O100334,2025-09-18T09:57:03,2025-09-18,C0156,Customer 0156,Enterprise,SW,web,2,P110,Professional Subscription,subscription,1,82.65,82.65,USD
O100334,2025-09-18T09:57:03,2025-09-18,C0156,Customer 0156,Enterprise,SW,web,3,P120,Enterprise Subscription,subscription,1,200.65,200.65,USD
O100335,2025-09-18T12:17:27,2025-09-18,C0129,Customer 0129,Consumer,SE,web,1,P310,Training Package,service,1,289.68,289.68,USD
O100335,2025-09-18T12:17:27,2025-09-18,C0129,Customer 0129,Consumer,SE,web,2,P110,Professional Subscription,subscription,1,83.52,83.52,USD
O100336,2025-09-18T19:08:30,2025-09-18,C0239,Customer 0239,Mid-Market,W,web,1,P300,Implementation Package,service,1,514.80,514.80,USD
O100336,2025-09-18T19:08:30,2025-09-18,C0239,Customer 0239,Mid-Market,W,web,2,P210,Automation Add-on,addon,1,54.41,54.41,USD
O100337,2025-09-18T09:23:53,2025-09-18,C0045,Customer 0045,Consumer,MW,web,1,P100,Starter Subscription,subscription,1,28.64,28.64,USD
O100338,2025-09-18T08:59:29,2025-09-18,C0132,Customer 0132,SMB,NE,partner,1,P100,Starter Subscription,subscription,1,26.71,26.71,USD
O100338,2025-09-18T08:59:29,2025-09-18,C0132,Customer 0132,SMB,NE,partner,2,P120,Enterprise Subscription,subscription,1,197.74,197.74,USD
O100339,2025-09-18T14:23:19,2025-09-18,C0121,Customer 0121,SMB,NE,web,1,P210,Automation Add-on,addon,1,63.62,63.62,USD
O100339,2025-09-18T14:23:19,2025-09-18,C0121,Customer 0121,SMB,NE,web,2,P120,Enterprise Subscription,subscription,1,203.98,203.98,USD
O100340,2025-09-18T09:26:31,2025-09-18,C0069,Customer 0069,Consumer,SE,mobile,1,P300,Implementation Package,service,1,485.02,485.02,USD
O100340,2025-09-18T09:26:31,2025-09-18,C0069,Customer 0069,Consumer,SE,mobile,2,P110,Professional Subscription,subscription,1,82.34,82.34,USD
O100341,2025-09-18T12:18:31,2025-09-18,C0123,Customer 0123,Consumer,W,web,1,P210,Automation Add-on,addon,1,61.16,61.16,USD
O100342,2025-09-18T11:07:08,2025-09-18,C0039,Customer 0039,Mid-Market,SW,web,1,P110,Professional Subscription,subscription,1,84.42,84.42,USD
O100343,2025-09-18T14:15:20,2025-09-18,C0183,Customer 0183,SMB,MW,partner,1,P100,Starter Subscription,subscription,1,26.92,26.92,USD
O100344,2025-09-18T17:23:15,2025-09-18,C0136,Customer 0136,SMB,SE,mobile,1,P200,Analytics Add-on,addon,1,41.42,41.42,USD
O100345,2025-09-18T10:02:08,2025-09-18,C0185,Customer 0185,SMB,SE,web,1,P120,Enterprise Subscription,subscription,1,211.47,211.47,USD
O100346,2025-09-19T16:04:10,2025-09-19,C0223,Customer 0223,Consumer,MW,web,1,P210,Automation Add-on,addon,1,58.06,58.06,USD
O100347,2025-09-19T10:17:55,2025-09-19,C0238,Customer 0238,Mid-Market,MW,mobile,1,P110,Professional Subscription,subscription,1,79.44,79.44,USD
O100347,2025-09-19T10:17:55,2025-09-19,C0238,Customer 0238,Mid-Market,MW,mobile,2,P310,Training Package,service,1,275.15,275.15,USD
O100348,2025-09-19T16:42:55,2025-09-19,C0005,Customer 0005,SMB,SE,mobile,1,P100,Starter Subscription,subscription,1,30.14,30.14,USD
O100348,2025-09-19T16:42:55,2025-09-19,C0005,Customer 0005,SMB,SE,mobile,2,P300,Implementation Package,service,1,489.58,489.58,USD
O100349,2025-09-19T10:41:18,2025-09-19,C0187,Customer 0187,SMB,SW,web,1,P110,Professional Subscription,subscription,1,83.01,83.01,USD
O100350,2025-09-19T17:00:50,2025-09-19,C0161,Customer 0161,Mid-Market,SE,partner,1,P100,Starter Subscription,subscription,1,30.64,30.64,USD
O100350,2025-09-19T17:00:50,2025-09-19,C0161,Customer 0161,Mid-Market,SE,partner,2,P210,Automation Add-on,addon,1,56.19,56.19,USD
O100350,2025-09-19T17:00:50,2025-09-19,C0161,Customer 0161,Mid-Market,SE,partner,3,P120,Enterprise Subscription,subscription,1,198.38,198.38,USD
O100351,2025-09-19T11:58:56,2025-09-19,C0074,Customer 0074,Mid-Market,NE,mobile,1,P300,Implementation Package,service,1,498.35,498.35,USD
O100351,2025-09-19T11:58:56,2025-09-19,C0074,Customer 0074,Mid-Market,NE,mobile,2,P100,Starter Subscription,subscription,1,31.28,31.28,USD
O100352,2025-09-19T10:43:27,2025-09-19,C0154,Customer 0154,SMB,SW,web,1,P120,Enterprise Subscription,subscription,1,209.11,209.11,USD
O100352,2025-09-19T10:43:27,2025-09-19,C0154,Customer 0154,SMB,SW,web,2,P210,Automation Add-on,addon,1,62.54,62.54,USD
O100353,2025-09-19T20:24:22,2025-09-19,C0047,Customer 0047,Consumer,MW,web,1,P300,Implementation Package,service,1,536.75,536.75,USD
O100354,2025-09-19T08:23:35,2025-09-19,C0218,Customer 0218,Enterprise,SW,web,1,P100,Starter Subscription,subscription,1,26.96,26.96,USD
O100355,2025-09-19T08:44:06,2025-09-19,C0096,Customer 0096,SMB,W,mobile,1,P310,Training Package,service,1,303.49,303.49,USD
O100356,2025-09-19T12:30:26,2025-09-19,C0179,Customer 0179,Consumer,SW,mobile,1,P300,Implementation Package,service,1,514.59,514.59,USD
O100357,2025-09-19T19:13:25,2025-09-19,C0033,Customer 0033,SMB,W,mobile,1,P110,Professional Subscription,subscription,1,83.08,83.08,USD
O100358,2025-09-19T10:34:06,2025-09-19,C0073,Customer 0073,Mid-Market,SW,web,1,P310,Training Package,service,1,318.60,318.60,USD
O100359,2025-09-19T13:48:18,2025-09-19,C0003,Customer 0003,Consumer,W,partner,1,P120,Enterprise Subscription,subscription,1,207.02,207.02,USD
O100360,2025-09-19T18:41:09,2025-09-19,C0207,Customer 0207,Consumer,SW,mobile,1,P210,Automation Add-on,addon,2,63.65,127.30,USD
O100361,2025-09-19T09:29:20,2025-09-19,C0128,Customer 0128,Consumer,SE,web,1,P100,Starter Subscription,subscription,1,27.98,27.98,USD
O100362,2025-09-19T18:08:28,2025-09-19,C0235,Customer 0235,Consumer,W,web,1,P120,Enterprise Subscription,subscription,1,185.74,185.74,USD
O100362,2025-09-19T18:08:28,2025-09-19,C0235,Customer 0235,Consumer,W,web,2,P310,Training Package,service,1,294.85,294.85,USD
O100363,2025-09-19T13:29:29,2025-09-19,C0024,Customer 0024,SMB,SW,mobile,1,P200,Analytics Add-on,addon,1,40.45,40.45,USD
O100363,2025-09-19T13:29:29,2025-09-19,C0024,Customer 0024,SMB,SW,mobile,2,P100,Starter Subscription,subscription,1,30.94,30.94,USD
O100363,2025-09-19T13:29:29,2025-09-19,C0024,Customer 0024,SMB,SW,mobile,3,P300,Implementation Package,service,1,532.73,532.73,USD
O100364,2025-09-19T17:49:24,2025-09-19,C0009,Customer 0009,Consumer,NE,web,1,P310,Training Package,service,1,321.89,321.89,USD
O100364,2025-09-19T17:49:24,2025-09-19,C0009,Customer 0009,Consumer,NE,web,2,P200,Analytics Add-on,addon,1,36.22,36.22,USD
O100365,2025-09-19T12:11:53,2025-09-19,C0172,Customer 0172,SMB,W,web,1,P200,Analytics Add-on,addon,1,36.91,36.91,USD
O100365,2025-09-19T12:11:53,2025-09-19,C0172,Customer 0172,SMB,W,web,2,P120,Enterprise Subscription,subscription,1,194.20,194.20,USD
O100366,2025-09-19T19:47:52,2025-09-19,C0171,Customer 0171,Consumer,NE,mobile,1,P110,Professional Subscription,subscription,1,84.01,84.01,USD
O100367,2025-09-20T20:10:38,2025-09-20,C0140,Customer 0140,Consumer,NE,web,1,P110,Professional Subscription,subscription,1,84.96,84.96,USD
O100368,2025-09-20T16:38:10,2025-09-20,C0046,Customer 0046,Consumer,W,web,1,P310,Training Package,service,1,306.64,306.64,USD
O100369,2025-09-20T11:54:30,2025-09-20,C0030,Customer 0030,Consumer,SW,partner,1,P310,Training Package,service,1,318.81,318.81,USD
O100370,2025-09-20T08:01:09,2025-09-20,C0009,Customer 0009,Consumer,NE,mobile,1,P210,Automation Add-on,addon,2,57.28,114.56,USD
O100370,2025-09-20T08:01:09,2025-09-20,C0009,Customer 0009,Consumer,NE,mobile,2,P300,Implementation Package,service,1,472.69,472.69,USD
O100371,2025-09-20T20:40:58,2025-09-20,C0216,Customer 0216,Consumer,SE,web,1,P120,Enterprise Subscription,subscription,1,189.57,189.57,USD
O100372,2025-09-20T18:49:22,2025-09-20,C0163,Customer 0163,Consumer,MW,web,1,P110,Professional Subscription,subscription,1,75.13,75.13,USD
O100372,2025-09-20T18:49:22,2025-09-20,C0163,Customer 0163,Consumer,MW,web,2,P120,Enterprise Subscription,subscription,1,209.84,209.84,USD
O100373,2025-09-20T15:50:01,2025-09-20,C0026,Customer 0026,Consumer,NE,web,1,P300,Implementation Package,service,1,465.17,465.17,USD
O100374,2025-09-20T17:01:34,2025-09-20,C0050,Customer 0050,Consumer,W,web,1,P110,Professional Subscription,subscription,1,75.41,75.41,USD
O100375,2025-09-20T10:12:43,2025-09-20,C0065,Customer 0065,Enterprise,NE,mobile,1,P200,Analytics Add-on,addon,2,40.83,81.66,USD
O100375,2025-09-20T10:12:43,2025-09-20,C0065,Customer 0065,Enterprise,NE,mobile,2,P100,Starter Subscription,subscription,1,29.41,29.41,USD
O100376,2025-09-20T13:23:57,2025-09-20,C0146,Customer 0146,SMB,SW,mobile,1,P110,Professional Subscription,subscription,1,83.92,83.92,USD
O100377,2025-09-20T11:29:36,2025-09-20,C0085,Customer 0085,Mid-Market,SW,mobile,1,P210,Automation Add-on,addon,1,56.96,56.96,USD
O100377,2025-09-20T11:29:36,2025-09-20,C0085,Customer 0085,Mid-Market,SW,mobile,2,P100,Starter Subscription,subscription,1,27.66,27.66,USD
O100378,2025-09-20T15:31:02,2025-09-20,C0206,Customer 0206,Consumer,SW,partner,1,P100,Starter Subscription,subscription,1,28.78,28.78,USD
O100379,2025-09-20T09:35:49,2025-09-20,C0103,Customer 0103,Consumer,NE,web,1,P200,Analytics Add-on,addon,2,42.02,84.04,USD
O100379,2025-09-20T09:35:49,2025-09-20,C0103,Customer 0103,Consumer,NE,web,2,P120,Enterprise Subscription,subscription,1,198.79,198.79,USD
O100380,2025-09-20T08:19:04,2025-09-20,C0029,Customer 0029,Consumer,MW,web,1,P310,Training Package,service,1,287.99,287.99,USD
O100380,2025-09-20T08:19:04,2025-09-20,C0029,Customer 0029,Consumer,MW,web,2,P200,Analytics Add-on,addon,1,41.65,41.65,USD
O100381,2025-09-20T18:47:54,2025-09-20,C0169,Customer 0169,Consumer,SW,web,1,P200,Analytics Add-on,addon,1,37.21,37.21,USD
O100382,2025-09-20T12:55:36,2025-09-20,C0176,Customer 0176,Mid-Market,SW,mobile,1,P100,Starter Subscription,subscription,1,30.14,30.14,USD
O100383,2025-09-20T14:32:21,2025-09-20,C0129,Customer 0129,Consumer,SE,web,1,P100,Starter Subscription,subscription,1,26.91,26.91,USD
O100384,2025-09-21T09:34:06,2025-09-21,C0062,Customer 0062,Consumer,SW,web,1,P300,Implementation Package,service,1,491.38,491.38,USD
O100384,2025-09-21T09:34:06,2025-09-21,C0062,Customer 0062,Consumer,SW,web,2,P310,Training Package,service,1,293.88,293.88,USD
O100385,2025-09-21T15:47:19,2025-09-21,C0160,Customer 0160,Mid-Market,SE,partner,1,P110,Professional Subscription,subscription,1,81.29,81.29,USD
O100385,2025-09-21T15:47:19,2025-09-21,C0160,Customer 0160,Mid-Market,SE,partner,2,P120,Enterprise Subscription,subscription,1,188.39,188.39,USD
O100386,2025-09-21T09:02:52,2025-09-21,C0121,Customer 0121,SMB,NE,web,1,P120,Enterprise Subscription,subscription,1,199.80,199.80,USD
O100386,2025-09-21T09:02:52,2025-09-21,C0121,Customer 0121,SMB,NE,web,2,P110,Professional Subscription,subscription,1,74.79,74.79,USD
O100387,2025-09-21T16:49:42,2025-09-21,C0086,Customer 0086,Consumer,SW,partner,1,P210,Automation Add-on,addon,1,60.75,60.75,USD
O100387,2025-09-21T16:49:42,2025-09-21,C0086,Customer 0086,Consumer,SW,partner,2,P200,Analytics Add-on,addon,2,39.87,79.74,USD
O100387,2025-09-21T16:49:42,2025-09-21,C0086,Customer 0086,Consumer,SW,partner,3,P100,Starter Subscription,subscription,1,27.37,27.37,USD
O100388,2025-09-21T16:57:58,2025-09-21,C0174,Customer 0174,Mid-Market,SW,web,1,P210,Automation Add-on,addon,2,57.57,115.14,USD
O100388,2025-09-21T16:57:58,2025-09-21,C0174,Customer 0174,Mid-Market,SW,web,2,P110,Professional Subscription,subscription,1,76.87,76.87,USD
O100388,2025-09-21T16:57:58,2025-09-21,C0174,Customer 0174,Mid-Market,SW,web,3,P120,Enterprise Subscription,subscription,1,201.84,201.84,USD
O100389,2025-09-21T10:19:31,2025-09-21,C0171,Customer 0171,Consumer,NE,web,1,P100,Starter Subscription,subscription,1,26.87,26.87,USD
O100389,2025-09-21T10:19:31,2025-09-21,C0171,Customer 0171,Consumer,NE,web,2,P200,Analytics Add-on,addon,1,41.03,41.03,USD
O100390,2025-09-21T09:45:17,2025-09-21,C0040,Customer 0040,SMB,W,web,1,P200,Analytics Add-on,addon,1,37.69,37.69,USD
O100390,2025-09-21T09:45:17,2025-09-21,C0040,Customer 0040,SMB,W,web,2,P210,Automation Add-on,addon,1,58.75,58.75,USD
O100391,2025-09-21T12:05:19,2025-09-21,C0078,Customer 0078,Mid-Market,SW,mobile,1,P210,Automation Add-on,addon,1,61.67,61.67,USD
O100391,2025-09-21T12:05:19,2025-09-21,C0078,Customer 0078,Mid-Market,SW,mobile,2,P110,Professional Subscription,subscription,1,83.22,83.22,USD
O100392,2025-09-21T20:26:05,2025-09-21,C0007,Customer 0007,Consumer,W,mobile,1,P120,Enterprise Subscription,subscription,1,201.56,201.56,USD
O100392,2025-09-21T20:26:05,2025-09-21,C0007,Customer 0007,Consumer,W,mobile,2,P110,Professional Subscription,subscription,1,77.40,77.40,USD
O100393,2025-09-21T16:47:45,2025-09-21,C0173,Customer 0173,SMB,SE,web,1,P110,Professional Subscription,subscription,1,79.78,79.78,USD
O100394,2025-09-21T09:30:01,2025-09-21,C0053,Customer 0053,SMB,SE,mobile,1,P100,Starter Subscription,subscription,1,30.98,30.98,USD
O100395,2025-09-21T15:30:18,2025-09-21,C0052,Customer 0052,SMB,MW,web,1,P210,Automation Add-on,addon,1,57.75,57.75,USD
O100396,2025-09-21T08:58:58,2025-09-21,C0114,Customer 0114,Consumer,MW,web,1,P300,Implementation Package,service,1,495.67,495.67,USD
O100397,2025-09-21T20:08:17,2025-09-21,C0220,Customer 0220,Enterprise,SE,mobile,1,P200,Analytics Add-on,addon,2,38.90,77.80,USD
O100397,2025-09-21T20:08:17,2025-09-21,C0220,Customer 0220,Enterprise,SE,mobile,2,P100,Starter Subscription,subscription,1,31.15,31.15,USD
O100398,2025-09-21T13:48:14,2025-09-21,C0122,Customer 0122,Consumer,W,partner,1,P300,Implementation Package,service,1,467.50,467.50,USD
O100398,2025-09-21T13:48:14,2025-09-21,C0122,Customer 0122,Consumer,W,partner,2,P110,Professional Subscription,subscription,1,83.81,83.81,USD
O100399,2025-09-21T12:14:12,2025-09-21,C0174,Customer 0174,Mid-Market,SW,mobile,1,P210,Automation Add-on,addon,1,55.09,55.09,USD
O100400,2025-09-22T11:53:13,2025-09-22,C0128,Customer 0128,Consumer,SE,mobile,1,P120,Enterprise Subscription,subscription,1,194.43,194.43,USD
O100401,2025-09-22T10:18:04,2025-09-22,C0018,Customer 0018,Consumer,MW,web,1,P210,Automation Add-on,addon,2,59.00,118.00,USD
O100402,2025-09-22T20:42:58,2025-09-22,C0085,Customer 0085,Mid-Market,SW,partner,1,P100,Starter Subscription,subscription,1,30.42,30.42,USD
O100403,2025-09-22T20:50:51,2025-09-22,C0007,Customer 0007,Consumer,W,web,1,P200,Analytics Add-on,addon,2,40.48,80.96,USD
O100403,2025-09-22T20:50:51,2025-09-22,C0007,Customer 0007,Consumer,W,web,2,P300,Implementation Package,service,1,503.19,503.19,USD
O100404,2025-09-22T11:21:27,2025-09-22,C0091,Customer 0091,Mid-Market,NE,partner,1,P100,Starter Subscription,subscription,1,29.41,29.41,USD
O100405,2025-09-22T11:18:08,2025-09-22,C0228,Customer 0228,Consumer,SW,mobile,1,P100,Starter Subscription,subscription,1,29.73,29.73,USD
O100406,2025-09-22T16:32:06,2025-09-22,C0179,Customer 0179,Consumer,SW,web,1,P300,Implementation Package,service,1,481.42,481.42,USD
O100406,2025-09-22T16:32:06,2025-09-22,C0179,Customer 0179,Consumer,SW,web,2,P210,Automation Add-on,addon,1,62.89,62.89,USD
O100406,2025-09-22T16:32:06,2025-09-22,C0179,Customer 0179,Consumer,SW,web,3,P200,Analytics Add-on,addon,2,37.32,74.64,USD
O100407,2025-09-22T08:14:13,2025-09-22,C0114,Customer 0114,Consumer,MW,web,1,P210,Automation Add-on,addon,2,57.16,114.32,USD
O100407,2025-09-22T08:14:13,2025-09-22,C0114,Customer 0114,Consumer,MW,web,2,P100,Starter Subscription,subscription,1,29.19,29.19,USD
O100408,2025-09-22T14:36:46,2025-09-22,C0119,Customer 0119,Consumer,SE,mobile,1,P110,Professional Subscription,subscription,1,84.82,84.82,USD
O100409,2025-09-22T09:19:36,2025-09-22,C0004,Customer 0004,Enterprise,NE,mobile,1,P310,Training Package,service,1,296.31,296.31,USD
O100409,2025-09-22T09:19:36,2025-09-22,C0004,Customer 0004,Enterprise,NE,mobile,2,P110,Professional Subscription,subscription,1,72.90,72.90,USD
O100410,2025-09-22T10:16:49,2025-09-22,C0113,Customer 0113,Enterprise,MW,mobile,1,P200,Analytics Add-on,addon,1,37.30,37.30,USD
O100411,2025-09-22T08:43:54,2025-09-22,C0066,Customer 0066,Consumer,NE,partner,1,P300,Implementation Package,service,1,462.65,462.65,USD
O100412,2025-09-22T08:20:38,2025-09-22,C0037,Customer 0037,SMB,SE,mobile,1,P200,Analytics Add-on,addon,2,38.22,76.44,USD
O100413,2025-09-22T09:59:14,2025-09-22,C0021,Customer 0021,Mid-Market,SE,mobile,1,P300,Implementation Package,service,1,502.11,502.11,USD
O100413,2025-09-22T09:59:14,2025-09-22,C0021,Customer 0021,Mid-Market,SE,mobile,2,P210,Automation Add-on,addon,1,62.28,62.28,USD
O100413,2025-09-22T09:59:14,2025-09-22,C0021,Customer 0021,Mid-Market,SE,mobile,3,P200,Analytics Add-on,addon,2,40.86,81.72,USD
O100414,2025-09-22T15:38:14,2025-09-22,C0168,Customer 0168,Mid-Market,W,web,1,P210,Automation Add-on,addon,1,63.02,63.02,USD
O100415,2025-09-22T20:12:57,2025-09-22,C0162,Customer 0162,SMB,W,web,1,P110,Professional Subscription,subscription,1,74.21,74.21,USD
O100416,2025-09-23T09:21:57,2025-09-23,C0076,Customer 0076,Mid-Market,MW,mobile,1,P210,Automation Add-on,addon,2,55.30,110.60,USD
O100417,2025-09-23T20:06:14,2025-09-23,C0072,Customer 0072,SMB,NE,web,1,P210,Automation Add-on,addon,2,62.75,125.50,USD
O100418,2025-09-23T12:38:48,2025-09-23,C0074,Customer 0074,Mid-Market,NE,web,1,P120,Enterprise Subscription,subscription,1,187.57,187.57,USD
O100419,2025-09-23T19:28:33,2025-09-23,C0110,Customer 0110,Consumer,W,web,1,P100,Starter Subscription,subscription,1,30.00,30.00,USD
O100420,2025-09-23T10:32:21,2025-09-23,C0084,Customer 0084,Consumer,NE,web,1,P210,Automation Add-on,addon,1,60.95,60.95,USD
O100420,2025-09-23T10:32:21,2025-09-23,C0084,Customer 0084,Consumer,NE,web,2,P300,Implementation Package,service,1,484.21,484.21,USD
O100421,2025-09-23T11:16:30,2025-09-23,C0173,Customer 0173,SMB,SE,web,1,P300,Implementation Package,service,1,481.64,481.64,USD
O100421,2025-09-23T11:16:30,2025-09-23,C0173,Customer 0173,SMB,SE,web,2,P200,Analytics Add-on,addon,1,39.84,39.84,USD
O100422,2025-09-23T14:40:37,2025-09-23,C0158,Customer 0158,SMB,W,web,1,P210,Automation Add-on,addon,2,63.29,126.58,USD
O100423,2025-09-23T13:42:07,2025-09-23,C0119,Customer 0119,Consumer,SE,web,1,P110,Professional Subscription,subscription,1,82.46,82.46,USD
O100424,2025-09-23T14:16:58,2025-09-23,C0109,Customer 0109,Mid-Market,W,web,1,P110,Professional Subscription,subscription,1,76.98,76.98,USD
O100425,2025-09-23T19:21:58,2025-09-23,C0200,Customer 0200,Consumer,W,web,1,P100,Starter Subscription,subscription,1,26.91,26.91,USD
O100425,2025-09-23T19:21:58,2025-09-23,C0200,Customer 0200,Consumer,W,web,2,P300,Implementation Package,service,1,475.88,475.88,USD
O100426,2025-09-23T18:49:44,2025-09-23,C0059,Customer 0059,Consumer,W,web,1,P100,Starter Subscription,subscription,1,30.45,30.45,USD
O100427,2025-09-23T13:27:32,2025-09-23,C0201,Customer 0201,Consumer,NE,mobile,1,P200,Analytics Add-on,addon,1,36.50,36.50,USD
O100428,2025-09-23T13:30:36,2025-09-23,C0115,Customer 0115,Consumer,MW,web,1,P110,Professional Subscription,subscription,1,82.91,82.91,USD
O100429,2025-09-23T12:47:21,2025-09-23,C0106,Customer 0106,SMB,MW,mobile,1,P300,Implementation Package,service,1,504.21,504.21,USD
O100430,2025-09-23T08:10:33,2025-09-23,C0194,Customer 0194,Consumer,W,mobile,1,P200,Analytics Add-on,addon,1,36.12,36.12,USD
O100431,2025-09-23T18:13:51,2025-09-23,C0134,Customer 0134,SMB,SW,mobile,1,P210,Automation Add-on,addon,1,58.74,58.74,USD
O100431,2025-09-23T18:13:51,2025-09-23,C0134,Customer 0134,SMB,SW,mobile,2,P310,Training Package,service,1,285.16,285.16,USD
O100432,2025-09-24T09:03:39,2025-09-24,C0085,Customer 0085,Mid-Market,SW,web,1,P120,Enterprise Subscription,subscription,1,203.34,203.34,USD
O100433,2025-09-24T17:09:06,2025-09-24,C0020,Customer 0020,SMB,MW,mobile,1,P120,Enterprise Subscription,subscription,1,201.03,201.03,USD
O100434,2025-09-24T20:39:09,2025-09-24,C0024,Customer 0024,SMB,SW,web,1,P100,Starter Subscription,subscription,1,28.18,28.18,USD
O100435,2025-09-24T16:20:33,2025-09-24,C0215,Customer 0215,SMB,W,web,1,P110,Professional Subscription,subscription,1,84.63,84.63,USD
O100435,2025-09-24T16:20:33,2025-09-24,C0215,Customer 0215,SMB,W,web,2,P310,Training Package,service,1,314.96,314.96,USD
O100436,2025-09-24T13:11:59,2025-09-24,C0098,Customer 0098,SMB,W,mobile,1,P200,Analytics Add-on,addon,1,39.16,39.16,USD
O100437,2025-09-24T17:52:01,2025-09-24,C0015,Customer 0015,SMB,SW,partner,1,P210,Automation Add-on,addon,1,55.92,55.92,USD
O100437,2025-09-24T17:52:01,2025-09-24,C0015,Customer 0015,SMB,SW,partner,2,P300,Implementation Package,service,1,518.95,518.95,USD
O100437,2025-09-24T17:52:01,2025-09-24,C0015,Customer 0015,SMB,SW,partner,3,P200,Analytics Add-on,addon,2,40.56,81.12,USD
O100438,2025-09-24T16:17:54,2025-09-24,C0220,Customer 0220,Enterprise,SE,web,1,P100,Starter Subscription,subscription,1,30.56,30.56,USD
O100438,2025-09-24T16:17:54,2025-09-24,C0220,Customer 0220,Enterprise,SE,web,2,P120,Enterprise Subscription,subscription,1,210.09,210.09,USD
O100439,2025-09-24T14:11:40,2025-09-24,C0130,Customer 0130,SMB,MW,mobile,1,P100,Starter Subscription,subscription,1,27.95,27.95,USD
O100439,2025-09-24T14:11:40,2025-09-24,C0130,Customer 0130,SMB,MW,mobile,2,P120,Enterprise Subscription,subscription,1,194.25,194.25,USD
O100440,2025-09-24T09:56:46,2025-09-24,C0118,Customer 0118,SMB,SE,partner,1,P300,Implementation Package,service,1,510.36,510.36,USD
O100441,2025-09-24T12:16:44,2025-09-24,C0046,Customer 0046,Consumer,W,web,1,P120,Enterprise Subscription,subscription,1,201.51,201.51,USD
O100442,2025-09-24T19:50:17,2025-09-24,C0213,Customer 0213,Consumer,W,web,1,P120,Enterprise Subscription,subscription,1,197.97,197.97,USD
O100442,2025-09-24T19:50:17,2025-09-24,C0213,Customer 0213,Consumer,W,web,2,P110,Professional Subscription,subscription,1,73.08,73.08,USD
O100443,2025-09-24T14:30:21,2025-09-24,C0041,Customer 0041,Consumer,NE,web,1,P110,Professional Subscription,subscription,1,74.74,74.74,USD
O100443,2025-09-24T14:30:21,2025-09-24,C0041,Customer 0041,Consumer,NE,web,2,P120,Enterprise Subscription,subscription,1,200.49,200.49,USD
O100443,2025-09-24T14:30:21,2025-09-24,C0041,Customer 0041,Consumer,NE,web,3,P300,Implementation Package,service,1,519.12,519.12,USD
O100444,2025-09-24T14:27:49,2025-09-24,C0028,Customer 0028,SMB,SE,web,1,P210,Automation Add-on,addon,1,55.83,55.83,USD
O100445,2025-09-24T10:29:00,2025-09-24,C0102,Customer 0102,Consumer,SW,mobile,1,P110,Professional Subscription,subscription,1,76.49,76.49,USD
O100446,2025-09-24T18:25:44,2025-09-24,C0141,Customer 0141,SMB,MW,web,1,P200,Analytics Add-on,addon,1,40.29,40.29,USD
O100447,2025-09-24T17:11:49,2025-09-24,C0227,Customer 0227,Mid-Market,MW,web,1,P210,Automation Add-on,addon,1,60.04,60.04,USD
O100448,2025-09-24T12:26:11,2025-09-24,C0009,Customer 0009,Consumer,NE,web,1,P310,Training Package,service,1,297.32,297.32,USD
O100448,2025-09-24T12:26:11,2025-09-24,C0009,Customer 0009,Consumer,NE,web,2,P100,Starter Subscription,subscription,1,27.06,27.06,USD
O100449,2025-09-24T20:30:45,2025-09-24,C0096,Customer 0096,SMB,W,web,1,P120,Enterprise Subscription,subscription,1,186.64,186.64,USD
O100450,2025-09-24T08:29:18,2025-09-24,C0112,Customer 0112,SMB,NE,web,1,P200,Analytics Add-on,addon,1,41.43,41.43,USD
O100450,2025-09-24T08:29:18,2025-09-24,C0112,Customer 0112,SMB,NE,web,2,P120,Enterprise Subscription,subscription,1,204.93,204.93,USD
O100451,2025-09-24T10:05:34,2025-09-24,C0064,Customer 0064,SMB,W,web,1,P300,Implementation Package,service,1,493.50,493.50,USD
O100451,2025-09-24T10:05:34,2025-09-24,C0064,Customer 0064,SMB,W,web,2,P200,Analytics Add-on,addon,1,38.04,38.04,USD
O100452,2025-09-25T12:27:25,2025-09-25,C0192,Customer 0192,Mid-Market,MW,web,1,P120,Enterprise Subscription,subscription,1,209.73,209.73,USD
O100452,2025-09-25T12:27:25,2025-09-25,C0192,Customer 0192,Mid-Market,MW,web,2,P300,Implementation Package,service,1,493.69,493.69,USD
O100452,2025-09-25T12:27:25,2025-09-25,C0192,Customer 0192,Mid-Market,MW,web,3,P100,Starter Subscription,subscription,1,27.22,27.22,USD
O100453,2025-09-25T18:02:38,2025-09-25,C0129,Customer 0129,Consumer,SE,web,1,P120,Enterprise Subscription,subscription,1,191.76,191.76,USD
O100454,2025-09-25T15:37:26,2025-09-25,C0156,Customer 0156,Enterprise,SW,mobile,1,P200,Analytics Add-on,addon,1,41.68,41.68,USD
O100455,2025-09-25T15:35:22,2025-09-25,C0162,Customer 0162,SMB,W,web,1,P210,Automation Add-on,addon,1,57.03,57.03,USD
O100455,2025-09-25T15:35:22,2025-09-25,C0162,Customer 0162,SMB,W,web,2,P120,Enterprise Subscription,subscription,1,193.12,193.12,USD
O100456,2025-09-25T10:55:10,2025-09-25,C0075,Customer 0075,Consumer,NE,mobile,1,P200,Analytics Add-on,addon,1,40.57,40.57,USD
O100456,2025-09-25T10:55:10,2025-09-25,C0075,Customer 0075,Consumer,NE,mobile,2,P210,Automation Add-on,addon,1,62.78,62.78,USD
O100456,2025-09-25T10:55:10,2025-09-25,C0075,Customer 0075,Consumer,NE,mobile,3,P310,Training Package,service,1,288.42,288.42,USD
O100457,2025-09-25T16:53:21,2025-09-25,C0001,Customer 0001,Consumer,NE,mobile,1,P300,Implementation Package,service,1,489.69,489.69,USD
O100457,2025-09-25T16:53:21,2025-09-25,C0001,Customer 0001,Consumer,NE,mobile,2,P100,Starter Subscription,subscription,1,29.71,29.71,USD
O100458,2025-09-25T19:38:56,2025-09-25,C0006,Customer 0006,Consumer,W,mobile,1,P210,Automation Add-on,addon,1,62.31,62.31,USD
O100459,2025-09-25T15:15:50,2025-09-25,C0155,Customer 0155,Consumer,SE,web,1,P300,Implementation Package,service,1,467.95,467.95,USD
O100460,2025-09-25T14:53:52,2025-09-25,C0208,Customer 0208,Consumer,NE,mobile,1,P200,Analytics Add-on,addon,2,41.67,83.34,USD
O100461,2025-09-25T12:21:18,2025-09-25,C0194,Customer 0194,Consumer,W,mobile,1,P200,Analytics Add-on,addon,2,37.49,74.98,USD
O100462,2025-09-25T20:44:08,2025-09-25,C0191,Customer 0191,SMB,W,web,1,P200,Analytics Add-on,addon,1,39.85,39.85,USD
O100463,2025-09-25T16:23:24,2025-09-25,C0081,Customer 0081,SMB,W,partner,1,P110,Professional Subscription,subscription,1,83.69,83.69,USD
O100464,2025-09-25T08:53:47,2025-09-25,C0233,Customer 0233,Mid-Market,SE,mobile,1,P210,Automation Add-on,addon,2,56.19,112.38,USD
O100464,2025-09-25T08:53:47,2025-09-25,C0233,Customer 0233,Mid-Market,SE,mobile,2,P110,Professional Subscription,subscription,1,81.08,81.08,USD
O100465,2025-09-25T09:47:12,2025-09-25,C0072,Customer 0072,SMB,NE,mobile,1,P110,Professional Subscription,subscription,1,73.45,73.45,USD
O100465,2025-09-25T09:47:12,2025-09-25,C0072,Customer 0072,SMB,NE,mobile,2,P210,Automation Add-on,addon,1,56.58,56.58,USD
O100465,2025-09-25T09:47:12,2025-09-25,C0072,Customer 0072,SMB,NE,mobile,3,P120,Enterprise Subscription,subscription,1,207.33,207.33,USD
O100466,2025-09-25T08:37:27,2025-09-25,C0146,Customer 0146,SMB,SW,partner,1,P200,Analytics Add-on,addon,2,37.10,74.20,USD
O100467,2025-09-25T08:20:57,2025-09-25,C0125,Customer 0125,Mid-Market,NE,partner,1,P110,Professional Subscription,subscription,1,74.94,74.94,USD
O100468,2025-09-25T17:43:09,2025-09-25,C0054,Customer 0054,Consumer,NE,web,1,P200,Analytics Add-on,addon,1,41.20,41.20,USD
O100469,2025-09-25T14:22:41,2025-09-25,C0015,Customer 0015,SMB,SW,mobile,1,P310,Training Package,service,1,314.24,314.24,USD
O100469,2025-09-25T14:22:41,2025-09-25,C0015,Customer 0015,SMB,SW,mobile,2,P120,Enterprise Subscription,subscription,1,189.52,189.52,USD
O100469,2025-09-25T14:22:41,2025-09-25,C0015,Customer 0015,SMB,SW,mobile,3,P100,Starter Subscription,subscription,1,29.75,29.75,USD
O100470,2025-09-25T15:02:49,2025-09-25,C0152,Customer 0152,Consumer,MW,mobile,1,P300,Implementation Package,service,1,479.03,479.03,USD
O100470,2025-09-25T15:02:49,2025-09-25,C0152,Customer 0152,Consumer,MW,mobile,2,P200,Analytics Add-on,addon,2,39.54,79.08,USD
O100471,2025-09-25T10:37:19,2025-09-25,C0224,Customer 0224,Mid-Market,MW,mobile,1,P200,Analytics Add-on,addon,1,37.93,37.93,USD
O100472,2025-09-25T17:47:59,2025-09-25,C0066,Customer 0066,Consumer,NE,web,1,P200,Analytics Add-on,addon,1,38.35,38.35,USD
O100473,2025-09-25T10:51:32,2025-09-25,C0137,Customer 0137,Mid-Market,NE,mobile,1,P200,Analytics Add-on,addon,2,39.94,79.88,USD
O100474,2025-09-25T20:44:47,2025-09-25,C0136,Customer 0136,SMB,SE,mobile,1,P100,Starter Subscription,subscription,1,28.54,28.54,USD
O100475,2025-09-26T12:11:06,2025-09-26,C0053,Customer 0053,SMB,SE,web,1,P310,Training Package,service,1,312.37,312.37,USD
O100475,2025-09-26T12:11:06,2025-09-26,C0053,Customer 0053,SMB,SE,web,2,P100,Starter Subscription,subscription,1,29.19,29.19,USD
O100476,2025-09-26T10:56:57,2025-09-26,C0007,Customer 0007,Consumer,W,partner,1,P200,Analytics Add-on,addon,1,38.65,38.65,USD
O100477,2025-09-26T16:23:30,2025-09-26,C0205,Customer 0205,Consumer,SW,web,1,P200,Analytics Add-on,addon,1,35.93,35.93,USD
O100478,2025-09-26T13:02:09,2025-09-26,C0230,Customer 0230,Enterprise,MW,mobile,1,P100,Starter Subscription,subscription,1,27.27,27.27,USD
O100479,2025-09-26T20:51:42,2025-09-26,C0190,Customer 0190,Consumer,W,web,1,P100,Starter Subscription,subscription,1,26.82,26.82,USD
O100479,2025-09-26T20:51:42,2025-09-26,C0190,Customer 0190,Consumer,W,web,2,P110,Professional Subscription,subscription,1,75.26,75.26,USD
O100480,2025-09-26T10:06:00,2025-09-26,C0044,Customer 0044,SMB,NE,web,1,P200,Analytics Add-on,addon,1,36.58,36.58,USD
O100481,2025-09-26T10:14:32,2025-09-26,C0051,Customer 0051,Enterprise,SW,web,1,P110,Professional Subscription,subscription,1,82.07,82.07,USD
O100481,2025-09-26T10:14:32,2025-09-26,C0051,Customer 0051,Enterprise,SW,web,2,P300,Implementation Package,service,1,516.35,516.35,USD
O100481,2025-09-26T10:14:32,2025-09-26,C0051,Customer 0051,Enterprise,SW,web,3,P100,Starter Subscription,subscription,1,27.99,27.99,USD
O100482,2025-09-26T20:15:10,2025-09-26,C0009,Customer 0009,Consumer,NE,web,1,P200,Analytics Add-on,addon,1,41.23,41.23,USD
O100483,2025-09-26T10:16:21,2025-09-26,C0087,Customer 0087,Mid-Market,W,mobile,1,P210,Automation Add-on,addon,1,60.54,60.54,USD
O100484,2025-09-26T14:52:56,2025-09-26,C0047,Customer 0047,Consumer,MW,partner,1,P310,Training Package,service,1,307.64,307.64,USD
O100485,2025-09-26T09:43:10,2025-09-26,C0041,Customer 0041,Consumer,NE,mobile,1,P110,Professional Subscription,subscription,1,74.60,74.60,USD
O100485,2025-09-26T09:43:10,2025-09-26,C0041,Customer 0041,Consumer,NE,mobile,2,P300,Implementation Package,service,1,534.30,534.30,USD
O100486,2025-09-26T20:26:08,2025-09-26,C0016,Customer 0016,Enterprise,W,web,1,P310,Training Package,service,1,293.80,293.80,USD
O100486,2025-09-26T20:26:08,2025-09-26,C0016,Customer 0016,Enterprise,W,web,2,P110,Professional Subscription,subscription,1,74.70,74.70,USD
O100487,2025-09-26T15:14:42,2025-09-26,C0154,Customer 0154,SMB,SW,web,1,P210,Automation Add-on,addon,2,58.57,117.14,USD
O100487,2025-09-26T15:14:42,2025-09-26,C0154,Customer 0154,SMB,SW,web,2,P300,Implementation Package,service,1,464.70,464.70,USD
O100488,2025-09-26T14:03:40,2025-09-26,C0111,Customer 0111,Consumer,NE,web,1,P310,Training Package,service,1,310.12,310.12,USD
O100488,2025-09-26T14:03:40,2025-09-26,C0111,Customer 0111,Consumer,NE,web,2,P300,Implementation Package,service,1,531.31,531.31,USD
O100489,2025-09-26T20:41:06,2025-09-26,C0215,Customer 0215,SMB,W,mobile,1,P310,Training Package,service,1,286.50,286.50,USD
O100490,2025-09-26T08:46:29,2025-09-26,C0206,Customer 0206,Consumer,SW,mobile,1,P310,Training Package,service,1,307.76,307.76,USD
O100491,2025-09-26T13:39:34,2025-09-26,C0086,Customer 0086,Consumer,SW,mobile,1,P110,Professional Subscription,subscription,1,83.15,83.15,USD
O100491,2025-09-26T13:39:34,2025-09-26,C0086,Customer 0086,Consumer,SW,mobile,2,P120,Enterprise Subscription,subscription,1,186.31,186.31,USD
O100492,2025-09-26T12:48:35,2025-09-26,C0144,Customer 0144,Consumer,W,web,1,P300,Implementation Package,service,1,465.14,465.14,USD
O100493,2025-09-26T17:05:20,2025-09-26,C0158,Customer 0158,SMB,W,partner,1,P100,Starter Subscription,subscription,1,27.82,27.82,USD
O100494,2025-09-26T17:30:53,2025-09-26,C0220,Customer 0220,Enterprise,SE,web,1,P210,Automation Add-on,addon,1,58.17,58.17,USD
O100495,2025-09-26T16:20:06,2025-09-26,C0122,Customer 0122,Consumer,W,mobile,1,P300,Implementation Package,service,1,516.37,516.37,USD
O100495,2025-09-26T16:20:06,2025-09-26,C0122,Customer 0122,Consumer,W,mobile,2,P120,Enterprise Subscription,subscription,1,203.62,203.62,USD
O100496,2025-09-26T09:46:17,2025-09-26,C0091,Customer 0091,Mid-Market,NE,mobile,1,P300,Implementation Package,service,1,498.27,498.27,USD
O100496,2025-09-26T09:46:17,2025-09-26,C0091,Customer 0091,Mid-Market,NE,mobile,2,P100,Starter Subscription,subscription,1,29.95,29.95,USD
O100496,2025-09-26T09:46:17,2025-09-26,C0091,Customer 0091,Mid-Market,NE,mobile,3,P210,Automation Add-on,addon,1,63.59,63.59,USD
O100497,2025-09-27T13:37:07,2025-09-27,C0194,Customer 0194,Consumer,W,mobile,1,P100,Starter Subscription,subscription,1,29.14,29.14,USD
O100498,2025-09-27T14:56:16,2025-09-27,C0182,Customer 0182,Consumer,MW,web,1,P200,Analytics Add-on,addon,1,37.29,37.29,USD
O100499,2025-09-27T18:39:31,2025-09-27,C0049,Customer 0049,Mid-Market,SE,web,1,P120,Enterprise Subscription,subscription,1,186.17,186.17,USD
O100500,2025-09-27T17:09:39,2025-09-27,C0050,Customer 0050,Consumer,W,partner,1,P300,Implementation Package,service,1,521.68,521.68,USD
O100500,2025-09-27T17:09:39,2025-09-27,C0050,Customer 0050,Consumer,W,partner,2,P210,Automation Add-on,addon,1,60.59,60.59,USD
O100500,2025-09-27T17:09:39,2025-09-27,C0050,Customer 0050,Consumer,W,partner,3,P200,Analytics Add-on,addon,1,37.99,37.99,USD
O100501,2025-09-27T12:20:08,2025-09-27,C0052,Customer 0052,SMB,MW,web,1,P300,Implementation Package,service,1,493.12,493.12,USD
O100502,2025-09-27T17:34:11,2025-09-27,C0192,Customer 0192,Mid-Market,MW,mobile,1,P210,Automation Add-on,addon,1,63.41,63.41,USD
O100502,2025-09-27T17:34:11,2025-09-27,C0192,Customer 0192,Mid-Market,MW,mobile,2,P100,Starter Subscription,subscription,1,28.47,28.47,USD
O100503,2025-09-27T08:02:59,2025-09-27,C0157,Customer 0157,Consumer,MW,web,1,P100,Starter Subscription,subscription,1,30.88,30.88,USD
O100503,2025-09-27T08:02:59,2025-09-27,C0157,Customer 0157,Consumer,MW,web,2,P120,Enterprise Subscription,subscription,1,204.08,204.08,USD
O100503,2025-09-27T08:02:59,2025-09-27,C0157,Customer 0157,Consumer,MW,web,3,P310,Training Package,service,1,318.87,318.87,USD
O100504,2025-09-27T11:56:41,2025-09-27,C0080,Customer 0080,Mid-Market,W,mobile,1,P300,Implementation Package,service,1,459.90,459.90,USD
O100505,2025-09-27T13:10:47,2025-09-27,C0138,Customer 0138,Mid-Market,W,web,1,P300,Implementation Package,service,1,481.82,481.82,USD
O100505,2025-09-27T13:10:47,2025-09-27,C0138,Customer 0138,Mid-Market,W,web,2,P200,Analytics Add-on,addon,1,37.66,37.66,USD
O100506,2025-09-27T17:23:28,2025-09-27,C0112,Customer 0112,SMB,NE,mobile,1,P310,Training Package,service,1,277.04,277.04,USD
O100507,2025-09-27T15:04:53,2025-09-27,C0007,Customer 0007,Consumer,W,web,1,P210,Automation Add-on,addon,1,55.63,55.63,USD
O100508,2025-09-27T17:07:54,2025-09-27,C0197,Customer 0197,Mid-Market,SW,web,1,P210,Automation Add-on,addon,1,54.47,54.47,USD
O100508,2025-09-27T17:07:54,2025-09-27,C0197,Customer 0197,Mid-Market,SW,web,2,P310,Training Package,service,1,314.50,314.50,USD
O100509,2025-09-27T18:46:11,2025-09-27,C0074,Customer 0074,Mid-Market,NE,partner,1,P120,Enterprise Subscription,subscription,1,211.16,211.16,USD
O100510,2025-09-27T15:24:29,2025-09-27,C0116,Customer 0116,Mid-Market,NE,web,1,P200,Analytics Add-on,addon,1,40.39,40.39,USD
O100511,2025-09-27T20:55:39,2025-09-27,C0077,Customer 0077,SMB,SE,web,1,P120,Enterprise Subscription,subscription,1,200.65,200.65,USD
O100512,2025-09-27T17:49:09,2025-09-27,C0175,Customer 0175,Enterprise,W,mobile,1,P310,Training Package,service,1,284.54,284.54,USD
O100513,2025-09-28T13:39:58,2025-09-28,C0017,Customer 0017,Enterprise,NE,web,1,P200,Analytics Add-on,addon,2,36.97,73.94,USD
O100513,2025-09-28T13:39:58,2025-09-28,C0017,Customer 0017,Enterprise,NE,web,2,P310,Training Package,service,1,289.59,289.59,USD
O100513,2025-09-28T13:39:58,2025-09-28,C0017,Customer 0017,Enterprise,NE,web,3,P120,Enterprise Subscription,subscription,1,208.63,208.63,USD
O100514,2025-09-28T18:09:58,2025-09-28,C0030,Customer 0030,Consumer,SW,web,1,P110,Professional Subscription,subscription,1,78.66,78.66,USD
O100514,2025-09-28T18:09:58,2025-09-28,C0030,Customer 0030,Consumer,SW,web,2,P200,Analytics Add-on,addon,1,36.94,36.94,USD
O100515,2025-09-28T14:58:09,2025-09-28,C0174,Customer 0174,Mid-Market,SW,web,1,P300,Implementation Package,service,1,482.42,482.42,USD
O100515,2025-09-28T14:58:09,2025-09-28,C0174,Customer 0174,Mid-Market,SW,web,2,P110,Professional Subscription,subscription,1,82.70,82.70,USD
O100515,2025-09-28T14:58:09,2025-09-28,C0174,Customer 0174,Mid-Market,SW,web,3,P120,Enterprise Subscription,subscription,1,208.12,208.12,USD
O100516,2025-09-28T15:27:21,2025-09-28,C0068,Customer 0068,SMB,SE,web,1,P310,Training Package,service,1,296.99,296.99,USD
O100516,2025-09-28T15:27:21,2025-09-28,C0068,Customer 0068,SMB,SE,web,2,P300,Implementation Package,service,1,465.49,465.49,USD
O100517,2025-09-28T12:35:12,2025-09-28,C0185,Customer 0185,SMB,SE,web,1,P200,Analytics Add-on,addon,2,36.41,72.82,USD
O100518,2025-09-28T13:50:42,2025-09-28,C0162,Customer 0162,SMB,W,web,1,P300,Implementation Package,service,1,470.16,470.16,USD
O100519,2025-09-28T08:05:11,2025-09-28,C0130,Customer 0130,SMB,MW,partner,1,P210,Automation Add-on,addon,2,63.46,126.92,USD
O100520,2025-09-28T12:48:10,2025-09-28,C0065,Customer 0065,Enterprise,NE,web,1,P120,Enterprise Subscription,subscription,1,211.82,211.82,USD
O100521,2025-09-28T12:46:53,2025-09-28,C0146,Customer 0146,SMB,SW,web,1,P310,Training Package,service,1,298.06,298.06,USD
O100522,2025-09-28T19:48:24,2025-09-28,C0037,Customer 0037,SMB,SE,web,1,P110,Professional Subscription,subscription,1,82.64,82.64,USD
O100523,2025-09-28T11:12:31,2025-09-28,C0072,Customer 0072,SMB,NE,mobile,1,P200,Analytics Add-on,addon,1,38.92,38.92,USD
O100524,2025-09-28T17:08:33,2025-09-28,C0032,Customer 0032,SMB,W,web,1,P310,Training Package,service,1,316.42,316.42,USD
O100524,2025-09-28T17:08:33,2025-09-28,C0032,Customer 0032,SMB,W,web,2,P300,Implementation Package,service,1,488.59,488.59,USD
O100525,2025-09-28T17:39:15,2025-09-28,C0182,Customer 0182,Consumer,MW,mobile,1,P210,Automation Add-on,addon,1,62.69,62.69,USD
O100526,2025-09-28T11:14:40,2025-09-28,C0122,Customer 0122,Consumer,W,web,1,P210,Automation Add-on,addon,1,59.58,59.58,USD
O100527,2025-09-28T10:18:01,2025-09-28,C0053,Customer 0053,SMB,SE,web,1,P200,Analytics Add-on,addon,1,38.78,38.78,USD
O100527,2025-09-28T10:18:01,2025-09-28,C0053,Customer 0053,SMB,SE,web,2,P100,Starter Subscription,subscription,1,30.90,30.90,USD
O100528,2025-09-29T13:01:07,2025-09-29,C0033,Customer 0033,SMB,W,web,1,P200,Analytics Add-on,addon,1,36.76,36.76,USD
O100529,2025-09-29T09:26:21,2025-09-29,C0087,Customer 0087,Mid-Market,W,mobile,1,P210,Automation Add-on,addon,1,59.23,59.23,USD
O100530,2025-09-29T10:32:20,2025-09-29,C0223,Customer 0223,Consumer,MW,web,1,P300,Implementation Package,service,1,460.62,460.62,USD
O100530,2025-09-29T10:32:20,2025-09-29,C0223,Customer 0223,Consumer,MW,web,2,P200,Analytics Add-on,addon,1,38.95,38.95,USD
O100531,2025-09-29T16:24:10,2025-09-29,C0096,Customer 0096,SMB,W,mobile,1,P120,Enterprise Subscription,subscription,1,189.31,189.31,USD
O100531,2025-09-29T16:24:10,2025-09-29,C0096,Customer 0096,SMB,W,mobile,2,P310,Training Package,service,1,318.04,318.04,USD
O100532,2025-09-29T11:56:37,2025-09-29,C0173,Customer 0173,SMB,SE,mobile,1,P100,Starter Subscription,subscription,1,29.69,29.69,USD
O100533,2025-09-29T20:10:58,2025-09-29,C0155,Customer 0155,Consumer,SE,web,1,P120,Enterprise Subscription,subscription,1,208.39,208.39,USD
O100534,2025-09-29T12:26:41,2025-09-29,C0020,Customer 0020,SMB,MW,web,1,P100,Starter Subscription,subscription,1,27.34,27.34,USD
O100534,2025-09-29T12:26:41,2025-09-29,C0020,Customer 0020,SMB,MW,web,2,P120,Enterprise Subscription,subscription,1,197.63,197.63,USD
O100535,2025-09-29T19:36:30,2025-09-29,C0006,Customer 0006,Consumer,W,web,1,P110,Professional Subscription,subscription,1,77.70,77.70,USD
O100535,2025-09-29T19:36:30,2025-09-29,C0006,Customer 0006,Consumer,W,web,2,P100,Starter Subscription,subscription,1,28.43,28.43,USD
O100536,2025-09-29T12:01:42,2025-09-29,C0206,Customer 0206,Consumer,SW,web,1,P110,Professional Subscription,subscription,1,78.34,78.34,USD
O100536,2025-09-29T12:01:42,2025-09-29,C0206,Customer 0206,Consumer,SW,web,2,P300,Implementation Package,service,1,459.24,459.24,USD
O100537,2025-09-29T14:11:37,2025-09-29,C0089,Customer 0089,SMB,NE,web,1,P120,Enterprise Subscription,subscription,1,207.51,207.51,USD
O100538,2025-09-29T20:34:55,2025-09-29,C0116,Customer 0116,Mid-Market,NE,mobile,1,P120,Enterprise Subscription,subscription,1,212.32,212.32,USD
O100538,2025-09-29T20:34:55,2025-09-29,C0116,Customer 0116,Mid-Market,NE,mobile,2,P210,Automation Add-on,addon,2,55.65,111.30,USD
O100539,2025-09-29T11:43:45,2025-09-29,C0190,Customer 0190,Consumer,W,mobile,1,P120,Enterprise Subscription,subscription,1,206.38,206.38,USD
O100540,2025-09-29T20:32:51,2025-09-29,C0229,Customer 0229,SMB,SE,web,1,P100,Starter Subscription,subscription,1,29.90,29.90,USD
O100541,2025-09-29T14:00:44,2025-09-29,C0170,Customer 0170,Mid-Market,SE,mobile,1,P120,Enterprise Subscription,subscription,1,189.72,189.72,USD
O100542,2025-09-29T13:43:31,2025-09-29,C0159,Customer 0159,Consumer,SW,partner,1,P200,Analytics Add-on,addon,1,38.84,38.84,USD
O100543,2025-09-30T10:29:17,2025-09-30,C0129,Customer 0129,Consumer,SE,mobile,1,P210,Automation Add-on,addon,2,61.12,122.24,USD
O100544,2025-09-30T19:51:41,2025-09-30,C0199,Customer 0199,Consumer,W,partner,1,P100,Starter Subscription,subscription,1,27.53,27.53,USD
O100544,2025-09-30T19:51:41,2025-09-30,C0199,Customer 0199,Consumer,W,partner,2,P120,Enterprise Subscription,subscription,1,193.91,193.91,USD
O100545,2025-09-30T12:56:42,2025-09-30,C0023,Customer 0023,Consumer,W,web,1,P110,Professional Subscription,subscription,1,84.14,84.14,USD
O100546,2025-09-30T17:26:07,2025-09-30,C0048,Customer 0048,Enterprise,SE,mobile,1,P110,Professional Subscription,subscription,1,76.48,76.48,USD
O100547,2025-09-30T20:04:09,2025-09-30,C0220,Customer 0220,Enterprise,SE,mobile,1,P110,Professional Subscription,subscription,1,78.72,78.72,USD
O100547,2025-09-30T20:04:09,2025-09-30,C0220,Customer 0220,Enterprise,SE,mobile,2,P100,Starter Subscription,subscription,1,31.27,31.27,USD
O100548,2025-09-30T11:42:46,2025-09-30,C0008,Customer 0008,SMB,W,partner,1,P210,Automation Add-on,addon,1,61.35,61.35,USD
O100549,2025-09-30T20:09:49,2025-09-30,C0181,Customer 0181,SMB,W,mobile,1,P200,Analytics Add-on,addon,1,38.78,38.78,USD
O100550,2025-09-30T18:17:59,2025-09-30,C0065,Customer 0065,Enterprise,NE,web,1,P210,Automation Add-on,addon,1,57.24,57.24,USD
O100551,2025-09-30T13:45:34,2025-09-30,C0176,Customer 0176,Mid-Market,SW,mobile,1,P200,Analytics Add-on,addon,2,39.13,78.26,USD
O100552,2025-09-30T19:17:59,2025-09-30,C0124,Customer 0124,SMB,SE,mobile,1,P110,Professional Subscription,subscription,1,75.90,75.90,USD
O100553,2025-09-30T12:03:27,2025-09-30,C0051,Customer 0051,Enterprise,SW,mobile,1,P100,Starter Subscription,subscription,1,28.89,28.89,USD
O100554,2025-09-30T13:39:46,2025-09-30,C0029,Customer 0029,Consumer,MW,web,1,P110,Professional Subscription,subscription,1,75.47,75.47,USD
O100555,2025-09-30T10:58:14,2025-09-30,C0043,Customer 0043,Mid-Market,MW,web,1,P300,Implementation Package,service,1,483.71,483.71,USD
O100556,2025-09-30T15:38:13,2025-09-30,C0215,Customer 0215,SMB,W,web,1,P210,Automation Add-on,addon,2,57.85,115.70,USD
O100556,2025-09-30T15:38:13,2025-09-30,C0215,Customer 0215,SMB,W,web,2,P300,Implementation Package,service,1,522.00,522.00,USD
O100557,2025-09-30T08:24:36,2025-09-30,C0205,Customer 0205,Consumer,SW,web,1,P200,Analytics Add-on,addon,1,40.40,40.40,USD
O100558,2025-09-30T19:35:03,2025-09-30,C0158,Customer 0158,SMB,W,web,1,P120,Enterprise Subscription,subscription,1,197.51,197.51,USD
O100559,2025-09-30T16:30:27,2025-09-30,C0074,Customer 0074,Mid-Market,NE,partner,1,P310,Training Package,service,1,321.07,321.07,USD
O100560,2025-09-30T10:10:03,2025-09-30,C0101,Customer 0101,SMB,SE,web,1,P110,Professional Subscription,subscription,1,83.23,83.23,USD
O100560,2025-09-30T10:10:03,2025-09-30,C0101,Customer 0101,SMB,SE,web,2,P210,Automation Add-on,addon,2,61.67,123.34,USD
O100561,2025-09-30T16:22:50,2025-09-30,C0166,Customer 0166,SMB,SE,mobile,1,P300,Implementation Package,service,1,519.09,519.09,USD
O100561,2025-09-30T16:22:50,2025-09-30,C0166,Customer 0166,SMB,SE,mobile,2,P200,Analytics Add-on,addon,2,41.73,83.46,USD
O100562,2025-10-01T15:12:48,2025-10-01,C0081,Customer 0081,SMB,W,web,1,P300,Implementation Package,service,1,518.99,518.99,USD
O100563,2025-10-01T10:57:40,2025-10-01,C0063,Customer 0063,SMB,NE,partner,1,P100,Starter Subscription,subscription,1,28.31,28.31,USD
O100564,2025-10-01T12:03:01,2025-10-01,C0144,Customer 0144,Consumer,W,web,1,P120,Enterprise Subscription,subscription,1,197.36,197.36,USD
O100564,2025-10-01T12:03:01,2025-10-01,C0144,Customer 0144,Consumer,W,web,2,P100,Starter Subscription,subscription,1,28.23,28.23,USD
O100565,2025-10-01T14:17:25,2025-10-01,C0158,Customer 0158,SMB,W,web,1,P100,Starter Subscription,subscription,1,31.10,31.10,USD
O100566,2025-10-01T15:58:10,2025-10-01,C0057,Customer 0057,Mid-Market,W,partner,1,P100,Starter Subscription,subscription,1,29.79,29.79,USD
O100567,2025-10-01T16:19:31,2025-10-01,C0085,Customer 0085,Mid-Market,SW,partner,1,P100,Starter Subscription,subscription,1,30.40,30.40,USD
O100567,2025-10-01T16:19:31,2025-10-01,C0085,Customer 0085,Mid-Market,SW,partner,2,P210,Automation Add-on,addon,1,55.29,55.29,USD
O100567,2025-10-01T16:19:31,2025-10-01,C0085,Customer 0085,Mid-Market,SW,partner,3,P120,Enterprise Subscription,subscription,1,187.79,187.79,USD
O100568,2025-10-01T09:15:10,2025-10-01,C0077,Customer 0077,SMB,SE,mobile,1,P300,Implementation Package,service,1,533.02,533.02,USD
O100568,2025-10-01T09:15:10,2025-10-01,C0077,Customer 0077,SMB,SE,mobile,2,P100,Starter Subscription,subscription,1,26.94,26.94,USD
O100568,2025-10-01T09:15:10,2025-10-01,C0077,Customer 0077,SMB,SE,mobile,3,P120,Enterprise Subscription,subscription,1,196.00,196.00,USD
O100569,2025-10-01T14:54:05,2025-10-01,C0152,Customer 0152,Consumer,MW,web,1,P300,Implementation Package,service,1,459.76,459.76,USD
O100570,2025-10-01T17:05:02,2025-10-01,C0010,Customer 0010,Consumer,MW,mobile,1,P110,Professional Subscription,subscription,1,84.02,84.02,USD
O100570,2025-10-01T17:05:02,2025-10-01,C0010,Customer 0010,Consumer,MW,mobile,2,P310,Training Package,service,1,314.51,314.51,USD
O100571,2025-10-01T19:30:51,2025-10-01,C0042,Customer 0042,Consumer,MW,web,1,P120,Enterprise Subscription,subscription,1,196.39,196.39,USD
O100571,2025-10-01T19:30:51,2025-10-01,C0042,Customer 0042,Consumer,MW,web,2,P310,Training Package,service,1,319.59,319.59,USD
O100571,2025-10-01T19:30:51,2025-10-01,C0042,Customer 0042,Consumer,MW,web,3,P200,Analytics Add-on,addon,1,40.04,40.04,USD
O100572,2025-10-01T12:49:21,2025-10-01,C0019,Customer 0019,Consumer,NE,mobile,1,P300,Implementation Package,service,1,497.53,497.53,USD
O100573,2025-10-01T15:29:42,2025-10-01,C0209,Customer 0209,SMB,NE,partner,1,P310,Training Package,service,1,296.59,296.59,USD
O100573,2025-10-01T15:29:42,2025-10-01,C0209,Customer 0209,SMB,NE,partner,2,P120,Enterprise Subscription,subscription,1,209.05,209.05,USD
O100574,2025-10-01T20:00:40,2025-10-01,C0010,Customer 0010,Consumer,MW,web,1,P210,Automation Add-on,addon,1,57.46,57.46,USD
O100575,2025-10-01T20:46:51,2025-10-01,C0112,Customer 0112,SMB,NE,web,1,P210,Automation Add-on,addon,2,63.69,127.38,USD
O100575,2025-10-01T20:46:51,2025-10-01,C0112,Customer 0112,SMB,NE,web,2,P310,Training Package,service,1,296.92,296.92,USD
O100575,2025-10-01T20:46:51,2025-10-01,C0112,Customer 0112,SMB,NE,web,3,P120,Enterprise Subscription,subscription,1,192.14,192.14,USD
O100576,2025-10-01T18:54:02,2025-10-01,C0077,Customer 0077,SMB,SE,mobile,1,P210,Automation Add-on,addon,1,56.79,56.79,USD
O100576,2025-10-01T18:54:02,2025-10-01,C0077,Customer 0077,SMB,SE,mobile,2,P120,Enterprise Subscription,subscription,1,199.98,199.98,USD
O100577,2025-10-01T20:40:50,2025-10-01,C0204,Customer 0204,SMB,MW,web,1,P100,Starter Subscription,subscription,1,31.27,31.27,USD
O100577,2025-10-01T20:40:50,2025-10-01,C0204,Customer 0204,SMB,MW,web,2,P200,Analytics Add-on,addon,1,39.21,39.21,USD
O100578,2025-10-01T18:18:42,2025-10-01,C0044,Customer 0044,SMB,NE,web,1,P200,Analytics Add-on,addon,1,40.43,40.43,USD
O100579,2025-10-01T16:07:30,2025-10-01,C0120,Customer 0120,Mid-Market,SW,mobile,1,P100,Starter Subscription,subscription,1,28.33,28.33,USD
O100580,2025-10-01T19:34:12,2025-10-01,C0209,Customer 0209,SMB,NE,web,1,P300,Implementation Package,service,1,486.24,486.24,USD
O100580,2025-10-01T19:34:12,2025-10-01,C0209,Customer 0209,SMB,NE,web,2,P120,Enterprise Subscription,subscription,1,195.47,195.47,USD
O100580,2025-10-01T19:34:12,2025-10-01,C0209,Customer 0209,SMB,NE,web,3,P100,Starter Subscription,subscription,1,30.19,30.19,USD
O100581,2025-10-01T20:31:35,2025-10-01,C0240,Customer 0240,Consumer,W,mobile,1,P300,Implementation Package,service,1,488.53,488.53,USD
O100582,2025-10-01T15:05:08,2025-10-01,C0221,Customer 0221,Consumer,MW,mobile,1,P210,Automation Add-on,addon,1,59.88,59.88,USD
O100583,2025-10-02T12:21:54,2025-10-02,C0040,Customer 0040,SMB,W,web,1,P210,Automation Add-on,addon,1,54.99,54.99,USD
O100584,2025-10-02T17:51:05,2025-10-02,C0055,Customer 0055,Mid-Market,NE,web,1,P310,Training Package,service,1,311.47,311.47,USD
O100585,2025-10-02T15:02:30,2025-10-02,C0229,Customer 0229,SMB,SE,mobile,1,P100,Starter Subscription,subscription,1,27.91,27.91,USD
O100586,2025-10-02T16:15:03,2025-10-02,C0127,Customer 0127,SMB,W,web,1,P200,Analytics Add-on,addon,2,37.71,75.42,USD
O100586,2025-10-02T16:15:03,2025-10-02,C0127,Customer 0127,SMB,W,web,2,P110,Professional Subscription,subscription,1,74.40,74.40,USD
O100587,2025-10-02T19:02:46,2025-10-02,C0064,Customer 0064,SMB,W,web,1,P110,Professional Subscription,subscription,1,76.18,76.18,USD
O100588,2025-10-02T13:20:26,2025-10-02,C0223,Customer 0223,Consumer,MW,web,1,P120,Enterprise Subscription,subscription,1,197.20,197.20,USD
O100589,2025-10-02T20:56:53,2025-10-02,C0016,Customer 0016,Enterprise,W,web,1,P120,Enterprise Subscription,subscription,1,189.57,189.57,USD
O100590,2025-10-02T11:44:55,2025-10-02,C0116,Customer 0116,Mid-Market,NE,web,1,P200,Analytics Add-on,addon,1,36.88,36.88,USD
O100591,2025-10-02T20:19:47,2025-10-02,C0133,Customer 0133,Consumer,SW,web,1,P100,Starter Subscription,subscription,1,27.80,27.80,USD
O100592,2025-10-02T19:19:46,2025-10-02,C0028,Customer 0028,SMB,SE,mobile,1,P310,Training Package,service,1,288.09,288.09,USD
O100593,2025-10-02T15:14:27,2025-10-02,C0086,Customer 0086,Consumer,SW,partner,1,P100,Starter Subscription,subscription,1,27.16,27.16,USD
O100594,2025-10-02T09:02:16,2025-10-02,C0095,Customer 0095,SMB,SE,web,1,P100,Starter Subscription,subscription,1,31.28,31.28,USD
O100595,2025-10-02T17:17:00,2025-10-02,C0237,Customer 0237,Mid-Market,MW,web,1,P120,Enterprise Subscription,subscription,1,207.07,207.07,USD
O100596,2025-10-02T08:07:46,2025-10-02,C0035,Customer 0035,SMB,SE,partner,1,P300,Implementation Package,service,1,519.49,519.49,USD
O100597,2025-10-02T19:52:10,2025-10-02,C0059,Customer 0059,Consumer,W,web,1,P210,Automation Add-on,addon,2,59.29,118.58,USD
O100598,2025-10-02T17:07:50,2025-10-02,C0224,Customer 0224,Mid-Market,MW,mobile,1,P110,Professional Subscription,subscription,1,84.68,84.68,USD
O100598,2025-10-02T17:07:50,2025-10-02,C0224,Customer 0224,Mid-Market,MW,mobile,2,P300,Implementation Package,service,1,468.12,468.12,USD
O100598,2025-10-02T17:07:50,2025-10-02,C0224,Customer 0224,Mid-Market,MW,mobile,3,P210,Automation Add-on,addon,1,58.01,58.01,USD
O100599,2025-10-02T11:08:51,2025-10-02,C0218,Customer 0218,Enterprise,SW,mobile,1,P100,Starter Subscription,subscription,1,27.37,27.37,USD
O100599,2025-10-02T11:08:51,2025-10-02,C0218,Customer 0218,Enterprise,SW,mobile,2,P210,Automation Add-on,addon,1,54.95,54.95,USD
O100600,2025-10-02T20:57:34,2025-10-02,C0113,Customer 0113,Enterprise,MW,mobile,1,P300,Implementation Package,service,1,518.84,518.84,USD
O100601,2025-10-02T15:02:32,2025-10-02,C0098,Customer 0098,SMB,W,web,1,P210,Automation Add-on,addon,1,54.31,54.31,USD
O100602,2025-10-02T18:03:23,2025-10-02,C0095,Customer 0095,SMB,SE,web,1,P210,Automation Add-on,addon,1,61.17,61.17,USD
O100603,2025-10-02T12:54:41,2025-10-02,C0188,Customer 0188,Mid-Market,SW,web,1,P200,Analytics Add-on,addon,1,38.24,38.24,USD
O100603,2025-10-02T12:54:41,2025-10-02,C0188,Customer 0188,Mid-Market,SW,web,2,P110,Professional Subscription,subscription,1,82.34,82.34,USD
O100603,2025-10-02T12:54:41,2025-10-02,C0188,Customer 0188,Mid-Market,SW,web,3,P210,Automation Add-on,addon,2,60.39,120.78,USD
O100604,2025-10-02T19:46:54,2025-10-02,C0095,Customer 0095,SMB,SE,web,1,P120,Enterprise Subscription,subscription,1,213.67,213.67,USD
O100605,2025-10-02T18:05:30,2025-10-02,C0006,Customer 0006,Consumer,W,web,1,P120,Enterprise Subscription,subscription,1,210.56,210.56,USD
O100606,2025-10-02T11:58:13,2025-10-02,C0062,Customer 0062,Consumer,SW,web,1,P120,Enterprise Subscription,subscription,1,209.46,209.46,USD
O100606,2025-10-02T11:58:13,2025-10-02,C0062,Customer 0062,Consumer,SW,web,2,P110,Professional Subscription,subscription,1,75.94,75.94,USD
O100607,2025-10-02T10:25:41,2025-10-02,C0056,Customer 0056,Consumer,SE,web,1,P200,Analytics Add-on,addon,1,40.39,40.39,USD
O100608,2025-10-03T11:52:01,2025-10-03,C0048,Customer 0048,Enterprise,SE,partner,1,P100,Starter Subscription,subscription,1,28.23,28.23,USD
O100609,2025-10-03T17:50:22,2025-10-03,C0095,Customer 0095,SMB,SE,web,1,P120,Enterprise Subscription,subscription,1,202.30,202.30,USD
O100610,2025-10-03T10:48:26,2025-10-03,C0151,Customer 0151,Consumer,W,web,1,P110,Professional Subscription,subscription,1,80.35,80.35,USD
O100610,2025-10-03T10:48:26,2025-10-03,C0151,Customer 0151,Consumer,W,web,2,P310,Training Package,service,1,299.28,299.28,USD
O100611,2025-10-03T20:50:21,2025-10-03,C0006,Customer 0006,Consumer,W,web,1,P200,Analytics Add-on,addon,2,40.21,80.42,USD
O100611,2025-10-03T20:50:21,2025-10-03,C0006,Customer 0006,Consumer,W,web,2,P310,Training Package,service,1,280.65,280.65,USD
O100611,2025-10-03T20:50:21,2025-10-03,C0006,Customer 0006,Consumer,W,web,3,P100,Starter Subscription,subscription,1,27.28,27.28,USD
O100612,2025-10-03T19:13:06,2025-10-03,C0083,Customer 0083,Mid-Market,SW,partner,1,P120,Enterprise Subscription,subscription,1,194.41,194.41,USD
O100612,2025-10-03T19:13:06,2025-10-03,C0083,Customer 0083,Mid-Market,SW,partner,2,P310,Training Package,service,1,314.18,314.18,USD
O100613,2025-10-03T16:08:26,2025-10-03,C0229,Customer 0229,SMB,SE,web,1,P120,Enterprise Subscription,subscription,1,202.65,202.65,USD
O100614,2025-10-03T15:16:37,2025-10-03,C0183,Customer 0183,SMB,MW,mobile,1,P210,Automation Add-on,addon,2,59.69,119.38,USD
O100615,2025-10-03T20:54:12,2025-10-03,C0159,Customer 0159,Consumer,SW,partner,1,P100,Starter Subscription,subscription,1,30.57,30.57,USD
O100615,2025-10-03T20:54:12,2025-10-03,C0159,Customer 0159,Consumer,SW,partner,2,P110,Professional Subscription,subscription,1,82.88,82.88,USD
O100616,2025-10-03T08:41:28,2025-10-03,C0229,Customer 0229,SMB,SE,web,1,P210,Automation Add-on,addon,2,56.43,112.86,USD
O100617,2025-10-03T18:09:27,2025-10-03,C0140,Customer 0140,Consumer,NE,mobile,1,P210,Automation Add-on,addon,1,59.69,59.69,USD
O100618,2025-10-03T16:09:15,2025-10-03,C0103,Customer 0103,Consumer,NE,mobile,1,P310,Training Package,service,1,288.09,288.09,USD
O100618,2025-10-03T16:09:15,2025-10-03,C0103,Customer 0103,Consumer,NE,mobile,2,P210,Automation Add-on,addon,1,62.35,62.35,USD
O100619,2025-10-03T11:52:39,2025-10-03,C0172,Customer 0172,SMB,W,web,1,P310,Training Package,service,1,320.31,320.31,USD
O100619,2025-10-03T11:52:39,2025-10-03,C0172,Customer 0172,SMB,W,web,2,P100,Starter Subscription,subscription,1,28.42,28.42,USD
O100619,2025-10-03T11:52:39,2025-10-03,C0172,Customer 0172,SMB,W,web,3,P300,Implementation Package,service,1,463.55,463.55,USD
O100620,2025-10-03T15:38:18,2025-10-03,C0113,Customer 0113,Enterprise,MW,web,1,P200,Analytics Add-on,addon,1,40.41,40.41,USD
O100621,2025-10-03T11:29:14,2025-10-03,C0051,Customer 0051,Enterprise,SW,web,1,P120,Enterprise Subscription,subscription,1,194.47,194.47,USD
O100622,2025-10-03T09:05:38,2025-10-03,C0174,Customer 0174,Mid-Market,SW,web,1,P110,Professional Subscription,subscription,1,82.16,82.16,USD
O100623,2025-10-03T12:37:03,2025-10-03,C0079,Customer 0079,SMB,SE,mobile,1,P210,Automation Add-on,addon,1,54.73,54.73,USD
O100624,2025-10-03T20:31:42,2025-10-03,C0190,Customer 0190,Consumer,W,web,1,P100,Starter Subscription,subscription,1,29.65,29.65,USD
O100624,2025-10-03T20:31:42,2025-10-03,C0190,Customer 0190,Consumer,W,web,2,P310,Training Package,service,1,317.09,317.09,USD
O100624,2025-10-03T20:31:42,2025-10-03,C0190,Customer 0190,Consumer,W,web,3,P110,Professional Subscription,subscription,1,83.98,83.98,USD
O100625,2025-10-03T20:44:37,2025-10-03,C0127,Customer 0127,SMB,W,web,1,P200,Analytics Add-on,addon,1,38.71,38.71,USD
O100625,2025-10-03T20:44:37,2025-10-03,C0127,Customer 0127,SMB,W,web,2,P300,Implementation Package,service,1,514.98,514.98,USD
O100626,2025-10-03T14:43:55,2025-10-03,C0023,Customer 0023,Consumer,W,mobile,1,P120,Enterprise Subscription,subscription,1,200.24,200.24,USD
O100627,2025-10-03T12:50:34,2025-10-03,C0139,Customer 0139,Consumer,W,partner,1,P110,Professional Subscription,subscription,1,82.77,82.77,USD
O100627,2025-10-03T12:50:34,2025-10-03,C0139,Customer 0139,Consumer,W,partner,2,P100,Starter Subscription,subscription,1,31.09,31.09,USD
O100627,2025-10-03T12:50:34,2025-10-03,C0139,Customer 0139,Consumer,W,partner,3,P120,Enterprise Subscription,subscription,1,205.11,205.11,USD
O100628,2025-10-04T13:28:40,2025-10-04,C0073,Customer 0073,Mid-Market,SW,web,1,P310,Training Package,service,1,311.02,311.02,USD
O100629,2025-10-04T12:24:49,2025-10-04,C0116,Customer 0116,Mid-Market,NE,web,1,P300,Implementation Package,service,1,512.07,512.07,USD
O100629,2025-10-04T12:24:49,2025-10-04,C0116,Customer 0116,Mid-Market,NE,web,2,P310,Training Package,service,1,297.15,297.15,USD
O100630,2025-10-04T18:50:15,2025-10-04,C0175,Customer 0175,Enterprise,W,web,1,P100,Starter Subscription,subscription,1,30.83,30.83,USD
O100630,2025-10-04T18:50:15,2025-10-04,C0175,Customer 0175,Enterprise,W,web,2,P300,Implementation Package,service,1,487.85,487.85,USD
O100631,2025-10-04T13:52:52,2025-10-04,C0036,Customer 0036,Mid-Market,NE,mobile,1,P110,Professional Subscription,subscription,1,80.69,80.69,USD
O100632,2025-10-04T13:11:34,2025-10-04,C0175,Customer 0175,Enterprise,W,mobile,1,P200,Analytics Add-on,addon,1,38.31,38.31,USD
O100632,2025-10-04T13:11:34,2025-10-04,C0175,Customer 0175,Enterprise,W,mobile,2,P110,Professional Subscription,subscription,1,84.92,84.92,USD
O100633,2025-10-04T13:01:41,2025-10-04,C0095,Customer 0095,SMB,SE,web,1,P200,Analytics Add-on,addon,2,37.90,75.80,USD
O100634,2025-10-04T17:15:17,2025-10-04,C0086,Customer 0086,Consumer,SW,mobile,1,P120,Enterprise Subscription,subscription,1,189.77,189.77,USD
O100635,2025-10-04T10:44:55,2025-10-04,C0069,Customer 0069,Consumer,SE,mobile,1,P310,Training Package,service,1,312.99,312.99,USD
O100636,2025-10-04T15:00:17,2025-10-04,C0194,Customer 0194,Consumer,W,web,1,P210,Automation Add-on,addon,2,59.55,119.10,USD
O100637,2025-10-04T18:17:34,2025-10-04,C0229,Customer 0229,SMB,SE,mobile,1,P200,Analytics Add-on,addon,1,40.79,40.79,USD
O100637,2025-10-04T18:17:34,2025-10-04,C0229,Customer 0229,SMB,SE,mobile,2,P120,Enterprise Subscription,subscription,1,209.88,209.88,USD
O100638,2025-10-04T11:08:41,2025-10-04,C0019,Customer 0019,Consumer,NE,partner,1,P310,Training Package,service,1,313.32,313.32,USD
O100638,2025-10-04T11:08:41,2025-10-04,C0019,Customer 0019,Consumer,NE,partner,2,P100,Starter Subscription,subscription,1,30.71,30.71,USD
O100639,2025-10-04T17:39:45,2025-10-04,C0099,Customer 0099,Enterprise,MW,web,1,P310,Training Package,service,1,308.11,308.11,USD
O100640,2025-10-04T11:04:33,2025-10-04,C0074,Customer 0074,Mid-Market,NE,web,1,P300,Implementation Package,service,1,523.57,523.57,USD
O100640,2025-10-04T11:04:33,2025-10-04,C0074,Customer 0074,Mid-Market,NE,web,2,P210,Automation Add-on,addon,1,61.24,61.24,USD
O100641,2025-10-04T10:13:45,2025-10-04,C0126,Customer 0126,SMB,SE,mobile,1,P210,Automation Add-on,addon,1,61.52,61.52,USD
O100642,2025-10-04T10:39:05,2025-10-04,C0084,Customer 0084,Consumer,NE,web,1,P300,Implementation Package,service,1,495.29,495.29,USD
O100642,2025-10-04T10:39:05,2025-10-04,C0084,Customer 0084,Consumer,NE,web,2,P310,Training Package,service,1,318.12,318.12,USD
O100643,2025-10-04T19:27:51,2025-10-04,C0026,Customer 0026,Consumer,NE,web,1,P100,Starter Subscription,subscription,1,28.09,28.09,USD
O100643,2025-10-04T19:27:51,2025-10-04,C0026,Customer 0026,Consumer,NE,web,2,P300,Implementation Package,service,1,503.24,503.24,USD
O100644,2025-10-04T19:41:29,2025-10-04,C0126,Customer 0126,SMB,SE,mobile,1,P110,Professional Subscription,subscription,1,82.90,82.90,USD
O100644,2025-10-04T19:41:29,2025-10-04,C0126,Customer 0126,SMB,SE,mobile,2,P310,Training Package,service,1,288.95,288.95,USD
O100645,2025-10-04T09:10:03,2025-10-04,C0113,Customer 0113,Enterprise,MW,web,1,P210,Automation Add-on,addon,2,62.88,125.76,USD
O100645,2025-10-04T09:10:03,2025-10-04,C0113,Customer 0113,Enterprise,MW,web,2,P200,Analytics Add-on,addon,2,36.58,73.16,USD
O100646,2025-10-04T20:35:31,2025-10-04,C0068,Customer 0068,SMB,SE,mobile,1,P200,Analytics Add-on,addon,2,41.27,82.54,USD
O100646,2025-10-04T20:35:31,2025-10-04,C0068,Customer 0068,SMB,SE,mobile,2,P210,Automation Add-on,addon,1,57.58,57.58,USD
O100646,2025-10-04T20:35:31,2025-10-04,C0068,Customer 0068,SMB,SE,mobile,3,P300,Implementation Package,service,1,475.89,475.89,USD
O100647,2025-10-04T09:01:49,2025-10-04,C0147,Customer 0147,Enterprise,W,web,1,P310,Training Package,service,1,319.42,319.42,USD
O100648,2025-10-04T18:09:46,2025-10-04,C0013,Customer 0013,Consumer,W,web,1,P100,Starter Subscription,subscription,1,30.70,30.70,USD
O100649,2025-10-05T19:46:13,2025-10-05,C0160,Customer 0160,Mid-Market,SE,web,1,P200,Analytics Add-on,addon,1,37.98,37.98,USD
O100650,2025-10-05T17:18:24,2025-10-05,C0039,Customer 0039,Mid-Market,SW,web,1,P210,Automation Add-on,addon,2,62.27,124.54,USD
O100650,2025-10-05T17:18:24,2025-10-05,C0039,Customer 0039,Mid-Market,SW,web,2,P110,Professional Subscription,subscription,1,85.25,85.25,USD
O100651,2025-10-05T13:35:20,2025-10-05,C0109,Customer 0109,Mid-Market,W,web,1,P310,Training Package,service,1,319.29,319.29,USD
O100652,2025-10-05T15:17:03,2025-10-05,C0143,Customer 0143,Consumer,MW,web,1,P200,Analytics Add-on,addon,2,41.90,83.80,USD
O100652,2025-10-05T15:17:03,2025-10-05,C0143,Customer 0143,Consumer,MW,web,2,P300,Implementation Package,service,1,493.51,493.51,USD
O100653,2025-10-05T13:27:57,2025-10-05,C0116,Customer 0116,Mid-Market,NE,mobile,1,P120,Enterprise Subscription,subscription,1,201.87,201.87,USD
O100653,2025-10-05T13:27:57,2025-10-05,C0116,Customer 0116,Mid-Market,NE,mobile,2,P200,Analytics Add-on,addon,1,38.20,38.20,USD
O100654,2025-10-05T14:35:14,2025-10-05,C0203,Customer 0203,SMB,SW,web,1,P310,Training Package,service,1,320.20,320.20,USD
O100655,2025-10-05T19:14:21,2025-10-05,C0119,Customer 0119,Consumer,SE,web,1,P310,Training Package,service,1,288.84,288.84,USD
O100656,2025-10-05T11:42:51,2025-10-05,C0086,Customer 0086,Consumer,SW,partner,1,P200,Analytics Add-on,addon,1,41.01,41.01,USD
O100657,2025-10-05T17:01:48,2025-10-05,C0161,Customer 0161,Mid-Market,SE,web,1,P200,Analytics Add-on,addon,2,38.91,77.82,USD
O100658,2025-10-05T12:39:38,2025-10-05,C0011,Customer 0011,SMB,MW,web,1,P120,Enterprise Subscription,subscription,1,209.51,209.51,USD
O100658,2025-10-05T12:39:38,2025-10-05,C0011,Customer 0011,SMB,MW,web,2,P300,Implementation Package,service,1,524.69,524.69,USD
O100659,2025-10-05T11:31:18,2025-10-05,C0039,Customer 0039,Mid-Market,SW,partner,1,P210,Automation Add-on,addon,1,56.62,56.62,USD
O100660,2025-10-05T14:54:42,2025-10-05,C0043,Customer 0043,Mid-Market,MW,web,1,P100,Starter Subscription,subscription,1,29.07,29.07,USD
O100661,2025-10-05T18:37:18,2025-10-05,C0129,Customer 0129,Consumer,SE,partner,1,P310,Training Package,service,1,314.33,314.33,USD
O100662,2025-10-05T16:23:28,2025-10-05,C0113,Customer 0113,Enterprise,MW,partner,1,P100,Starter Subscription,subscription,1,30.45,30.45,USD
O100663,2025-10-05T20:10:38,2025-10-05,C0070,Customer 0070,SMB,W,mobile,1,P210,Automation Add-on,addon,1,58.65,58.65,USD
O100664,2025-10-05T16:41:15,2025-10-05,C0127,Customer 0127,SMB,W,web,1,P310,Training Package,service,1,308.13,308.13,USD
O100665,2025-10-06T08:09:35,2025-10-06,C0114,Customer 0114,Consumer,MW,web,1,P110,Professional Subscription,subscription,1,85.08,85.08,USD
O100666,2025-10-06T15:09:48,2025-10-06,C0102,Customer 0102,Consumer,SW,web,1,P100,Starter Subscription,subscription,1,26.78,26.78,USD
O100666,2025-10-06T15:09:48,2025-10-06,C0102,Customer 0102,Consumer,SW,web,2,P200,Analytics Add-on,addon,1,36.44,36.44,USD
O100667,2025-10-06T10:15:02,2025-10-06,C0088,Customer 0088,Consumer,SE,partner,1,P210,Automation Add-on,addon,1,58.06,58.06,USD
O100668,2025-10-06T20:47:30,2025-10-06,C0121,Customer 0121,SMB,NE,partner,1,P100,Starter Subscription,subscription,1,29.93,29.93,USD
O100668,2025-10-06T20:47:30,2025-10-06,C0121,Customer 0121,SMB,NE,partner,2,P210,Automation Add-on,addon,2,59.36,118.72,USD
O100668,2025-10-06T20:47:30,2025-10-06,C0121,Customer 0121,SMB,NE,partner,3,P110,Professional Subscription,subscription,1,82.20,82.20,USD
O100669,2025-10-06T20:58:15,2025-10-06,C0159,Customer 0159,Consumer,SW,mobile,1,P300,Implementation Package,service,1,508.46,508.46,USD
O100670,2025-10-06T18:49:30,2025-10-06,C0015,Customer 0015,SMB,SW,partner,1,P200,Analytics Add-on,addon,2,36.16,72.32,USD
O100671,2025-10-06T17:16:20,2025-10-06,C0132,Customer 0132,SMB,NE,web,1,P200,Analytics Add-on,addon,1,36.19,36.19,USD
O100672,2025-10-06T20:59:19,2025-10-06,C0210,Customer 0210,SMB,NE,web,1,P200,Analytics Add-on,addon,1,39.23,39.23,USD
O100672,2025-10-06T20:59:19,2025-10-06,C0210,Customer 0210,SMB,NE,web,2,P310,Training Package,service,1,276.48,276.48,USD
O100673,2025-10-06T13:38:38,2025-10-06,C0162,Customer 0162,SMB,W,web,1,P100,Starter Subscription,subscription,1,27.42,27.42,USD
O100673,2025-10-06T13:38:38,2025-10-06,C0162,Customer 0162,SMB,W,web,2,P300,Implementation Package,service,1,473.99,473.99,USD
O100673,2025-10-06T13:38:38,2025-10-06,C0162,Customer 0162,SMB,W,web,3,P200,Analytics Add-on,addon,1,36.83,36.83,USD
O100674,2025-10-06T12:45:06,2025-10-06,C0046,Customer 0046,Consumer,W,web,1,P310,Training Package,service,1,300.60,300.60,USD
O100674,2025-10-06T12:45:06,2025-10-06,C0046,Customer 0046,Consumer,W,web,2,P210,Automation Add-on,addon,2,60.32,120.64,USD
O100674,2025-10-06T12:45:06,2025-10-06,C0046,Customer 0046,Consumer,W,web,3,P120,Enterprise Subscription,subscription,1,214.71,214.71,USD
O100675,2025-10-06T13:28:59,2025-10-06,C0153,Customer 0153,Consumer,W,mobile,1,P310,Training Package,service,1,288.15,288.15,USD
O100676,2025-10-06T15:21:14,2025-10-06,C0195,Customer 0195,Consumer,SW,web,1,P300,Implementation Package,service,1,528.25,528.25,USD
O100676,2025-10-06T15:21:14,2025-10-06,C0195,Customer 0195,Consumer,SW,web,2,P200,Analytics Add-on,addon,2,36.18,72.36,USD
O100677,2025-10-06T11:54:56,2025-10-06,C0223,Customer 0223,Consumer,MW,web,1,P110,Professional Subscription,subscription,1,74.63,74.63,USD
O100678,2025-10-06T15:22:45,2025-10-06,C0230,Customer 0230,Enterprise,MW,web,1,P310,Training Package,service,1,315.59,315.59,USD
O100679,2025-10-06T09:32:04,2025-10-06,C0190,Customer 0190,Consumer,W,mobile,1,P200,Analytics Add-on,addon,2,37.67,75.34,USD
O100680,2025-10-06T16:56:23,2025-10-06,C0210,Customer 0210,SMB,NE,mobile,1,P210,Automation Add-on,addon,1,58.53,58.53,USD
O100681,2025-10-07T15:37:44,2025-10-07,C0081,Customer 0081,SMB,W,web,1,P120,Enterprise Subscription,subscription,1,209.82,209.82,USD
O100682,2025-10-07T18:35:31,2025-10-07,C0166,Customer 0166,SMB,SE,web,1,P110,Professional Subscription,subscription,1,85.11,85.11,USD
O100682,2025-10-07T18:35:31,2025-10-07,C0166,Customer 0166,SMB,SE,web,2,P210,Automation Add-on,addon,2,62.46,124.92,USD
O100682,2025-10-07T18:35:31,2025-10-07,C0166,Customer 0166,SMB,SE,web,3,P310,Training Package,service,1,319.29,319.29,USD
O100683,2025-10-07T20:43:30,2025-10-07,C0236,Customer 0236,Consumer,MW,mobile,1,P210,Automation Add-on,addon,1,62.00,62.00,USD
O100684,2025-10-07T15:17:26,2025-10-07,C0202,Customer 0202,Mid-Market,SW,mobile,1,P210,Automation Add-on,addon,1,56.12,56.12,USD
O100684,2025-10-07T15:17:26,2025-10-07,C0202,Customer 0202,Mid-Market,SW,mobile,2,P300,Implementation Package,service,1,483.78,483.78,USD
O100685,2025-10-07T18:25:58,2025-10-07,C0004,Customer 0004,Enterprise,NE,web,1,P300,Implementation Package,service,1,515.29,515.29,USD
O100685,2025-10-07T18:25:58,2025-10-07,C0004,Customer 0004,Enterprise,NE,web,2,P100,Starter Subscription,subscription,1,30.82,30.82,USD
O100686,2025-10-07T20:35:48,2025-10-07,C0095,Customer 0095,SMB,SE,web,1,P110,Professional Subscription,subscription,1,76.40,76.40,USD
O100687,2025-10-07T09:30:33,2025-10-07,C0145,Customer 0145,Mid-Market,W,partner,1,P200,Analytics Add-on,addon,1,38.15,38.15,USD
O100687,2025-10-07T09:30:33,2025-10-07,C0145,Customer 0145,Mid-Market,W,partner,2,P210,Automation Add-on,addon,1,61.86,61.86,USD
O100688,2025-10-07T17:35:53,2025-10-07,C0134,Customer 0134,SMB,SW,partner,1,P120,Enterprise Subscription,subscription,1,214.21,214.21,USD
O100689,2025-10-07T18:35:09,2025-10-07,C0205,Customer 0205,Consumer,SW,web,1,P210,Automation Add-on,addon,1,58.39,58.39,USD
O100689,2025-10-07T18:35:09,2025-10-07,C0205,Customer 0205,Consumer,SW,web,2,P200,Analytics Add-on,addon,1,36.90,36.90,USD
O100690,2025-10-07T08:45:36,2025-10-07,C0128,Customer 0128,Consumer,SE,web,1,P100,Starter Subscription,subscription,1,28.53,28.53,USD
O100690,2025-10-07T08:45:36,2025-10-07,C0128,Customer 0128,Consumer,SE,web,2,P300,Implementation Package,service,1,532.96,532.96,USD
O100691,2025-10-07T10:44:16,2025-10-07,C0047,Customer 0047,Consumer,MW,mobile,1,P110,Professional Subscription,subscription,1,85.24,85.24,USD
O100692,2025-10-07T10:54:29,2025-10-07,C0157,Customer 0157,Consumer,MW,partner,1,P310,Training Package,service,1,306.51,306.51,USD
O100693,2025-10-07T18:05:56,2025-10-07,C0213,Customer 0213,Consumer,W,web,1,P210,Automation Add-on,addon,1,60.88,60.88,USD
O100693,2025-10-07T18:05:56,2025-10-07,C0213,Customer 0213,Consumer,W,web,2,P300,Implementation Package,service,1,477.20,477.20,USD
O100694,2025-10-07T11:57:49,2025-10-07,C0022,Customer 0022,SMB,NE,mobile,1,P120,Enterprise Subscription,subscription,1,193.66,193.66,USD
O100695,2025-10-07T20:56:52,2025-10-07,C0135,Customer 0135,Mid-Market,SE,web,1,P110,Professional Subscription,subscription,1,79.38,79.38,USD
O100695,2025-10-07T20:56:52,2025-10-07,C0135,Customer 0135,Mid-Market,SE,web,2,P200,Analytics Add-on,addon,1,41.26,41.26,USD
O100696,2025-10-07T15:59:17,2025-10-07,C0209,Customer 0209,SMB,NE,mobile,1,P200,Analytics Add-on,addon,2,37.97,75.94,USD
O100697,2025-10-07T12:46:01,2025-10-07,C0180,Customer 0180,SMB,SE,mobile,1,P110,Professional Subscription,subscription,1,84.70,84.70,USD
O100697,2025-10-07T12:46:01,2025-10-07,C0180,Customer 0180,SMB,SE,mobile,2,P100,Starter Subscription,subscription,1,31.31,31.31,USD
O100698,2025-10-07T11:20:52,2025-10-07,C0236,Customer 0236,Consumer,MW,partner,1,P100,Starter Subscription,subscription,1,29.85,29.85,USD
O100699,2025-10-08T19:59:11,2025-10-08,C0055,Customer 0055,Mid-Market,NE,partner,1,P310,Training Package,service,1,306.40,306.40,USD
O100700,2025-10-08T08:25:18,2025-10-08,C0013,Customer 0013,Consumer,W,partner,1,P120,Enterprise Subscription,subscription,1,183.47,183.47,USD
O100700,2025-10-08T08:25:18,2025-10-08,C0013,Customer 0013,Consumer,W,partner,2,P300,Implementation Package,service,1,514.17,514.17,USD
O100701,2025-10-08T10:02:23,2025-10-08,C0088,Customer 0088,Consumer,SE,web,1,P200,Analytics Add-on,addon,1,39.43,39.43,USD
O100702,2025-10-08T12:19:37,2025-10-08,C0146,Customer 0146,SMB,SW,mobile,1,P310,Training Package,service,1,275.21,275.21,USD
O100702,2025-10-08T12:19:37,2025-10-08,C0146,Customer 0146,SMB,SW,mobile,2,P110,Professional Subscription,subscription,1,78.88,78.88,USD
O100702,2025-10-08T12:19:37,2025-10-08,C0146,Customer 0146,SMB,SW,mobile,3,P100,Starter Subscription,subscription,1,28.43,28.43,USD
O100703,2025-10-08T12:11:37,2025-10-08,C0138,Customer 0138,Mid-Market,W,web,1,P210,Automation Add-on,addon,2,61.63,123.26,USD
O100704,2025-10-08T13:15:00,2025-10-08,C0012,Customer 0012,SMB,NE,mobile,1,P210,Automation Add-on,addon,1,56.57,56.57,USD
O100704,2025-10-08T13:15:00,2025-10-08,C0012,Customer 0012,SMB,NE,mobile,2,P200,Analytics Add-on,addon,1,41.41,41.41,USD
O100704,2025-10-08T13:15:00,2025-10-08,C0012,Customer 0012,SMB,NE,mobile,3,P310,Training Package,service,1,280.66,280.66,USD
O100705,2025-10-08T11:26:42,2025-10-08,C0060,Customer 0060,Consumer,MW,mobile,1,P100,Starter Subscription,subscription,1,30.79,30.79,USD
O100706,2025-10-08T10:14:45,2025-10-08,C0216,Customer 0216,Consumer,SE,mobile,1,P110,Professional Subscription,subscription,1,78.13,78.13,USD
O100707,2025-10-08T14:13:34,2025-10-08,C0129,Customer 0129,Consumer,SE,web,1,P100,Starter Subscription,subscription,1,30.07,30.07,USD
O100708,2025-10-08T17:30:57,2025-10-08,C0131,Customer 0131,Consumer,SE,web,1,P120,Enterprise Subscription,subscription,1,213.69,213.69,USD
O100709,2025-10-08T12:05:17,2025-10-08,C0016,Customer 0016,Enterprise,W,web,1,P300,Implementation Package,service,1,532.90,532.90,USD
O100709,2025-10-08T12:05:17,2025-10-08,C0016,Customer 0016,Enterprise,W,web,2,P110,Professional Subscription,subscription,1,83.55,83.55,USD
O100709,2025-10-08T12:05:17,2025-10-08,C0016,Customer 0016,Enterprise,W,web,3,P310,Training Package,service,1,310.85,310.85,USD
O100710,2025-10-08T11:03:17,2025-10-08,C0163,Customer 0163,Consumer,MW,partner,1,P110,Professional Subscription,subscription,1,74.33,74.33,USD
O100710,2025-10-08T11:03:17,2025-10-08,C0163,Customer 0163,Consumer,MW,partner,2,P310,Training Package,service,1,296.08,296.08,USD
O100711,2025-10-08T17:14:59,2025-10-08,C0204,Customer 0204,SMB,MW,mobile,1,P120,Enterprise Subscription,subscription,1,195.75,195.75,USD
O100712,2025-10-08T19:34:52,2025-10-08,C0216,Customer 0216,Consumer,SE,web,1,P200,Analytics Add-on,addon,1,39.42,39.42,USD
O100712,2025-10-08T19:34:52,2025-10-08,C0216,Customer 0216,Consumer,SE,web,2,P110,Professional Subscription,subscription,1,82.81,82.81,USD
O100713,2025-10-08T11:44:25,2025-10-08,C0099,Customer 0099,Enterprise,MW,partner,1,P210,Automation Add-on,addon,1,57.70,57.70,USD
O100714,2025-10-08T17:26:22,2025-10-08,C0058,Customer 0058,SMB,W,web,1,P200,Analytics Add-on,addon,1,37.06,37.06,USD
O100714,2025-10-08T17:26:22,2025-10-08,C0058,Customer 0058,SMB,W,web,2,P110,Professional Subscription,subscription,1,83.38,83.38,USD
O100715,2025-10-08T19:31:38,2025-10-08,C0137,Customer 0137,Mid-Market,NE,partner,1,P300,Implementation Package,service,1,533.36,533.36,USD
O100715,2025-10-08T19:31:38,2025-10-08,C0137,Customer 0137,Mid-Market,NE,partner,2,P210,Automation Add-on,addon,1,60.32,60.32,USD
O100716,2025-10-08T08:51:44,2025-10-08,C0052,Customer 0052,SMB,MW,web,1,P310,Training Package,service,1,292.58,292.58,USD
O100717,2025-10-08T14:59:46,2025-10-08,C0101,Customer 0101,SMB,SE,mobile,1,P310,Training Package,service,1,278.12,278.12,USD
O100718,2025-10-08T12:32:05,2025-10-08,C0235,Customer 0235,Consumer,W,mobile,1,P200,Analytics Add-on,addon,2,36.77,73.54,USD
O100719,2025-10-08T18:34:37,2025-10-08,C0068,Customer 0068,SMB,SE,web,1,P110,Professional Subscription,subscription,1,83.00,83.00,USD
O100719,2025-10-08T18:34:37,2025-10-08,C0068,Customer 0068,SMB,SE,web,2,P200,Analytics Add-on,addon,1,40.73,40.73,USD
O100720,2025-10-08T09:05:23,2025-10-08,C0037,Customer 0037,SMB,SE,mobile,1,P210,Automation Add-on,addon,1,57.29,57.29,USD
O100721,2025-10-09T18:59:52,2025-10-09,C0223,Customer 0223,Consumer,MW,mobile,1,P200,Analytics Add-on,addon,2,41.00,82.00,USD
O100721,2025-10-09T18:59:52,2025-10-09,C0223,Customer 0223,Consumer,MW,mobile,2,P120,Enterprise Subscription,subscription,1,190.17,190.17,USD
O100722,2025-10-09T16:04:01,2025-10-09,C0239,Customer 0239,Mid-Market,W,partner,1,P300,Implementation Package,service,1,500.53,500.53,USD
O100723,2025-10-09T12:14:36,2025-10-09,C0155,Customer 0155,Consumer,SE,mobile,1,P110,Professional Subscription,subscription,1,82.33,82.33,USD
O100724,2025-10-09T10:46:23,2025-10-09,C0089,Customer 0089,SMB,NE,partner,1,P310,Training Package,service,1,306.62,306.62,USD
O100725,2025-10-09T20:53:14,2025-10-09,C0178,Customer 0178,Consumer,W,mobile,1,P110,Professional Subscription,subscription,1,78.03,78.03,USD
O100726,2025-10-09T16:51:10,2025-10-09,C0196,Customer 0196,SMB,SW,mobile,1,P100,Starter Subscription,subscription,1,27.14,27.14,USD
O100727,2025-10-09T19:09:09,2025-10-09,C0056,Customer 0056,Consumer,SE,partner,1,P210,Automation Add-on,addon,2,57.04,114.08,USD
O100727,2025-10-09T19:09:09,2025-10-09,C0056,Customer 0056,Consumer,SE,partner,2,P100,Starter Subscription,subscription,1,31.31,31.31,USD
O100727,2025-10-09T19:09:09,2025-10-09,C0056,Customer 0056,Consumer,SE,partner,3,P300,Implementation Package,service,1,486.71,486.71,USD
O100728,2025-10-09T20:15:04,2025-10-09,C0123,Customer 0123,Consumer,W,partner,1,P100,Starter Subscription,subscription,1,27.94,27.94,USD
O100729,2025-10-09T18:23:24,2025-10-09,C0122,Customer 0122,Consumer,W,web,1,P310,Training Package,service,1,277.23,277.23,USD
O100729,2025-10-09T18:23:24,2025-10-09,C0122,Customer 0122,Consumer,W,web,2,P200,Analytics Add-on,addon,1,37.45,37.45,USD
O100730,2025-10-09T14:17:01,2025-10-09,C0085,Customer 0085,Mid-Market,SW,mobile,1,P210,Automation Add-on,addon,1,59.87,59.87,USD
O100730,2025-10-09T14:17:01,2025-10-09,C0085,Customer 0085,Mid-Market,SW,mobile,2,P300,Implementation Package,service,1,475.97,475.97,USD
O100731,2025-10-09T12:04:12,2025-10-09,C0039,Customer 0039,Mid-Market,SW,mobile,1,P200,Analytics Add-on,addon,1,38.77,38.77,USD
O100731,2025-10-09T12:04:12,2025-10-09,C0039,Customer 0039,Mid-Market,SW,mobile,2,P210,Automation Add-on,addon,2,60.39,120.78,USD
O100732,2025-10-09T19:36:33,2025-10-09,C0087,Customer 0087,Mid-Market,W,web,1,P210,Automation Add-on,addon,1,57.61,57.61,USD
O100733,2025-10-09T08:49:22,2025-10-09,C0216,Customer 0216,Consumer,SE,web,1,P120,Enterprise Subscription,subscription,1,201.01,201.01,USD
O100734,2025-10-09T12:56:05,2025-10-09,C0116,Customer 0116,Mid-Market,NE,web,1,P120,Enterprise Subscription,subscription,1,196.66,196.66,USD
O100735,2025-10-09T15:28:05,2025-10-09,C0048,Customer 0048,Enterprise,SE,web,1,P300,Implementation Package,service,1,470.05,470.05,USD
O100735,2025-10-09T15:28:05,2025-10-09,C0048,Customer 0048,Enterprise,SE,web,2,P120,Enterprise Subscription,subscription,1,205.24,205.24,USD
O100736,2025-10-09T18:13:27,2025-10-09,C0106,Customer 0106,SMB,MW,web,1,P310,Training Package,service,1,288.95,288.95,USD
O100736,2025-10-09T18:13:27,2025-10-09,C0106,Customer 0106,SMB,MW,web,2,P120,Enterprise Subscription,subscription,1,199.78,199.78,USD
O100736,2025-10-09T18:13:27,2025-10-09,C0106,Customer 0106,SMB,MW,web,3,P210,Automation Add-on,addon,2,62.21,124.42,USD
O100737,2025-10-09T11:48:38,2025-10-09,C0151,Customer 0151,Consumer,W,web,1,P310,Training Package,service,1,288.27,288.27,USD
O100737,2025-10-09T11:48:38,2025-10-09,C0151,Customer 0151,Consumer,W,web,2,P120,Enterprise Subscription,subscription,1,197.44,197.44,USD
O100738,2025-10-09T10:38:46,2025-10-09,C0108,Customer 0108,SMB,W,web,1,P210,Automation Add-on,addon,2,61.55,123.10,USD
O100738,2025-10-09T10:38:46,2025-10-09,C0108,Customer 0108,SMB,W,web,2,P300,Implementation Package,service,1,500.79,500.79,USD
O100738,2025-10-09T10:38:46,2025-10-09,C0108,Customer 0108,SMB,W,web,3,P310,Training Package,service,1,316.13,316.13,USD
O100739,2025-10-09T13:30:51,2025-10-09,C0095,Customer 0095,SMB,SE,mobile,1,P110,Professional Subscription,subscription,1,75.77,75.77,USD
O100739,2025-10-09T13:30:51,2025-10-09,C0095,Customer 0095,SMB,SE,mobile,2,P100,Starter Subscription,subscription,1,26.88,26.88,USD
O100740,2025-10-09T14:55:22,2025-10-09,C0220,Customer 0220,Enterprise,SE,web,1,P110,Professional Subscription,subscription,1,76.86,76.86,USD
O100741,2025-10-09T16:35:23,2025-10-09,C0240,Customer 0240,Consumer,W,web,1,P110,Professional Subscription,subscription,1,75.09,75.09,USD
O100742,2025-10-09T14:32:47,2025-10-09,C0149,Customer 0149,Mid-Market,MW,mobile,1,P200,Analytics Add-on,addon,1,36.08,36.08,USD
O100742,2025-10-09T14:32:47,2025-10-09,C0149,Customer 0149,Mid-Market,MW,mobile,2,P210,Automation Add-on,addon,2,57.24,114.48,USD
O100743,2025-10-09T10:52:35,2025-10-09,C0042,Customer 0042,Consumer,MW,mobile,1,P200,Analytics Add-on,addon,1,37.01,37.01,USD
O100744,2025-10-09T08:14:01,2025-10-09,C0053,Customer 0053,SMB,SE,web,1,P200,Analytics Add-on,addon,1,36.30,36.30,USD
O100745,2025-10-09T12:52:31,2025-10-09,C0198,Customer 0198,SMB,SW,web,1,P120,Enterprise Subscription,subscription,1,205.90,205.90,USD
O100746,2025-10-09T15:52:56,2025-10-09,C0015,Customer 0015,SMB,SW,mobile,1,P120,Enterprise Subscription,subscription,1,197.81,197.81,USD
O100746,2025-10-09T15:52:56,2025-10-09,C0015,Customer 0015,SMB,SW,mobile,2,P300,Implementation Package,service,1,521.05,521.05,USD
O100746,2025-10-09T15:52:56,2025-10-09,C0015,Customer 0015,SMB,SW,mobile,3,P210,Automation Add-on,addon,1,62.13,62.13,USD
O100747,2025-10-09T16:55:59,2025-10-09,C0087,Customer 0087,Mid-Market,W,web,1,P210,Automation Add-on,addon,1,61.86,61.86,USD
O100748,2025-10-10T13:44:35,2025-10-10,C0179,Customer 0179,Consumer,SW,web,1,P210,Automation Add-on,addon,1,62.35,62.35,USD
O100748,2025-10-10T13:44:35,2025-10-10,C0179,Customer 0179,Consumer,SW,web,2,P100,Starter Subscription,subscription,1,30.68,30.68,USD
O100748,2025-10-10T13:44:35,2025-10-10,C0179,Customer 0179,Consumer,SW,web,3,P300,Implementation Package,service,1,497.78,497.78,USD
O100749,2025-10-10T12:09:09,2025-10-10,C0093,Customer 0093,SMB,W,web,1,P300,Implementation Package,service,1,484.67,484.67,USD
O100750,2025-10-10T17:37:59,2025-10-10,C0131,Customer 0131,Consumer,SE,web,1,P100,Starter Subscription,subscription,1,30.41,30.41,USD
O100751,2025-10-10T18:13:10,2025-10-10,C0163,Customer 0163,Consumer,MW,partner,1,P120,Enterprise Subscription,subscription,1,196.27,196.27,USD
O100752,2025-10-10T17:46:59,2025-10-10,C0095,Customer 0095,SMB,SE,web,1,P100,Starter Subscription,subscription,1,27.01,27.01,USD
O100753,2025-10-10T14:04:21,2025-10-10,C0111,Customer 0111,Consumer,NE,mobile,1,P100,Starter Subscription,subscription,1,29.78,29.78,USD
O100753,2025-10-10T14:04:21,2025-10-10,C0111,Customer 0111,Consumer,NE,mobile,2,P300,Implementation Package,service,1,486.20,486.20,USD
O100754,2025-10-10T10:54:09,2025-10-10,C0022,Customer 0022,SMB,NE,web,1,P310,Training Package,service,1,292.88,292.88,USD
O100754,2025-10-10T10:54:09,2025-10-10,C0022,Customer 0022,SMB,NE,web,2,P100,Starter Subscription,subscription,1,28.05,28.05,USD
O100755,2025-10-10T20:24:11,2025-10-10,C0011,Customer 0011,SMB,MW,mobile,1,P200,Analytics Add-on,addon,1,39.86,39.86,USD
O100756,2025-10-10T14:51:09,2025-10-10,C0184,Customer 0184,SMB,MW,web,1,P100,Starter Subscription,subscription,1,28.10,28.10,USD
O100757,2025-10-10T17:39:17,2025-10-10,C0157,Customer 0157,Consumer,MW,mobile,1,P300,Implementation Package,service,1,471.92,471.92,USD
O100758,2025-10-10T13:40:02,2025-10-10,C0001,Customer 0001,Consumer,NE,web,1,P110,Professional Subscription,subscription,1,83.88,83.88,USD
O100759,2025-10-10T11:54:14,2025-10-10,C0239,Customer 0239,Mid-Market,W,web,1,P110,Professional Subscription,subscription,1,83.83,83.83,USD
O100760,2025-10-10T09:12:09,2025-10-10,C0001,Customer 0001,Consumer,NE,mobile,1,P110,Professional Subscription,subscription,1,81.74,81.74,USD
O100760,2025-10-10T09:12:09,2025-10-10,C0001,Customer 0001,Consumer,NE,mobile,2,P310,Training Package,service,1,282.37,282.37,USD
O100761,2025-10-10T09:54:41,2025-10-10,C0134,Customer 0134,SMB,SW,mobile,1,P100,Starter Subscription,subscription,1,29.56,29.56,USD
O100762,2025-10-10T19:09:44,2025-10-10,C0184,Customer 0184,SMB,MW,web,1,P310,Training Package,service,1,294.18,294.18,USD
O100763,2025-10-10T17:01:28,2025-10-10,C0149,Customer 0149,Mid-Market,MW,web,1,P310,Training Package,service,1,304.61,304.61,USD
O100764,2025-10-10T17:54:36,2025-10-10,C0176,Customer 0176,Mid-Market,SW,web,1,P210,Automation Add-on,addon,1,61.86,61.86,USD
O100765,2025-10-10T09:53:56,2025-10-10,C0044,Customer 0044,SMB,NE,partner,1,P110,Professional Subscription,subscription,1,84.83,84.83,USD
O100766,2025-10-10T16:36:35,2025-10-10,C0143,Customer 0143,Consumer,MW,web,1,P100,Starter Subscription,subscription,1,28.92,28.92,USD
O100766,2025-10-10T16:36:35,2025-10-10,C0143,Customer 0143,Consumer,MW,web,2,P120,Enterprise Subscription,subscription,1,204.31,204.31,USD
O100767,2025-10-10T18:13:01,2025-10-10,C0092,Customer 0092,Mid-Market,W,partner,1,P200,Analytics Add-on,addon,2,37.51,75.02,USD
O100767,2025-10-10T18:13:01,2025-10-10,C0092,Customer 0092,Mid-Market,W,partner,2,P120,Enterprise Subscription,subscription,1,201.08,201.08,USD
O100767,2025-10-10T18:13:01,2025-10-10,C0092,Customer 0092,Mid-Market,W,partner,3,P100,Starter Subscription,subscription,1,30.51,30.51,USD
O100768,2025-10-10T08:14:17,2025-10-10,C0032,Customer 0032,SMB,W,partner,1,P120,Enterprise Subscription,subscription,1,187.27,187.27,USD
O100769,2025-10-11T13:15:13,2025-10-11,C0003,Customer 0003,Consumer,W,partner,1,P120,Enterprise Subscription,subscription,1,208.33,208.33,USD
O100769,2025-10-11T13:15:13,2025-10-11,C0003,Customer 0003,Consumer,W,partner,2,P200,Analytics Add-on,addon,1,38.99,38.99,USD
O100770,2025-10-11T13:46:22,2025-10-11,C0074,Customer 0074,Mid-Market,NE,web,1,P310,Training Package,service,1,316.31,316.31,USD
O100771,2025-10-11T17:42:19,2025-10-11,C0047,Customer 0047,Consumer,MW,web,1,P110,Professional Subscription,subscription,1,83.54,83.54,USD
O100771,2025-10-11T17:42:19,2025-10-11,C0047,Customer 0047,Consumer,MW,web,2,P300,Implementation Package,service,1,467.18,467.18,USD
O100772,2025-10-11T17:05:16,2025-10-11,C0079,Customer 0079,SMB,SE,web,1,P200,Analytics Add-on,addon,1,40.65,40.65,USD
O100773,2025-10-11T11:26:05,2025-10-11,C0136,Customer 0136,SMB,SE,partner,1,P110,Professional Subscription,subscription,1,75.71,75.71,USD
O100774,2025-10-11T15:44:19,2025-10-11,C0032,Customer 0032,SMB,W,web,1,P110,Professional Subscription,subscription,1,81.89,81.89,USD
O100774,2025-10-11T15:44:19,2025-10-11,C0032,Customer 0032,SMB,W,web,2,P120,Enterprise Subscription,subscription,1,198.45,198.45,USD
O100775,2025-10-11T14:40:50,2025-10-11,C0228,Customer 0228,Consumer,SW,web,1,P120,Enterprise Subscription,subscription,1,201.79,201.79,USD
O100775,2025-10-11T14:40:50,2025-10-11,C0228,Customer 0228,Consumer,SW,web,2,P100,Starter Subscription,subscription,1,29.40,29.40,USD
O100775,2025-10-11T14:40:50,2025-10-11,C0228,Customer 0228,Consumer,SW,web,3,P210,Automation Add-on,addon,1,60.79,60.79,USD
O100776,2025-10-11T16:38:26,2025-10-11,C0022,Customer 0022,SMB,NE,mobile,1,P120,Enterprise Subscription,subscription,1,188.50,188.50,USD
O100777,2025-10-11T17:03:11,2025-10-11,C0029,Customer 0029,Consumer,MW,web,1,P210,Automation Add-on,addon,1,61.18,61.18,USD
O100778,2025-10-11T14:33:06,2025-10-11,C0134,Customer 0134,SMB,SW,web,1,P300,Implementation Package,service,1,475.84,475.84,USD
O100778,2025-10-11T14:33:06,2025-10-11,C0134,Customer 0134,SMB,SW,web,2,P100,Starter Subscription,subscription,1,29.01,29.01,USD
O100779,2025-10-11T14:37:13,2025-10-11,C0237,Customer 0237,Mid-Market,MW,web,1,P100,Starter Subscription,subscription,1,30.53,30.53,USD
O100779,2025-10-11T14:37:13,2025-10-11,C0237,Customer 0237,Mid-Market,MW,web,2,P300,Implementation Package,service,1,484.08,484.08,USD
O100780,2025-10-11T10:41:55,2025-10-11,C0079,Customer 0079,SMB,SE,web,1,P300,Implementation Package,service,1,493.14,493.14,USD
O100781,2025-10-11T16:46:38,2025-10-11,C0090,Customer 0090,Consumer,NE,web,1,P120,Enterprise Subscription,subscription,1,190.79,190.79,USD
O100782,2025-10-11T14:18:15,2025-10-11,C0026,Customer 0026,Consumer,NE,web,1,P100,Starter Subscription,subscription,1,27.30,27.30,USD
O100782,2025-10-11T14:18:15,2025-10-11,C0026,Customer 0026,Consumer,NE,web,2,P300,Implementation Package,service,1,499.64,499.64,USD
O100783,2025-10-11T09:52:45,2025-10-11,C0066,Customer 0066,Consumer,NE,mobile,1,P100,Starter Subscription,subscription,1,29.57,29.57,USD
O100784,2025-10-11T16:55:06,2025-10-11,C0035,Customer 0035,SMB,SE,web,1,P120,Enterprise Subscription,subscription,1,197.51,197.51,USD
O100785,2025-10-11T19:15:53,2025-10-11,C0029,Customer 0029,Consumer,MW,mobile,1,P300,Implementation Package,service,1,530.36,530.36,USD
O100786,2025-10-11T19:49:53,2025-10-11,C0199,Customer 0199,Consumer,W,web,1,P110,Professional Subscription,subscription,1,80.15,80.15,USD
O100787,2025-10-11T18:55:26,2025-10-11,C0212,Customer 0212,SMB,SE,partner,1,P110,Professional Subscription,subscription,1,77.68,77.68,USD
O100788,2025-10-12T19:44:31,2025-10-12,C0015,Customer 0015,SMB,SW,mobile,1,P120,Enterprise Subscription,subscription,1,201.07,201.07,USD
O100788,2025-10-12T19:44:31,2025-10-12,C0015,Customer 0015,SMB,SW,mobile,2,P100,Starter Subscription,subscription,1,27.42,27.42,USD
O100789,2025-10-12T14:16:55,2025-10-12,C0191,Customer 0191,SMB,W,partner,1,P110,Professional Subscription,subscription,1,74.92,74.92,USD
O100790,2025-10-12T08:12:19,2025-10-12,C0014,Customer 0014,Consumer,SW,web,1,P300,Implementation Package,service,1,489.54,489.54,USD
O100791,2025-10-12T09:36:23,2025-10-12,C0035,Customer 0035,SMB,SE,web,1,P210,Automation Add-on,addon,1,58.67,58.67,USD
O100791,2025-10-12T09:36:23,2025-10-12,C0035,Customer 0035,SMB,SE,web,2,P100,Starter Subscription,subscription,1,29.49,29.49,USD
O100791,2025-10-12T09:36:23,2025-10-12,C0035,Customer 0035,SMB,SE,web,3,P300,Implementation Package,service,1,461.48,461.48,USD
O100792,2025-10-12T10:10:05,2025-10-12,C0116,Customer 0116,Mid-Market,NE,web,1,P200,Analytics Add-on,addon,2,36.14,72.28,USD
O100793,2025-10-12T12:18:54,2025-10-12,C0195,Customer 0195,Consumer,SW,mobile,1,P110,Professional Subscription,subscription,1,73.85,73.85,USD
O100793,2025-10-12T12:18:54,2025-10-12,C0195,Customer 0195,Consumer,SW,mobile,2,P120,Enterprise Subscription,subscription,1,195.73,195.73,USD
O100793,2025-10-12T12:18:54,2025-10-12,C0195,Customer 0195,Consumer,SW,mobile,3,P310,Training Package,service,1,281.97,281.97,USD
O100794,2025-10-12T18:11:26,2025-10-12,C0054,Customer 0054,Consumer,NE,mobile,1,P100,Starter Subscription,subscription,1,27.72,27.72,USD
O100795,2025-10-12T08:08:06,2025-10-12,C0098,Customer 0098,SMB,W,web,1,P120,Enterprise Subscription,subscription,1,201.59,201.59,USD
O100795,2025-10-12T08:08:06,2025-10-12,C0098,Customer 0098,SMB,W,web,2,P210,Automation Add-on,addon,1,55.89,55.89,USD
O100796,2025-10-12T16:17:19,2025-10-12,C0129,Customer 0129,Consumer,SE,web,1,P300,Implementation Package,service,1,477.50,477.50,USD
O100797,2025-10-12T15:02:32,2025-10-12,C0070,Customer 0070,SMB,W,web,1,P210,Automation Add-on,addon,1,57.29,57.29,USD
O100798,2025-10-12T16:33:24,2025-10-12,C0005,Customer 0005,SMB,SE,web,1,P300,Implementation Package,service,1,538.45,538.45,USD
O100799,2025-10-12T11:59:29,2025-10-12,C0127,Customer 0127,SMB,W,mobile,1,P210,Automation Add-on,addon,2,61.14,122.28,USD
O100800,2025-10-12T11:28:05,2025-10-12,C0186,Customer 0186,Mid-Market,SE,partner,1,P100,Starter Subscription,subscription,1,28.16,28.16,USD
O100801,2025-10-12T12:37:56,2025-10-12,C0065,Customer 0065,Enterprise,NE,mobile,1,P200,Analytics Add-on,addon,1,40.35,40.35,USD
O100801,2025-10-12T12:37:56,2025-10-12,C0065,Customer 0065,Enterprise,NE,mobile,2,P310,Training Package,service,1,279.65,279.65,USD
O100802,2025-10-12T10:29:14,2025-10-12,C0084,Customer 0084,Consumer,NE,mobile,1,P110,Professional Subscription,subscription,1,77.88,77.88,USD
O100803,2025-10-12T09:40:11,2025-10-12,C0108,Customer 0108,SMB,W,mobile,1,P120,Enterprise Subscription,subscription,1,192.21,192.21,USD
O100803,2025-10-12T09:40:11,2025-10-12,C0108,Customer 0108,SMB,W,mobile,2,P210,Automation Add-on,addon,1,55.36,55.36,USD
O100803,2025-10-12T09:40:11,2025-10-12,C0108,Customer 0108,SMB,W,mobile,3,P100,Starter Subscription,subscription,1,26.83,26.83,USD
O100804,2025-10-13T10:36:47,2025-10-13,C0232,Customer 0232,Mid-Market,W,partner,1,P100,Starter Subscription,subscription,1,27.10,27.10,USD
O100804,2025-10-13T10:36:47,2025-10-13,C0232,Customer 0232,Mid-Market,W,partner,2,P120,Enterprise Subscription,subscription,1,184.01,184.01,USD
O100805,2025-10-13T08:06:39,2025-10-13,C0212,Customer 0212,SMB,SE,web,1,P120,Enterprise Subscription,subscription,1,198.98,198.98,USD
O100806,2025-10-13T16:25:54,2025-10-13,C0001,Customer 0001,Consumer,NE,web,1,P120,Enterprise Subscription,subscription,1,208.02,208.02,USD
O100806,2025-10-13T16:25:54,2025-10-13,C0001,Customer 0001,Consumer,NE,web,2,P300,Implementation Package,service,1,535.14,535.14,USD
O100807,2025-10-13T11:23:00,2025-10-13,C0164,Customer 0164,Consumer,SE,web,1,P100,Starter Subscription,subscription,1,29.00,29.00,USD
O100807,2025-10-13T11:23:00,2025-10-13,C0164,Customer 0164,Consumer,SE,web,2,P210,Automation Add-on,addon,1,63.66,63.66,USD
O100807,2025-10-13T11:23:00,2025-10-13,C0164,Customer 0164,Consumer,SE,web,3,P120,Enterprise Subscription,subscription,1,214.08,214.08,USD
O100808,2025-10-13T12:38:47,2025-10-13,C0111,Customer 0111,Consumer,NE,mobile,1,P120,Enterprise Subscription,subscription,1,201.38,201.38,USD
O100809,2025-10-13T15:15:00,2025-10-13,C0038,Customer 0038,Mid-Market,NE,partner,1,P120,Enterprise Subscription,subscription,1,190.26,190.26,USD
O100810,2025-10-13T11:42:47,2025-10-13,C0080,Customer 0080,Mid-Market,W,web,1,P110,Professional Subscription,subscription,1,83.59,83.59,USD
O100810,2025-10-13T11:42:47,2025-10-13,C0080,Customer 0080,Mid-Market,W,web,2,P310,Training Package,service,1,280.75,280.75,USD
O100811,2025-10-13T17:58:03,2025-10-13,C0160,Customer 0160,Mid-Market,SE,web,1,P100,Starter Subscription,subscription,1,27.65,27.65,USD
O100811,2025-10-13T17:58:03,2025-10-13,C0160,Customer 0160,Mid-Market,SE,web,2,P310,Training Package,service,1,319.04,319.04,USD
O100812,2025-10-13T17:48:03,2025-10-13,C0184,Customer 0184,SMB,MW,mobile,1,P210,Automation Add-on,addon,2,56.97,113.94,USD
O100813,2025-10-13T11:29:07,2025-10-13,C0184,Customer 0184,SMB,MW,partner,1,P100,Starter Subscription,subscription,1,29.24,29.24,USD
O100814,2025-10-13T20:18:35,2025-10-13,C0047,Customer 0047,Consumer,MW,web,1,P210,Automation Add-on,addon,1,58.67,58.67,USD
O100814,2025-10-13T20:18:35,2025-10-13,C0047,Customer 0047,Consumer,MW,web,2,P120,Enterprise Subscription,subscription,1,213.97,213.97,USD
O100815,2025-10-13T18:48:24,2025-10-13,C0155,Customer 0155,Consumer,SE,mobile,1,P120,Enterprise Subscription,subscription,1,204.30,204.30,USD
O100815,2025-10-13T18:48:24,2025-10-13,C0155,Customer 0155,Consumer,SE,mobile,2,P200,Analytics Add-on,addon,1,38.31,38.31,USD
O100816,2025-10-13T08:13:12,2025-10-13,C0123,Customer 0123,Consumer,W,web,1,P310,Training Package,service,1,311.77,311.77,USD
O100816,2025-10-13T08:13:12,2025-10-13,C0123,Customer 0123,Consumer,W,web,2,P300,Implementation Package,service,1,530.36,530.36,USD
O100816,2025-10-13T08:13:12,2025-10-13,C0123,Customer 0123,Consumer,W,web,3,P210,Automation Add-on,addon,1,56.94,56.94,USD
O100817,2025-10-13T20:51:04,2025-10-13,C0154,Customer 0154,SMB,SW,mobile,1,P110,Professional Subscription,subscription,1,73.27,73.27,USD
O100818,2025-10-13T12:35:05,2025-10-13,C0060,Customer 0060,Consumer,MW,web,1,P310,Training Package,service,1,280.75,280.75,USD
O100819,2025-10-13T11:37:23,2025-10-13,C0035,Customer 0035,SMB,SE,mobile,1,P100,Starter Subscription,subscription,1,28.26,28.26,USD
O100820,2025-10-13T20:29:29,2025-10-13,C0109,Customer 0109,Mid-Market,W,web,1,P200,Analytics Add-on,addon,1,36.05,36.05,USD
O100821,2025-10-14T10:56:28,2025-10-14,C0199,Customer 0199,Consumer,W,web,1,P120,Enterprise Subscription,subscription,1,199.10,199.10,USD
O100822,2025-10-14T15:41:57,2025-10-14,C0003,Customer 0003,Consumer,W,web,1,P200,Analytics Add-on,addon,1,41.24,41.24,USD
O100823,2025-10-14T08:44:21,2025-10-14,C0046,Customer 0046,Consumer,W,mobile,1,P120,Enterprise Subscription,subscription,1,194.12,194.12,USD
O100823,2025-10-14T08:44:21,2025-10-14,C0046,Customer 0046,Consumer,W,mobile,2,P100,Starter Subscription,subscription,1,26.80,26.80,USD
O100824,2025-10-14T13:16:10,2025-10-14,C0087,Customer 0087,Mid-Market,W,web,1,P300,Implementation Package,service,1,527.95,527.95,USD
O100825,2025-10-14T09:06:48,2025-10-14,C0124,Customer 0124,SMB,SE,web,1,P120,Enterprise Subscription,subscription,1,203.82,203.82,USD
O100826,2025-10-14T14:37:00,2025-10-14,C0027,Customer 0027,Consumer,MW,web,1,P110,Professional Subscription,subscription,1,73.05,73.05,USD
O100826,2025-10-14T14:37:00,2025-10-14,C0027,Customer 0027,Consumer,MW,web,2,P310,Training Package,service,1,283.70,283.70,USD
O100827,2025-10-14T11:51:05,2025-10-14,C0236,Customer 0236,Consumer,MW,web,1,P310,Training Package,service,1,276.96,276.96,USD
O100828,2025-10-14T20:28:27,2025-10-14,C0072,Customer 0072,SMB,NE,partner,1,P100,Starter Subscription,subscription,1,31.12,31.12,USD
O100828,2025-10-14T20:28:27,2025-10-14,C0072,Customer 0072,SMB,NE,partner,2,P210,Automation Add-on,addon,1,61.28,61.28,USD
O100828,2025-10-14T20:28:27,2025-10-14,C0072,Customer 0072,SMB,NE,partner,3,P110,Professional Subscription,subscription,1,82.24,82.24,USD
O100829,2025-10-14T17:07:52,2025-10-14,C0041,Customer 0041,Consumer,NE,web,1,P100,Starter Subscription,subscription,1,28.06,28.06,USD
O100830,2025-10-14T12:52:00,2025-10-14,C0112,Customer 0112,SMB,NE,web,1,P120,Enterprise Subscription,subscription,1,207.07,207.07,USD
O100831,2025-10-14T08:17:16,2025-10-14,C0159,Customer 0159,Consumer,SW,web,1,P210,Automation Add-on,addon,1,57.57,57.57,USD
O100831,2025-10-14T08:17:16,2025-10-14,C0159,Customer 0159,Consumer,SW,web,2,P110,Professional Subscription,subscription,1,75.11,75.11,USD
O100831,2025-10-14T08:17:16,2025-10-14,C0159,Customer 0159,Consumer,SW,web,3,P300,Implementation Package,service,1,475.55,475.55,USD
O100832,2025-10-14T12:21:50,2025-10-14,C0087,Customer 0087,Mid-Market,W,mobile,1,P110,Professional Subscription,subscription,1,80.02,80.02,USD
O100832,2025-10-14T12:21:50,2025-10-14,C0087,Customer 0087,Mid-Market,W,mobile,2,P200,Analytics Add-on,addon,2,40.93,81.86,USD
O100833,2025-10-14T10:53:50,2025-10-14,C0032,Customer 0032,SMB,W,web,1,P110,Professional Subscription,subscription,1,83.80,83.80,USD
O100834,2025-10-14T11:04:30,2025-10-14,C0103,Customer 0103,Consumer,NE,web,1,P120,Enterprise Subscription,subscription,1,188.18,188.18,USD
O100835,2025-10-14T11:06:30,2025-10-14,C0180,Customer 0180,SMB,SE,web,1,P110,Professional Subscription,subscription,1,83.49,83.49,USD
O100835,2025-10-14T11:06:30,2025-10-14,C0180,Customer 0180,SMB,SE,web,2,P200,Analytics Add-on,addon,1,38.83,38.83,USD
O100836,2025-10-14T17:37:10,2025-10-14,C0002,Customer 0002,SMB,SE,mobile,1,P120,Enterprise Subscription,subscription,1,210.93,210.93,USD
O100836,2025-10-14T17:37:10,2025-10-14,C0002,Customer 0002,SMB,SE,mobile,2,P310,Training Package,service,1,288.02,288.02,USD
O100837,2025-10-14T18:53:03,2025-10-14,C0061,Customer 0061,Consumer,MW,web,1,P210,Automation Add-on,addon,1,60.30,60.30,USD
O100838,2025-10-14T19:59:00,2025-10-14,C0047,Customer 0047,Consumer,MW,web,1,P200,Analytics Add-on,addon,1,38.57,38.57,USD
O100839,2025-10-14T10:49:20,2025-10-14,C0139,Customer 0139,Consumer,W,mobile,1,P200,Analytics Add-on,addon,1,40.80,40.80,USD
O100839,2025-10-14T10:49:20,2025-10-14,C0139,Customer 0139,Consumer,W,mobile,2,P110,Professional Subscription,subscription,1,72.91,72.91,USD
O100840,2025-10-14T18:25:10,2025-10-14,C0240,Customer 0240,Consumer,W,mobile,1,P200,Analytics Add-on,addon,1,37.06,37.06,USD
O100840,2025-10-14T18:25:10,2025-10-14,C0240,Customer 0240,Consumer,W,mobile,2,P110,Professional Subscription,subscription,1,82.29,82.29,USD
O100840,2025-10-14T18:25:10,2025-10-14,C0240,Customer 0240,Consumer,W,mobile,3,P210,Automation Add-on,addon,1,60.38,60.38,USD
O100841,2025-10-14T19:28:02,2025-10-14,C0213,Customer 0213,Consumer,W,web,1,P120,Enterprise Subscription,subscription,1,212.33,212.33,USD
O100842,2025-10-15T11:34:39,2025-10-15,C0196,Customer 0196,SMB,SW,web,1,P310,Training Package,service,1,297.26,297.26,USD
O100843,2025-10-15T14:53:53,2025-10-15,C0192,Customer 0192,Mid-Market,MW,web,1,P310,Training Package,service,1,288.54,288.54,USD
O100843,2025-10-15T14:53:53,2025-10-15,C0192,Customer 0192,Mid-Market,MW,web,2,P110,Professional Subscription,subscription,1,81.64,81.64,USD
O100843,2025-10-15T14:53:53,2025-10-15,C0192,Customer 0192,Mid-Market,MW,web,3,P200,Analytics Add-on,addon,2,41.74,83.48,USD
O100844,2025-10-15T11:55:56,2025-10-15,C0029,Customer 0029,Consumer,MW,web,1,P100,Starter Subscription,subscription,1,29.66,29.66,USD
O100845,2025-10-15T19:13:50,2025-10-15,C0220,Customer 0220,Enterprise,SE,web,1,P210,Automation Add-on,addon,1,62.01,62.01,USD
O100846,2025-10-15T20:17:04,2025-10-15,C0069,Customer 0069,Consumer,SE,mobile,1,P120,Enterprise Subscription,subscription,1,194.08,194.08,USD
O100847,2025-10-15T19:45:17,2025-10-15,C0112,Customer 0112,SMB,NE,web,1,P100,Starter Subscription,subscription,1,29.44,29.44,USD
O100848,2025-10-15T20:02:37,2025-10-15,C0214,Customer 0214,Mid-Market,MW,mobile,1,P100,Starter Subscription,subscription,1,27.89,27.89,USD
O100849,2025-10-15T14:16:57,2025-10-15,C0225,Customer 0225,Enterprise,MW,web,1,P300,Implementation Package,service,1,529.09,529.09,USD
O100850,2025-10-15T15:30:59,2025-10-15,C0039,Customer 0039,Mid-Market,SW,mobile,1,P100,Starter Subscription,subscription,1,26.73,26.73,USD
O100851,2025-10-15T11:01:52,2025-10-15,C0171,Customer 0171,Consumer,NE,web,1,P100,Starter Subscription,subscription,1,31.01,31.01,USD
O100851,2025-10-15T11:01:52,2025-10-15,C0171,Customer 0171,Consumer,NE,web,2,P210,Automation Add-on,addon,1,61.22,61.22,USD
O100852,2025-10-15T20:52:02,2025-10-15,C0154,Customer 0154,SMB,SW,web,1,P210,Automation Add-on,addon,1,57.16,57.16,USD
O100852,2025-10-15T20:52:02,2025-10-15,C0154,Customer 0154,SMB,SW,web,2,P200,Analytics Add-on,addon,1,40.23,40.23,USD
O100853,2025-10-15T19:28:01,2025-10-15,C0175,Customer 0175,Enterprise,W,web,1,P310,Training Package,service,1,278.01,278.01,USD
O100854,2025-10-15T16:59:10,2025-10-15,C0209,Customer 0209,SMB,NE,web,1,P200,Analytics Add-on,addon,2,37.89,75.78,USD
O100855,2025-10-15T18:42:15,2025-10-15,C0138,Customer 0138,Mid-Market,W,partner,1,P310,Training Package,service,1,286.44,286.44,USD
O100856,2025-10-15T08:23:16,2025-10-15,C0049,Customer 0049,Mid-Market,SE,partner,1,P120,Enterprise Subscription,subscription,1,190.47,190.47,USD
O100857,2025-10-15T14:41:54,2025-10-15,C0027,Customer 0027,Consumer,MW,web,1,P300,Implementation Package,service,1,470.41,470.41,USD
O100857,2025-10-15T14:41:54,2025-10-15,C0027,Customer 0027,Consumer,MW,web,2,P310,Training Package,service,1,315.74,315.74,USD
O100858,2025-10-15T10:25:09,2025-10-15,C0117,Customer 0117,Consumer,MW,web,1,P200,Analytics Add-on,addon,1,39.94,39.94,USD
O100858,2025-10-15T10:25:09,2025-10-15,C0117,Customer 0117,Consumer,MW,web,2,P210,Automation Add-on,addon,1,62.14,62.14,USD
O100859,2025-10-15T20:30:25,2025-10-15,C0044,Customer 0044,SMB,NE,web,1,P100,Starter Subscription,subscription,1,29.14,29.14,USD
O100860,2025-10-15T18:41:11,2025-10-15,C0098,Customer 0098,SMB,W,mobile,1,P210,Automation Add-on,addon,2,62.03,124.06,USD
O100861,2025-10-15T10:35:58,2025-10-15,C0003,Customer 0003,Consumer,W,web,1,P310,Training Package,service,1,314.13,314.13,USD
O100862,2025-10-15T12:43:01,2025-10-15,C0200,Customer 0200,Consumer,W,partner,1,P310,Training Package,service,1,288.09,288.09,USD
O100862,2025-10-15T12:43:01,2025-10-15,C0200,Customer 0200,Consumer,W,partner,2,P300,Implementation Package,service,1,529.11,529.11,USD
O100863,2025-10-15T17:19:36,2025-10-15,C0096,Customer 0096,SMB,W,mobile,1,P310,Training Package,service,1,281.53,281.53,USD
O100863,2025-10-15T17:19:36,2025-10-15,C0096,Customer 0096,SMB,W,mobile,2,P300,Implementation Package,service,1,463.11,463.11,USD
O100863,2025-10-15T17:19:36,2025-10-15,C0096,Customer 0096,SMB,W,mobile,3,P110,Professional Subscription,subscription,1,75.92,75.92,USD
O100864,2025-10-16T13:48:35,2025-10-16,C0056,Customer 0056,Consumer,SE,mobile,1,P200,Analytics Add-on,addon,2,38.78,77.56,USD
O100864,2025-10-16T13:48:35,2025-10-16,C0056,Customer 0056,Consumer,SE,mobile,2,P210,Automation Add-on,addon,1,58.54,58.54,USD
O100865,2025-10-16T13:12:38,2025-10-16,C0025,Customer 0025,SMB,W,web,1,P310,Training Package,service,1,303.76,303.76,USD
O100866,2025-10-16T20:19:47,2025-10-16,C0018,Customer 0018,Consumer,MW,mobile,1,P100,Starter Subscription,subscription,1,30.72,30.72,USD
O100867,2025-10-16T17:45:41,2025-10-16,C0085,Customer 0085,Mid-Market,SW,web,1,P110,Professional Subscription,subscription,1,76.94,76.94,USD
O100868,2025-10-16T08:41:54,2025-10-16,C0236,Customer 0236,Consumer,MW,web,1,P100,Starter Subscription,subscription,1,27.08,27.08,USD
O100869,2025-10-16T18:39:20,2025-10-16,C0124,Customer 0124,SMB,SE,partner,1,P100,Starter Subscription,subscription,1,28.98,28.98,USD
O100870,2025-10-16T08:12:19,2025-10-16,C0118,Customer 0118,SMB,SE,mobile,1,P310,Training Package,service,1,288.24,288.24,USD
O100870,2025-10-16T08:12:19,2025-10-16,C0118,Customer 0118,SMB,SE,mobile,2,P120,Enterprise Subscription,subscription,1,197.36,197.36,USD
O100871,2025-10-16T15:44:15,2025-10-16,C0023,Customer 0023,Consumer,W,partner,1,P210,Automation Add-on,addon,2,57.56,115.12,USD
O100872,2025-10-16T18:23:15,2025-10-16,C0101,Customer 0101,SMB,SE,mobile,1,P200,Analytics Add-on,addon,1,39.91,39.91,USD
O100873,2025-10-16T10:49:47,2025-10-16,C0197,Customer 0197,Mid-Market,SW,mobile,1,P120,Enterprise Subscription,subscription,1,212.22,212.22,USD
O100874,2025-10-16T13:46:26,2025-10-16,C0061,Customer 0061,Consumer,MW,web,1,P110,Professional Subscription,subscription,1,80.33,80.33,USD
O100875,2025-10-16T19:40:56,2025-10-16,C0211,Customer 0211,SMB,NE,partner,1,P100,Starter Subscription,subscription,1,27.61,27.61,USD
O100875,2025-10-16T19:40:56,2025-10-16,C0211,Customer 0211,SMB,NE,partner,2,P310,Training Package,service,1,316.04,316.04,USD
O100876,2025-10-16T09:07:38,2025-10-16,C0169,Customer 0169,Consumer,SW,mobile,1,P200,Analytics Add-on,addon,2,40.07,80.14,USD
O100877,2025-10-16T18:49:08,2025-10-16,C0174,Customer 0174,Mid-Market,SW,partner,1,P100,Starter Subscription,subscription,1,30.16,30.16,USD
O100877,2025-10-16T18:49:08,2025-10-16,C0174,Customer 0174,Mid-Market,SW,partner,2,P200,Analytics Add-on,addon,1,38.32,38.32,USD
O100878,2025-10-16T20:36:24,2025-10-16,C0180,Customer 0180,SMB,SE,partner,1,P100,Starter Subscription,subscription,1,27.32,27.32,USD
O100879,2025-10-16T19:33:56,2025-10-16,C0034,Customer 0034,Consumer,SW,mobile,1,P200,Analytics Add-on,addon,1,39.77,39.77,USD
O100879,2025-10-16T19:33:56,2025-10-16,C0034,Customer 0034,Consumer,SW,mobile,2,P120,Enterprise Subscription,subscription,1,201.79,201.79,USD
O100880,2025-10-16T10:44:12,2025-10-16,C0087,Customer 0087,Mid-Market,W,mobile,1,P120,Enterprise Subscription,subscription,1,201.18,201.18,USD
O100881,2025-10-16T19:35:38,2025-10-16,C0074,Customer 0074,Mid-Market,NE,web,1,P120,Enterprise Subscription,subscription,1,190.25,190.25,USD
O100882,2025-10-16T14:10:55,2025-10-16,C0102,Customer 0102,Consumer,SW,web,1,P120,Enterprise Subscription,subscription,1,187.01,187.01,USD
O100882,2025-10-16T14:10:55,2025-10-16,C0102,Customer 0102,Consumer,SW,web,2,P110,Professional Subscription,subscription,1,80.47,80.47,USD
O100883,2025-10-16T14:57:58,2025-10-16,C0194,Customer 0194,Consumer,W,web,1,P120,Enterprise Subscription,subscription,1,208.54,208.54,USD
O100884,2025-10-16T15:51:06,2025-10-16,C0109,Customer 0109,Mid-Market,W,web,1,P210,Automation Add-on,addon,1,59.68,59.68,USD
O100885,2025-10-16T08:20:46,2025-10-16,C0150,Customer 0150,Mid-Market,NE,web,1,P300,Implementation Package,service,1,465.46,465.46,USD
O100886,2025-10-16T13:43:29,2025-10-16,C0002,Customer 0002,SMB,SE,web,1,P110,Professional Subscription,subscription,1,85.24,85.24,USD
O100887,2025-10-16T14:18:16,2025-10-16,C0145,Customer 0145,Mid-Market,W,web,1,P110,Professional Subscription,subscription,1,75.71,75.71,USD
O100887,2025-10-16T14:18:16,2025-10-16,C0145,Customer 0145,Mid-Market,W,web,2,P120,Enterprise Subscription,subscription,1,188.30,188.30,USD
O100888,2025-10-17T18:11:01,2025-10-17,C0062,Customer 0062,Consumer,SW,mobile,1,P100,Starter Subscription,subscription,1,26.98,26.98,USD
O100889,2025-10-17T14:36:44,2025-10-17,C0083,Customer 0083,Mid-Market,SW,mobile,1,P210,Automation Add-on,addon,1,55.45,55.45,USD
O100890,2025-10-17T15:29:29,2025-10-17,C0127,Customer 0127,SMB,W,web,1,P200,Analytics Add-on,addon,2,41.87,83.74,USD
O100890,2025-10-17T15:29:29,2025-10-17,C0127,Customer 0127,SMB,W,web,2,P300,Implementation Package,service,1,535.32,535.32,USD
O100890,2025-10-17T15:29:29,2025-10-17,C0127,Customer 0127,SMB,W,web,3,P210,Automation Add-on,addon,1,63.05,63.05,USD
O100891,2025-10-17T15:17:01,2025-10-17,C0034,Customer 0034,Consumer,SW,mobile,1,P200,Analytics Add-on,addon,2,36.92,73.84,USD
O100891,2025-10-17T15:17:01,2025-10-17,C0034,Customer 0034,Consumer,SW,mobile,2,P120,Enterprise Subscription,subscription,1,197.52,197.52,USD
O100892,2025-10-17T20:16:26,2025-10-17,C0227,Customer 0227,Mid-Market,MW,mobile,1,P200,Analytics Add-on,addon,1,37.85,37.85,USD
O100893,2025-10-17T19:51:42,2025-10-17,C0153,Customer 0153,Consumer,W,web,1,P310,Training Package,service,1,289.27,289.27,USD
O100893,2025-10-17T19:51:42,2025-10-17,C0153,Customer 0153,Consumer,W,web,2,P200,Analytics Add-on,addon,1,36.70,36.70,USD
O100894,2025-10-17T16:59:21,2025-10-17,C0074,Customer 0074,Mid-Market,NE,web,1,P300,Implementation Package,service,1,464.93,464.93,USD
O100895,2025-10-17T16:54:18,2025-10-17,C0169,Customer 0169,Consumer,SW,web,1,P200,Analytics Add-on,addon,2,36.36,72.72,USD
O100896,2025-10-17T11:25:51,2025-10-17,C0040,Customer 0040,SMB,W,web,1,P100,Starter Subscription,subscription,1,30.76,30.76,USD
O100896,2025-10-17T11:25:51,2025-10-17,C0040,Customer 0040,SMB,W,web,2,P210,Automation Add-on,addon,1,55.07,55.07,USD
O100897,2025-10-17T08:24:33,2025-10-17,C0002,Customer 0002,SMB,SE,web,1,P310,Training Package,service,1,294.93,294.93,USD
O100898,2025-10-17T16:26:58,2025-10-17,C0052,Customer 0052,SMB,MW,web,1,P210,Automation Add-on,addon,1,62.18,62.18,USD
O100899,2025-10-17T16:14:01,2025-10-17,C0189,Customer 0189,SMB,SW,partner,1,P120,Enterprise Subscription,subscription,1,185.28,185.28,USD
O100899,2025-10-17T16:14:01,2025-10-17,C0189,Customer 0189,SMB,SW,partner,2,P300,Implementation Package,service,1,480.57,480.57,USD
O100900,2025-10-17T08:29:13,2025-10-17,C0235,Customer 0235,Consumer,W,web,1,P310,Training Package,service,1,298.62,298.62,USD
O100900,2025-10-17T08:29:13,2025-10-17,C0235,Customer 0235,Consumer,W,web,2,P300,Implementation Package,service,1,537.95,537.95,USD
O100901,2025-10-17T18:55:51,2025-10-17,C0038,Customer 0038,Mid-Market,NE,partner,1,P100,Starter Subscription,subscription,1,30.91,30.91,USD
O100901,2025-10-17T18:55:51,2025-10-17,C0038,Customer 0038,Mid-Market,NE,partner,2,P120,Enterprise Subscription,subscription,1,202.20,202.20,USD
O100902,2025-10-17T12:34:27,2025-10-17,C0121,Customer 0121,SMB,NE,web,1,P100,Starter Subscription,subscription,1,28.11,28.11,USD
O100902,2025-10-17T12:34:27,2025-10-17,C0121,Customer 0121,SMB,NE,web,2,P300,Implementation Package,service,1,500.08,500.08,USD
O100903,2025-10-17T19:41:23,2025-10-17,C0008,Customer 0008,SMB,W,mobile,1,P210,Automation Add-on,addon,1,55.84,55.84,USD
O100904,2025-10-17T16:32:09,2025-10-17,C0120,Customer 0120,Mid-Market,SW,web,1,P200,Analytics Add-on,addon,1,41.01,41.01,USD
O100905,2025-10-17T20:48:27,2025-10-17,C0182,Customer 0182,Consumer,MW,web,1,P310,Training Package,service,1,309.26,309.26,USD
O100906,2025-10-17T11:29:32,2025-10-17,C0192,Customer 0192,Mid-Market,MW,web,1,P120,Enterprise Subscription,subscription,1,198.81,198.81,USD
O100907,2025-10-17T18:30:25,2025-10-17,C0005,Customer 0005,SMB,SE,web,1,P200,Analytics Add-on,addon,2,36.56,73.12,USD
O100908,2025-10-18T18:50:48,2025-10-18,C0100,Customer 0100,Consumer,MW,web,1,P310,Training Package,service,1,306.12,306.12,USD
O100908,2025-10-18T18:50:48,2025-10-18,C0100,Customer 0100,Consumer,MW,web,2,P100,Starter Subscription,subscription,1,28.95,28.95,USD
O100909,2025-10-18T14:42:19,2025-10-18,C0170,Customer 0170,Mid-Market,SE,mobile,1,P100,Starter Subscription,subscription,1,27.81,27.81,USD
O100910,2025-10-18T11:06:20,2025-10-18,C0231,Customer 0231,Consumer,W,web,1,P300,Implementation Package,service,1,494.21,494.21,USD
O100910,2025-10-18T11:06:20,2025-10-18,C0231,Customer 0231,Consumer,W,web,2,P120,Enterprise Subscription,subscription,1,211.90,211.90,USD
O100911,2025-10-18T19:06:48,2025-10-18,C0167,Customer 0167,Consumer,NE,web,1,P300,Implementation Package,service,1,522.42,522.42,USD
O100912,2025-10-18T15:34:03,2025-10-18,C0159,Customer 0159,Consumer,SW,partner,1,P300,Implementation Package,service,1,536.81,536.81,USD
O100913,2025-10-18T15:23:28,2025-10-18,C0150,Customer 0150,Mid-Market,NE,mobile,1,P300,Implementation Package,service,1,512.52,512.52,USD
O100914,2025-10-18T16:22:40,2025-10-18,C0018,Customer 0018,Consumer,MW,mobile,1,P210,Automation Add-on,addon,1,61.80,61.80,USD
O100915,2025-10-18T18:31:17,2025-10-18,C0022,Customer 0022,SMB,NE,mobile,1,P210,Automation Add-on,addon,1,58.45,58.45,USD
O100915,2025-10-18T18:31:17,2025-10-18,C0022,Customer 0022,SMB,NE,mobile,2,P100,Starter Subscription,subscription,1,28.24,28.24,USD
O100915,2025-10-18T18:31:17,2025-10-18,C0022,Customer 0022,SMB,NE,mobile,3,P200,Analytics Add-on,addon,1,41.48,41.48,USD
O100916,2025-10-18T08:45:37,2025-10-18,C0179,Customer 0179,Consumer,SW,web,1,P300,Implementation Package,service,1,497.95,497.95,USD
O100917,2025-10-18T19:52:11,2025-10-18,C0099,Customer 0099,Enterprise,MW,web,1,P200,Analytics Add-on,addon,1,38.75,38.75,USD
O100917,2025-10-18T19:52:11,2025-10-18,C0099,Customer 0099,Enterprise,MW,web,2,P310,Training Package,service,1,303.77,303.77,USD
O100918,2025-10-18T17:34:02,2025-10-18,C0158,Customer 0158,SMB,W,web,1,P300,Implementation Package,service,1,503.29,503.29,USD
O100918,2025-10-18T17:34:02,2025-10-18,C0158,Customer 0158,SMB,W,web,2,P200,Analytics Add-on,addon,1,38.93,38.93,USD
O100918,2025-10-18T17:34:02,2025-10-18,C0158,Customer 0158,SMB,W,web,3,P310,Training Package,service,1,304.61,304.61,USD
O100919,2025-10-18T15:19:54,2025-10-18,C0017,Customer 0017,Enterprise,NE,web,1,P120,Enterprise Subscription,subscription,1,187.54,187.54,USD
O100920,2025-10-18T18:28:24,2025-10-18,C0125,Customer 0125,Mid-Market,NE,partner,1,P100,Starter Subscription,subscription,1,28.07,28.07,USD
O100921,2025-10-18T18:16:56,2025-10-18,C0237,Customer 0237,Mid-Market,MW,web,1,P110,Professional Subscription,subscription,1,79.42,79.42,USD
O100922,2025-10-18T16:33:29,2025-10-18,C0118,Customer 0118,SMB,SE,mobile,1,P100,Starter Subscription,subscription,1,27.30,27.30,USD
O100923,2025-10-18T13:05:04,2025-10-18,C0022,Customer 0022,SMB,NE,web,1,P210,Automation Add-on,addon,1,55.89,55.89,USD
O100924,2025-10-18T20:29:53,2025-10-18,C0085,Customer 0085,Mid-Market,SW,web,1,P300,Implementation Package,service,1,470.48,470.48,USD
O100924,2025-10-18T20:29:53,2025-10-18,C0085,Customer 0085,Mid-Market,SW,web,2,P100,Starter Subscription,subscription,1,28.67,28.67,USD
O100925,2025-10-18T09:18:50,2025-10-18,C0025,Customer 0025,SMB,W,web,1,P200,Analytics Add-on,addon,1,36.52,36.52,USD
O100926,2025-10-18T10:17:02,2025-10-18,C0035,Customer 0035,SMB,SE,web,1,P310,Training Package,service,1,321.83,321.83,USD
O100927,2025-10-18T11:14:41,2025-10-18,C0026,Customer 0026,Consumer,NE,web,1,P200,Analytics Add-on,addon,1,40.85,40.85,USD
O100928,2025-10-19T20:00:11,2025-10-19,C0110,Customer 0110,Consumer,W,web,1,P200,Analytics Add-on,addon,1,37.55,37.55,USD
O100929,2025-10-19T09:17:31,2025-10-19,C0145,Customer 0145,Mid-Market,W,mobile,1,P110,Professional Subscription,subscription,1,77.35,77.35,USD
O100930,2025-10-19T13:10:18,2025-10-19,C0179,Customer 0179,Consumer,SW,partner,1,P120,Enterprise Subscription,subscription,1,196.91,196.91,USD
O100930,2025-10-19T13:10:18,2025-10-19,C0179,Customer 0179,Consumer,SW,partner,2,P200,Analytics Add-on,addon,1,40.04,40.04,USD
O100931,2025-10-19T14:12:47,2025-10-19,C0179,Customer 0179,Consumer,SW,mobile,1,P120,Enterprise Subscription,subscription,1,213.02,213.02,USD
O100931,2025-10-19T14:12:47,2025-10-19,C0179,Customer 0179,Consumer,SW,mobile,2,P310,Training Package,service,1,288.79,288.79,USD
O100931,2025-10-19T14:12:47,2025-10-19,C0179,Customer 0179,Consumer,SW,mobile,3,P110,Professional Subscription,subscription,1,79.61,79.61,USD
O100932,2025-10-19T20:32:41,2025-10-19,C0230,Customer 0230,Enterprise,MW,web,1,P100,Starter Subscription,subscription,1,27.82,27.82,USD
O100933,2025-10-19T20:12:37,2025-10-19,C0102,Customer 0102,Consumer,SW,mobile,1,P200,Analytics Add-on,addon,1,37.90,37.90,USD
O100933,2025-10-19T20:12:37,2025-10-19,C0102,Customer 0102,Consumer,SW,mobile,2,P310,Training Package,service,1,288.38,288.38,USD
O100934,2025-10-19T10:47:59,2025-10-19,C0118,Customer 0118,SMB,SE,mobile,1,P300,Implementation Package,service,1,459.99,459.99,USD
O100934,2025-10-19T10:47:59,2025-10-19,C0118,Customer 0118,SMB,SE,mobile,2,P120,Enterprise Subscription,subscription,1,195.67,195.67,USD
O100935,2025-10-19T13:50:49,2025-10-19,C0044,Customer 0044,SMB,NE,mobile,1,P310,Training Package,service,1,309.45,309.45,USD
O100936,2025-10-19T09:46:03,2025-10-19,C0068,Customer 0068,SMB,SE,partner,1,P200,Analytics Add-on,addon,1,36.12,36.12,USD
O100936,2025-10-19T09:46:03,2025-10-19,C0068,Customer 0068,SMB,SE,partner,2,P210,Automation Add-on,addon,1,62.86,62.86,USD
O100937,2025-10-19T16:02:47,2025-10-19,C0104,Customer 0104,Mid-Market,W,partner,1,P210,Automation Add-on,addon,1,57.04,57.04,USD
O100937,2025-10-19T16:02:47,2025-10-19,C0104,Customer 0104,Mid-Market,W,partner,2,P100,Starter Subscription,subscription,1,27.25,27.25,USD
O100938,2025-10-19T18:06:31,2025-10-19,C0145,Customer 0145,Mid-Market,W,mobile,1,P100,Starter Subscription,subscription,1,28.45,28.45,USD
O100938,2025-10-19T18:06:31,2025-10-19,C0145,Customer 0145,Mid-Market,W,mobile,2,P110,Professional Subscription,subscription,1,73.69,73.69,USD
O100938,2025-10-19T18:06:31,2025-10-19,C0145,Customer 0145,Mid-Market,W,mobile,3,P210,Automation Add-on,addon,1,55.21,55.21,USD
O100939,2025-10-19T20:59:38,2025-10-19,C0020,Customer 0020,SMB,MW,web,1,P310,Training Package,service,1,299.48,299.48,USD
O100940,2025-10-19T18:09:07,2025-10-19,C0064,Customer 0064,SMB,W,web,1,P100,Starter Subscription,subscription,1,27.78,27.78,USD
O100940,2025-10-19T18:09:07,2025-10-19,C0064,Customer 0064,SMB,W,web,2,P300,Implementation Package,service,1,532.54,532.54,USD
O100941,2025-10-19T09:00:08,2025-10-19,C0080,Customer 0080,Mid-Market,W,mobile,1,P300,Implementation Package,service,1,523.65,523.65,USD
O100942,2025-10-19T13:23:49,2025-10-19,C0054,Customer 0054,Consumer,NE,web,1,P310,Training Package,service,1,296.52,296.52,USD
O100942,2025-10-19T13:23:49,2025-10-19,C0054,Customer 0054,Consumer,NE,web,2,P110,Professional Subscription,subscription,1,81.84,81.84,USD
O100943,2025-10-19T14:32:41,2025-10-19,C0002,Customer 0002,SMB,SE,partner,1,P110,Professional Subscription,subscription,1,75.97,75.97,USD
O100944,2025-10-19T20:42:10,2025-10-19,C0223,Customer 0223,Consumer,MW,web,1,P110,Professional Subscription,subscription,1,74.97,74.97,USD
O100945,2025-10-19T11:22:42,2025-10-19,C0240,Customer 0240,Consumer,W,web,1,P310,Training Package,service,1,284.37,284.37,USD
O100945,2025-10-19T11:22:42,2025-10-19,C0240,Customer 0240,Consumer,W,web,2,P120,Enterprise Subscription,subscription,1,213.88,213.88,USD
O100946,2025-10-20T08:57:19,2025-10-20,C0019,Customer 0019,Consumer,NE,web,1,P310,Training Package,service,1,309.16,309.16,USD
O100947,2025-10-20T16:59:39,2025-10-20,C0173,Customer 0173,SMB,SE,web,1,P310,Training Package,service,1,291.55,291.55,USD
O100948,2025-10-20T15:50:23,2025-10-20,C0235,Customer 0235,Consumer,W,mobile,1,P310,Training Package,service,1,276.08,276.08,USD
O100949,2025-10-20T15:48:17,2025-10-20,C0060,Customer 0060,Consumer,MW,web,1,P100,Starter Subscription,subscription,1,28.16,28.16,USD
O100949,2025-10-20T15:48:17,2025-10-20,C0060,Customer 0060,Consumer,MW,web,2,P200,Analytics Add-on,addon,1,38.47,38.47,USD
O100950,2025-10-20T17:10:40,2025-10-20,C0158,Customer 0158,SMB,W,mobile,1,P120,Enterprise Subscription,subscription,1,192.67,192.67,USD
O100951,2025-10-20T19:21:21,2025-10-20,C0029,Customer 0029,Consumer,MW,web,1,P210,Automation Add-on,addon,1,59.33,59.33,USD
O100951,2025-10-20T19:21:21,2025-10-20,C0029,Customer 0029,Consumer,MW,web,2,P100,Starter Subscription,subscription,1,28.14,28.14,USD
O100952,2025-10-20T17:18:22,2025-10-20,C0173,Customer 0173,SMB,SE,web,1,P100,Starter Subscription,subscription,1,28.17,28.17,USD
O100953,2025-10-20T09:22:43,2025-10-20,C0232,Customer 0232,Mid-Market,W,web,1,P200,Analytics Add-on,addon,1,39.65,39.65,USD
O100954,2025-10-20T17:03:06,2025-10-20,C0172,Customer 0172,SMB,W,mobile,1,P110,Professional Subscription,subscription,1,80.50,80.50,USD
O100954,2025-10-20T17:03:06,2025-10-20,C0172,Customer 0172,SMB,W,mobile,2,P120,Enterprise Subscription,subscription,1,198.66,198.66,USD
O100955,2025-10-20T19:28:37,2025-10-20,C0001,Customer 0001,Consumer,NE,partner,1,P110,Professional Subscription,subscription,1,72.69,72.69,USD
O100955,2025-10-20T19:28:37,2025-10-20,C0001,Customer 0001,Consumer,NE,partner,2,P310,Training Package,service,1,313.06,313.06,USD
O100956,2025-10-20T08:50:47,2025-10-20,C0114,Customer 0114,Consumer,MW,web,1,P310,Training Package,service,1,291.96,291.96,USD
O100957,2025-10-20T16:03:26,2025-10-20,C0123,Customer 0123,Consumer,W,mobile,1,P210,Automation Add-on,addon,1,55.53,55.53,USD
O100957,2025-10-20T16:03:26,2025-10-20,C0123,Customer 0123,Consumer,W,mobile,2,P100,Starter Subscription,subscription,1,27.00,27.00,USD
O100958,2025-10-20T15:07:34,2025-10-20,C0176,Customer 0176,Mid-Market,SW,web,1,P310,Training Package,service,1,281.68,281.68,USD
O100959,2025-10-20T19:04:13,2025-10-20,C0180,Customer 0180,SMB,SE,web,1,P210,Automation Add-on,addon,2,60.19,120.38,USD
O100960,2025-10-20T16:08:02,2025-10-20,C0236,Customer 0236,Consumer,MW,web,1,P300,Implementation Package,service,1,524.11,524.11,USD
O100960,2025-10-20T16:08:02,2025-10-20,C0236,Customer 0236,Consumer,MW,web,2,P100,Starter Subscription,subscription,1,30.41,30.41,USD
O100961,2025-10-21T13:43:25,2025-10-21,C0214,Customer 0214,Mid-Market,MW,web,1,P210,Automation Add-on,addon,1,56.74,56.74,USD
O100961,2025-10-21T13:43:25,2025-10-21,C0214,Customer 0214,Mid-Market,MW,web,2,P200,Analytics Add-on,addon,1,39.07,39.07,USD
O100962,2025-10-21T18:03:55,2025-10-21,C0210,Customer 0210,SMB,NE,web,1,P200,Analytics Add-on,addon,1,40.32,40.32,USD
O100963,2025-10-21T08:11:09,2025-10-21,C0096,Customer 0096,SMB,W,mobile,1,P200,Analytics Add-on,addon,1,39.31,39.31,USD
O100964,2025-10-21T11:12:28,2025-10-21,C0199,Customer 0199,Consumer,W,mobile,1,P300,Implementation Package,service,1,533.05,533.05,USD
O100964,2025-10-21T11:12:28,2025-10-21,C0199,Customer 0199,Consumer,W,mobile,2,P100,Starter Subscription,subscription,1,29.92,29.92,USD
O100965,2025-10-21T08:57:56,2025-10-21,C0007,Customer 0007,Consumer,W,mobile,1,P210,Automation Add-on,addon,1,55.47,55.47,USD
O100966,2025-10-21T14:00:54,2025-10-21,C0053,Customer 0053,SMB,SE,web,1,P210,Automation Add-on,addon,1,62.56,62.56,USD
O100966,2025-10-21T14:00:54,2025-10-21,C0053,Customer 0053,SMB,SE,web,2,P120,Enterprise Subscription,subscription,1,202.16,202.16,USD
O100967,2025-10-21T18:56:55,2025-10-21,C0013,Customer 0013,Consumer,W,web,1,P120,Enterprise Subscription,subscription,1,192.37,192.37,USD
O100968,2025-10-21T12:15:04,2025-10-21,C0016,Customer 0016,Enterprise,W,web,1,P210,Automation Add-on,addon,1,55.00,55.00,USD
O100969,2025-10-21T08:06:59,2025-10-21,C0164,Customer 0164,Consumer,SE,web,1,P200,Analytics Add-on,addon,1,38.92,38.92,USD
O100969,2025-10-21T08:06:59,2025-10-21,C0164,Customer 0164,Consumer,SE,web,2,P120,Enterprise Subscription,subscription,1,209.05,209.05,USD
O100969,2025-10-21T08:06:59,2025-10-21,C0164,Customer 0164,Consumer,SE,web,3,P310,Training Package,service,1,301.34,301.34,USD
O100970,2025-10-21T16:59:24,2025-10-21,C0094,Customer 0094,Consumer,NE,web,1,P200,Analytics Add-on,addon,1,39.43,39.43,USD
O100970,2025-10-21T16:59:24,2025-10-21,C0094,Customer 0094,Consumer,NE,web,2,P100,Starter Subscription,subscription,1,28.86,28.86,USD
O100971,2025-10-21T14:20:28,2025-10-21,C0090,Customer 0090,Consumer,NE,mobile,1,P110,Professional Subscription,subscription,1,77.29,77.29,USD
O100972,2025-10-21T13:35:02,2025-10-21,C0124,Customer 0124,SMB,SE,web,1,P310,Training Package,service,1,287.89,287.89,USD
O100973,2025-10-21T13:51:47,2025-10-21,C0164,Customer 0164,Consumer,SE,mobile,1,P110,Professional Subscription,subscription,1,83.74,83.74,USD
O100974,2025-10-21T20:30:30,2025-10-21,C0124,Customer 0124,SMB,SE,web,1,P310,Training Package,service,1,280.86,280.86,USD
O100974,2025-10-21T20:30:30,2025-10-21,C0124,Customer 0124,SMB,SE,web,2,P100,Starter Subscription,subscription,1,30.21,30.21,USD
O100975,2025-10-21T12:31:13,2025-10-21,C0173,Customer 0173,SMB,SE,partner,1,P120,Enterprise Subscription,subscription,1,210.10,210.10,USD
O100975,2025-10-21T12:31:13,2025-10-21,C0173,Customer 0173,SMB,SE,partner,2,P300,Implementation Package,service,1,514.31,514.31,USD
O100975,2025-10-21T12:31:13,2025-10-21,C0173,Customer 0173,SMB,SE,partner,3,P200,Analytics Add-on,addon,1,42.03,42.03,USD
O100976,2025-10-21T12:02:38,2025-10-21,C0105,Customer 0105,SMB,SE,mobile,1,P210,Automation Add-on,addon,1,56.99,56.99,USD
O100976,2025-10-21T12:02:38,2025-10-21,C0105,Customer 0105,SMB,SE,mobile,2,P110,Professional Subscription,subscription,1,76.04,76.04,USD
O100977,2025-10-21T09:48:16,2025-10-21,C0149,Customer 0149,Mid-Market,MW,web,1,P100,Starter Subscription,subscription,1,26.78,26.78,USD
O100977,2025-10-21T09:48:16,2025-10-21,C0149,Customer 0149,Mid-Market,MW,web,2,P200,Analytics Add-on,addon,2,37.66,75.32,USD
O100978,2025-10-21T18:16:54,2025-10-21,C0054,Customer 0054,Consumer,NE,web,1,P200,Analytics Add-on,addon,2,41.61,83.22,USD
O100979,2025-10-21T19:32:59,2025-10-21,C0063,Customer 0063,SMB,NE,web,1,P310,Training Package,service,1,307.55,307.55,USD
O100979,2025-10-21T19:32:59,2025-10-21,C0063,Customer 0063,SMB,NE,web,2,P120,Enterprise Subscription,subscription,1,190.72,190.72,USD
O100980,2025-10-22T15:42:08,2025-10-22,C0185,Customer 0185,SMB,SE,web,1,P100,Starter Subscription,subscription,1,29.88,29.88,USD
O100981,2025-10-22T14:54:41,2025-10-22,C0082,Customer 0082,Consumer,SE,partner,1,P300,Implementation Package,service,1,519.97,519.97,USD
O100982,2025-10-22T20:19:54,2025-10-22,C0001,Customer 0001,Consumer,NE,mobile,1,P110,Professional Subscription,subscription,1,76.93,76.93,USD
O100982,2025-10-22T20:19:54,2025-10-22,C0001,Customer 0001,Consumer,NE,mobile,2,P210,Automation Add-on,addon,1,54.89,54.89,USD
O100982,2025-10-22T20:19:54,2025-10-22,C0001,Customer 0001,Consumer,NE,mobile,3,P310,Training Package,service,1,301.09,301.09,USD
O100983,2025-10-22T09:22:54,2025-10-22,C0134,Customer 0134,SMB,SW,partner,1,P120,Enterprise Subscription,subscription,1,211.55,211.55,USD
O100983,2025-10-22T09:22:54,2025-10-22,C0134,Customer 0134,SMB,SW,partner,2,P200,Analytics Add-on,addon,1,40.68,40.68,USD
O100984,2025-10-22T15:59:12,2025-10-22,C0111,Customer 0111,Consumer,NE,mobile,1,P120,Enterprise Subscription,subscription,1,186.09,186.09,USD
O100984,2025-10-22T15:59:12,2025-10-22,C0111,Customer 0111,Consumer,NE,mobile,2,P110,Professional Subscription,subscription,1,80.07,80.07,USD
O100985,2025-10-22T15:30:25,2025-10-22,C0131,Customer 0131,Consumer,SE,partner,1,P210,Automation Add-on,addon,2,61.93,123.86,USD
O100986,2025-10-22T10:11:27,2025-10-22,C0152,Customer 0152,Consumer,MW,web,1,P310,Training Package,service,1,308.14,308.14,USD
O100987,2025-10-22T15:18:37,2025-10-22,C0001,Customer 0001,Consumer,NE,mobile,1,P210,Automation Add-on,addon,1,55.56,55.56,USD
O100987,2025-10-22T15:18:37,2025-10-22,C0001,Customer 0001,Consumer,NE,mobile,2,P310,Training Package,service,1,291.41,291.41,USD
O100988,2025-10-22T12:07:49,2025-10-22,C0240,Customer 0240,Consumer,W,web,1,P310,Training Package,service,1,290.85,290.85,USD
O100988,2025-10-22T12:07:49,2025-10-22,C0240,Customer 0240,Consumer,W,web,2,P200,Analytics Add-on,addon,2,39.52,79.04,USD
O100989,2025-10-22T19:40:11,2025-10-22,C0153,Customer 0153,Consumer,W,web,1,P310,Training Package,service,1,317.61,317.61,USD
O100990,2025-10-22T15:17:10,2025-10-22,C0010,Customer 0010,Consumer,MW,mobile,1,P200,Analytics Add-on,addon,1,36.81,36.81,USD
O100990,2025-10-22T15:17:10,2025-10-22,C0010,Customer 0010,Consumer,MW,mobile,2,P300,Implementation Package,service,1,473.54,473.54,USD
O100990,2025-10-22T15:17:10,2025-10-22,C0010,Customer 0010,Consumer,MW,mobile,3,P210,Automation Add-on,addon,1,62.31,62.31,USD
O100991,2025-10-22T11:30:50,2025-10-22,C0094,Customer 0094,Consumer,NE,mobile,1,P100,Starter Subscription,subscription,1,29.92,29.92,USD
O100992,2025-10-22T11:23:41,2025-10-22,C0202,Customer 0202,Mid-Market,SW,web,1,P110,Professional Subscription,subscription,1,81.84,81.84,USD
O100992,2025-10-22T11:23:41,2025-10-22,C0202,Customer 0202,Mid-Market,SW,web,2,P120,Enterprise Subscription,subscription,1,192.02,192.02,USD
O100992,2025-10-22T11:23:41,2025-10-22,C0202,Customer 0202,Mid-Market,SW,web,3,P300,Implementation Package,service,1,511.40,511.40,USD
O100993,2025-10-22T18:51:29,2025-10-22,C0008,Customer 0008,SMB,W,web,1,P100,Starter Subscription,subscription,1,30.97,30.97,USD
O100994,2025-10-22T19:02:38,2025-10-22,C0093,Customer 0093,SMB,W,web,1,P200,Analytics Add-on,addon,1,40.45,40.45,USD
O100995,2025-10-22T18:50:59,2025-10-22,C0070,Customer 0070,SMB,W,web,1,P300,Implementation Package,service,1,478.38,478.38,USD
O100995,2025-10-22T18:50:59,2025-10-22,C0070,Customer 0070,SMB,W,web,2,P100,Starter Subscription,subscription,1,30.97,30.97,USD
O100996,2025-10-22T09:19:13,2025-10-22,C0144,Customer 0144,Consumer,W,web,1,P110,Professional Subscription,subscription,1,80.22,80.22,USD
O100996,2025-10-22T09:19:13,2025-10-22,C0144,Customer 0144,Consumer,W,web,2,P200,Analytics Add-on,addon,2,40.16,80.32,USD
O100997,2025-10-22T10:51:42,2025-10-22,C0098,Customer 0098,SMB,W,web,1,P210,Automation Add-on,addon,1,56.39,56.39,USD
O100997,2025-10-22T10:51:42,2025-10-22,C0098,Customer 0098,SMB,W,web,2,P120,Enterprise Subscription,subscription,1,189.21,189.21,USD
O100998,2025-10-22T08:59:48,2025-10-22,C0179,Customer 0179,Consumer,SW,web,1,P210,Automation Add-on,addon,1,58.20,58.20,USD
O100999,2025-10-22T09:11:48,2025-10-22,C0227,Customer 0227,Mid-Market,MW,web,1,P210,Automation Add-on,addon,1,59.11,59.11,USD
O101000,2025-10-22T17:34:09,2025-10-22,C0158,Customer 0158,SMB,W,partner,1,P300,Implementation Package,service,1,515.28,515.28,USD
O101001,2025-10-22T12:23:02,2025-10-22,C0103,Customer 0103,Consumer,NE,partner,1,P110,Professional Subscription,subscription,1,82.61,82.61,USD
O101002,2025-10-22T17:01:47,2025-10-22,C0075,Customer 0075,Consumer,NE,web,1,P100,Starter Subscription,subscription,1,29.10,29.10,USD
O101003,2025-10-22T20:21:51,2025-10-22,C0232,Customer 0232,Mid-Market,W,web,1,P310,Training Package,service,1,282.82,282.82,USD
O101004,2025-10-23T09:50:20,2025-10-23,C0146,Customer 0146,SMB,SW,web,1,P200,Analytics Add-on,addon,1,40.70,40.70,USD
O101004,2025-10-23T09:50:20,2025-10-23,C0146,Customer 0146,SMB,SW,web,2,P310,Training Package,service,1,292.25,292.25,USD
O101005,2025-10-23T12:40:22,2025-10-23,C0191,Customer 0191,SMB,W,partner,1,P120,Enterprise Subscription,subscription,1,199.10,199.10,USD
O101006,2025-10-23T11:50:27,2025-10-23,C0038,Customer 0038,Mid-Market,NE,web,1,P100,Starter Subscription,subscription,1,30.80,30.80,USD
O101007,2025-10-23T11:43:46,2025-10-23,C0190,Customer 0190,Consumer,W,web,1,P200,Analytics Add-on,addon,1,40.40,40.40,USD
O101007,2025-10-23T11:43:46,2025-10-23,C0190,Customer 0190,Consumer,W,web,2,P210,Automation Add-on,addon,2,58.16,116.32,USD
O101008,2025-10-23T15:27:30,2025-10-23,C0166,Customer 0166,SMB,SE,web,1,P120,Enterprise Subscription,subscription,1,187.20,187.20,USD
O101009,2025-10-23T20:37:48,2025-10-23,C0226,Customer 0226,Consumer,SW,web,1,P300,Implementation Package,service,1,483.35,483.35,USD
O101010,2025-10-23T20:43:32,2025-10-23,C0177,Customer 0177,Consumer,W,web,1,P310,Training Package,service,1,286.59,286.59,USD
O101010,2025-10-23T20:43:32,2025-10-23,C0177,Customer 0177,Consumer,W,web,2,P200,Analytics Add-on,addon,1,38.38,38.38,USD
O101011,2025-10-23T08:10:46,2025-10-23,C0074,Customer 0074,Mid-Market,NE,web,1,P300,Implementation Package,service,1,512.35,512.35,USD
O101011,2025-10-23T08:10:46,2025-10-23,C0074,Customer 0074,Mid-Market,NE,web,2,P120,Enterprise Subscription,subscription,1,213.69,213.69,USD
O101012,2025-10-23T18:06:23,2025-10-23,C0161,Customer 0161,Mid-Market,SE,web,1,P100,Starter Subscription,subscription,1,29.47,29.47,USD
O101013,2025-10-23T14:46:14,2025-10-23,C0059,Customer 0059,Consumer,W,mobile,1,P120,Enterprise Subscription,subscription,1,201.44,201.44,USD
O101014,2025-10-23T14:47:59,2025-10-23,C0013,Customer 0013,Consumer,W,mobile,1,P100,Starter Subscription,subscription,1,29.20,29.20,USD
O101015,2025-10-23T18:28:33,2025-10-23,C0086,Customer 0086,Consumer,SW,mobile,1,P300,Implementation Package,service,1,511.47,511.47,USD
O101015,2025-10-23T18:28:33,2025-10-23,C0086,Customer 0086,Consumer,SW,mobile,2,P210,Automation Add-on,addon,2,58.78,117.56,USD
O101016,2025-10-23T16:42:06,2025-10-23,C0159,Customer 0159,Consumer,SW,partner,1,P100,Starter Subscription,subscription,1,27.04,27.04,USD
O101016,2025-10-23T16:42:06,2025-10-23,C0159,Customer 0159,Consumer,SW,partner,2,P200,Analytics Add-on,addon,1,39.82,39.82,USD
O101017,2025-10-23T17:53:57,2025-10-23,C0023,Customer 0023,Consumer,W,web,1,P300,Implementation Package,service,1,510.84,510.84,USD
O101017,2025-10-23T17:53:57,2025-10-23,C0023,Customer 0023,Consumer,W,web,2,P210,Automation Add-on,addon,2,54.79,109.58,USD
O101018,2025-10-23T16:21:17,2025-10-23,C0158,Customer 0158,SMB,W,mobile,1,P100,Starter Subscription,subscription,1,29.88,29.88,USD
O101018,2025-10-23T16:21:17,2025-10-23,C0158,Customer 0158,SMB,W,mobile,2,P120,Enterprise Subscription,subscription,1,209.66,209.66,USD
O101019,2025-10-23T17:35:48,2025-10-23,C0235,Customer 0235,Consumer,W,mobile,1,P310,Training Package,service,1,288.40,288.40,USD
O101020,2025-10-23T08:07:44,2025-10-23,C0208,Customer 0208,Consumer,NE,web,1,P210,Automation Add-on,addon,1,57.66,57.66,USD
O101021,2025-10-23T14:33:42,2025-10-23,C0154,Customer 0154,SMB,SW,mobile,1,P210,Automation Add-on,addon,2,59.82,119.64,USD
O101021,2025-10-23T14:33:42,2025-10-23,C0154,Customer 0154,SMB,SW,mobile,2,P100,Starter Subscription,subscription,1,29.91,29.91,USD
O101022,2025-10-23T09:26:25,2025-10-23,C0195,Customer 0195,Consumer,SW,web,1,P110,Professional Subscription,subscription,1,75.41,75.41,USD
O101023,2025-10-23T20:51:03,2025-10-23,C0059,Customer 0059,Consumer,W,web,1,P110,Professional Subscription,subscription,1,78.16,78.16,USD
O101023,2025-10-23T20:51:03,2025-10-23,C0059,Customer 0059,Consumer,W,web,2,P300,Implementation Package,service,1,483.71,483.71,USD
O101023,2025-10-23T20:51:03,2025-10-23,C0059,Customer 0059,Consumer,W,web,3,P310,Training Package,service,1,275.77,275.77,USD
O101024,2025-10-23T18:47:32,2025-10-23,C0031,Customer 0031,Mid-Market,MW,web,1,P120,Enterprise Subscription,subscription,1,196.34,196.34,USD
O101025,2025-10-23T17:03:32,2025-10-23,C0163,Customer 0163,Consumer,MW,partner,1,P310,Training Package,service,1,278.72,278.72,USD
O101026,2025-10-24T14:37:42,2025-10-24,C0098,Customer 0098,SMB,W,partner,1,P110,Professional Subscription,subscription,1,82.48,82.48,USD
O101027,2025-10-24T16:34:38,2025-10-24,C0173,Customer 0173,SMB,SE,web,1,P110,Professional Subscription,subscription,1,78.65,78.65,USD
O101028,2025-10-24T16:11:24,2025-10-24,C0187,Customer 0187,SMB,SW,partner,1,P210,Automation Add-on,addon,1,58.53,58.53,USD
O101028,2025-10-24T16:11:24,2025-10-24,C0187,Customer 0187,SMB,SW,partner,2,P120,Enterprise Subscription,subscription,1,189.58,189.58,USD
O101028,2025-10-24T16:11:24,2025-10-24,C0187,Customer 0187,SMB,SW,partner,3,P300,Implementation Package,service,1,524.64,524.64,USD
O101029,2025-10-24T11:20:38,2025-10-24,C0084,Customer 0084,Consumer,NE,web,1,P200,Analytics Add-on,addon,1,37.49,37.49,USD
O101029,2025-10-24T11:20:38,2025-10-24,C0084,Customer 0084,Consumer,NE,web,2,P120,Enterprise Subscription,subscription,1,187.05,187.05,USD
O101030,2025-10-24T15:01:26,2025-10-24,C0067,Customer 0067,SMB,NE,mobile,1,P310,Training Package,service,1,315.99,315.99,USD
O101031,2025-10-24T15:06:21,2025-10-24,C0239,Customer 0239,Mid-Market,W,web,1,P200,Analytics Add-on,addon,2,37.91,75.82,USD
O101031,2025-10-24T15:06:21,2025-10-24,C0239,Customer 0239,Mid-Market,W,web,2,P310,Training Package,service,1,306.30,306.30,USD
O101032,2025-10-24T12:44:13,2025-10-24,C0053,Customer 0053,SMB,SE,partner,1,P300,Implementation Package,service,1,537.59,537.59,USD
O101033,2025-10-24T12:02:54,2025-10-24,C0032,Customer 0032,SMB,W,web,1,P310,Training Package,service,1,307.73,307.73,USD
O101034,2025-10-24T12:36:15,2025-10-24,C0166,Customer 0166,SMB,SE,mobile,1,P210,Automation Add-on,addon,1,60.62,60.62,USD
O101035,2025-10-24T16:55:23,2025-10-24,C0165,Customer 0165,Mid-Market,SE,web,1,P300,Implementation Package,service,1,495.78,495.78,USD
O101035,2025-10-24T16:55:23,2025-10-24,C0165,Customer 0165,Mid-Market,SE,web,2,P200,Analytics Add-on,addon,2,38.23,76.46,USD
O101036,2025-10-24T19:47:45,2025-10-24,C0097,Customer 0097,Enterprise,NE,web,1,P100,Starter Subscription,subscription,1,29.81,29.81,USD
O101037,2025-10-24T18:26:56,2025-10-24,C0045,Customer 0045,Consumer,MW,web,1,P200,Analytics Add-on,addon,1,39.24,39.24,USD
O101038,2025-10-24T20:16:56,2025-10-24,C0118,Customer 0118,SMB,SE,mobile,1,P310,Training Package,service,1,312.59,312.59,USD
O101039,2025-10-24T20:13:03,2025-10-24,C0167,Customer 0167,Consumer,NE,mobile,1,P100,Starter Subscription,subscription,1,29.67,29.67,USD
O101040,2025-10-24T16:51:21,2025-10-24,C0063,Customer 0063,SMB,NE,mobile,1,P110,Professional Subscription,subscription,1,77.00,77.00,USD
O101041,2025-10-24T19:15:52,2025-10-24,C0016,Customer 0016,Enterprise,W,web,1,P300,Implementation Package,service,1,465.29,465.29,USD
O101041,2025-10-24T19:15:52,2025-10-24,C0016,Customer 0016,Enterprise,W,web,2,P120,Enterprise Subscription,subscription,1,202.18,202.18,USD
O101041,2025-10-24T19:15:52,2025-10-24,C0016,Customer 0016,Enterprise,W,web,3,P200,Analytics Add-on,addon,2,39.01,78.02,USD
O101042,2025-10-24T16:31:42,2025-10-24,C0105,Customer 0105,SMB,SE,web,1,P300,Implementation Package,service,1,491.94,491.94,USD
O101042,2025-10-24T16:31:42,2025-10-24,C0105,Customer 0105,SMB,SE,web,2,P210,Automation Add-on,addon,2,60.42,120.84,USD
O101043,2025-10-24T19:11:31,2025-10-24,C0148,Customer 0148,Consumer,SE,web,1,P100,Starter Subscription,subscription,1,28.14,28.14,USD
O101044,2025-10-24T16:37:53,2025-10-24,C0055,Customer 0055,Mid-Market,NE,web,1,P300,Implementation Package,service,1,499.03,499.03,USD
O101045,2025-10-24T20:32:30,2025-10-24,C0058,Customer 0058,SMB,W,mobile,1,P100,Starter Subscription,subscription,1,30.93,30.93,USD
O101045,2025-10-24T20:32:30,2025-10-24,C0058,Customer 0058,SMB,W,mobile,2,P210,Automation Add-on,addon,2,60.88,121.76,USD
O101046,2025-10-24T14:49:20,2025-10-24,C0069,Customer 0069,Consumer,SE,web,1,P110,Professional Subscription,subscription,1,84.70,84.70,USD
O101047,2025-10-24T20:39:11,2025-10-24,C0089,Customer 0089,SMB,NE,web,1,P310,Training Package,service,1,279.73,279.73,USD
O101048,2025-10-25T10:19:58,2025-10-25,C0210,Customer 0210,SMB,NE,web,1,P120,Enterprise Subscription,subscription,1,197.83,197.83,USD
O101048,2025-10-25T10:19:58,2025-10-25,C0210,Customer 0210,SMB,NE,web,2,P210,Automation Add-on,addon,1,63.51,63.51,USD
O101049,2025-10-25T09:21:56,2025-10-25,C0064,Customer 0064,SMB,W,mobile,1,P310,Training Package,service,1,277.66,277.66,USD
O101050,2025-10-25T19:26:23,2025-10-25,C0228,Customer 0228,Consumer,SW,mobile,1,P310,Training Package,service,1,290.05,290.05,USD
O101051,2025-10-25T09:01:26,2025-10-25,C0206,Customer 0206,Consumer,SW,partner,1,P300,Implementation Package,service,1,514.17,514.17,USD
O101051,2025-10-25T09:01:26,2025-10-25,C0206,Customer 0206,Consumer,SW,partner,2,P200,Analytics Add-on,addon,1,35.99,35.99,USD
O101051,2025-10-25T09:01:26,2025-10-25,C0206,Customer 0206,Consumer,SW,partner,3,P310,Training Package,service,1,317.91,317.91,USD
O101052,2025-10-25T14:09:01,2025-10-25,C0200,Customer 0200,Consumer,W,web,1,P200,Analytics Add-on,addon,2,36.42,72.84,USD
O101052,2025-10-25T14:09:01,2025-10-25,C0200,Customer 0200,Consumer,W,web,2,P210,Automation Add-on,addon,1,54.38,54.38,USD
O101053,2025-10-25T15:07:09,2025-10-25,C0143,Customer 0143,Consumer,MW,mobile,1,P120,Enterprise Subscription,subscription,1,189.01,189.01,USD
O101054,2025-10-25T15:51:25,2025-10-25,C0068,Customer 0068,SMB,SE,mobile,1,P120,Enterprise Subscription,subscription,1,205.94,205.94,USD
O101054,2025-10-25T15:51:25,2025-10-25,C0068,Customer 0068,SMB,SE,mobile,2,P100,Starter Subscription,subscription,1,26.79,26.79,USD
O101055,2025-10-25T16:35:31,2025-10-25,C0057,Customer 0057,Mid-Market,W,web,1,P200,Analytics Add-on,addon,1,38.54,38.54,USD
O101055,2025-10-25T16:35:31,2025-10-25,C0057,Customer 0057,Mid-Market,W,web,2,P300,Implementation Package,service,1,537.53,537.53,USD
O101055,2025-10-25T16:35:31,2025-10-25,C0057,Customer 0057,Mid-Market,W,web,3,P310,Training Package,service,1,321.80,321.80,USD
O101056,2025-10-25T17:39:00,2025-10-25,C0193,Customer 0193,Consumer,SW,web,1,P120,Enterprise Subscription,subscription,1,186.94,186.94,USD
O101057,2025-10-25T14:30:13,2025-10-25,C0189,Customer 0189,SMB,SW,mobile,1,P120,Enterprise Subscription,subscription,1,190.12,190.12,USD
O101057,2025-10-25T14:30:13,2025-10-25,C0189,Customer 0189,SMB,SW,mobile,2,P300,Implementation Package,service,1,511.58,511.58,USD
O101058,2025-10-25T16:42:11,2025-10-25,C0170,Customer 0170,Mid-Market,SE,partner,1,P110,Professional Subscription,subscription,1,81.74,81.74,USD
O101059,2025-10-25T14:40:31,2025-10-25,C0125,Customer 0125,Mid-Market,NE,web,1,P200,Analytics Add-on,addon,1,40.88,40.88,USD
O101059,2025-10-25T14:40:31,2025-10-25,C0125,Customer 0125,Mid-Market,NE,web,2,P120,Enterprise Subscription,subscription,1,190.05,190.05,USD
O101060,2025-10-25T16:44:39,2025-10-25,C0041,Customer 0041,Consumer,NE,web,1,P200,Analytics Add-on,addon,1,36.42,36.42,USD
O101061,2025-10-25T12:56:07,2025-10-25,C0112,Customer 0112,SMB,NE,mobile,1,P210,Automation Add-on,addon,1,56.52,56.52,USD
O101062,2025-10-25T19:13:19,2025-10-25,C0203,Customer 0203,SMB,SW,mobile,1,P200,Analytics Add-on,addon,1,39.33,39.33,USD
O101062,2025-10-25T19:13:19,2025-10-25,C0203,Customer 0203,SMB,SW,mobile,2,P310,Training Package,service,1,302.24,302.24,USD
O101063,2025-10-25T13:20:16,2025-10-25,C0238,Customer 0238,Mid-Market,MW,web,1,P120,Enterprise Subscription,subscription,1,201.73,201.73,USD
O101063,2025-10-25T13:20:16,2025-10-25,C0238,Customer 0238,Mid-Market,MW,web,2,P110,Professional Subscription,subscription,1,83.96,83.96,USD
O101064,2025-10-25T17:04:06,2025-10-25,C0160,Customer 0160,Mid-Market,SE,mobile,1,P210,Automation Add-on,addon,1,58.14,58.14,USD
O101065,2025-10-25T14:30:41,2025-10-25,C0095,Customer 0095,SMB,SE,web,1,P200,Analytics Add-on,addon,1,38.66,38.66,USD
O101066,2025-10-25T11:43:06,2025-10-25,C0087,Customer 0087,Mid-Market,W,web,1,P210,Automation Add-on,addon,1,59.19,59.19,USD
O101067,2025-10-25T20:27:34,2025-10-25,C0057,Customer 0057,Mid-Market,W,web,1,P120,Enterprise Subscription,subscription,1,210.46,210.46,USD
O101068,2025-10-25T12:29:29,2025-10-25,C0165,Customer 0165,Mid-Market,SE,partner,1,P210,Automation Add-on,addon,1,60.54,60.54,USD
O101068,2025-10-25T12:29:29,2025-10-25,C0165,Customer 0165,Mid-Market,SE,partner,2,P120,Enterprise Subscription,subscription,1,209.15,209.15,USD
O101069,2025-10-26T13:35:01,2025-10-26,C0096,Customer 0096,SMB,W,mobile,1,P210,Automation Add-on,addon,1,61.33,61.33,USD
O101069,2025-10-26T13:35:01,2025-10-26,C0096,Customer 0096,SMB,W,mobile,2,P120,Enterprise Subscription,subscription,1,192.68,192.68,USD
O101070,2025-10-26T15:00:19,2025-10-26,C0078,Customer 0078,Mid-Market,SW,web,1,P200,Analytics Add-on,addon,2,42.10,84.20,USD
O101071,2025-10-26T19:49:25,2025-10-26,C0096,Customer 0096,SMB,W,web,1,P110,Professional Subscription,subscription,1,80.37,80.37,USD
O101072,2025-10-26T10:33:20,2025-10-26,C0153,Customer 0153,Consumer,W,web,1,P300,Implementation Package,service,1,471.54,471.54,USD
O101073,2025-10-26T09:13:14,2025-10-26,C0200,Customer 0200,Consumer,W,mobile,1,P310,Training Package,service,1,304.36,304.36,USD
O101073,2025-10-26T09:13:14,2025-10-26,C0200,Customer 0200,Consumer,W,mobile,2,P110,Professional Subscription,subscription,1,73.62,73.62,USD
O101074,2025-10-26T15:45:49,2025-10-26,C0081,Customer 0081,SMB,W,mobile,1,P310,Training Package,service,1,314.32,314.32,USD
O101075,2025-10-26T08:32:11,2025-10-26,C0212,Customer 0212,SMB,SE,partner,1,P300,Implementation Package,service,1,492.22,492.22,USD
O101076,2025-10-26T09:37:31,2025-10-26,C0237,Customer 0237,Mid-Market,MW,mobile,1,P310,Training Package,service,1,321.89,321.89,USD
O101077,2025-10-26T20:49:44,2025-10-26,C0025,Customer 0025,SMB,W,web,1,P300,Implementation Package,service,1,465.89,465.89,USD
O101077,2025-10-26T20:49:44,2025-10-26,C0025,Customer 0025,SMB,W,web,2,P120,Enterprise Subscription,subscription,1,195.24,195.24,USD
O101078,2025-10-26T20:57:17,2025-10-26,C0138,Customer 0138,Mid-Market,W,partner,1,P120,Enterprise Subscription,subscription,1,188.36,188.36,USD
O101078,2025-10-26T20:57:17,2025-10-26,C0138,Customer 0138,Mid-Market,W,partner,2,P200,Analytics Add-on,addon,1,37.51,37.51,USD
O101078,2025-10-26T20:57:17,2025-10-26,C0138,Customer 0138,Mid-Market,W,partner,3,P110,Professional Subscription,subscription,1,79.28,79.28,USD
O101079,2025-10-26T15:02:46,2025-10-26,C0120,Customer 0120,Mid-Market,SW,mobile,1,P300,Implementation Package,service,1,493.85,493.85,USD
O101079,2025-10-26T15:02:46,2025-10-26,C0120,Customer 0120,Mid-Market,SW,mobile,2,P310,Training Package,service,1,321.55,321.55,USD
O101079,2025-10-26T15:02:46,2025-10-26,C0120,Customer 0120,Mid-Market,SW,mobile,3,P200,Analytics Add-on,addon,1,40.72,40.72,USD
O101080,2025-10-26T16:03:42,2025-10-26,C0102,Customer 0102,Consumer,SW,web,1,P310,Training Package,service,1,302.55,302.55,USD
O101081,2025-10-26T19:57:43,2025-10-26,C0083,Customer 0083,Mid-Market,SW,mobile,1,P100,Starter Subscription,subscription,1,30.32,30.32,USD
O101081,2025-10-26T19:57:43,2025-10-26,C0083,Customer 0083,Mid-Market,SW,mobile,2,P200,Analytics Add-on,addon,1,40.85,40.85,USD
O101082,2025-10-26T17:25:29,2025-10-26,C0037,Customer 0037,SMB,SE,partner,1,P110,Professional Subscription,subscription,1,74.17,74.17,USD
O101083,2025-10-26T17:14:12,2025-10-26,C0222,Customer 0222,Consumer,NE,mobile,1,P110,Professional Subscription,subscription,1,82.24,82.24,USD
O101084,2025-10-26T09:01:56,2025-10-26,C0089,Customer 0089,SMB,NE,web,1,P100,Starter Subscription,subscription,1,30.89,30.89,USD
O101085,2025-10-26T09:31:59,2025-10-26,C0117,Customer 0117,Consumer,MW,web,1,P300,Implementation Package,service,1,474.43,474.43,USD
O101085,2025-10-26T09:31:59,2025-10-26,C0117,Customer 0117,Consumer,MW,web,2,P100,Starter Subscription,subscription,1,28.28,28.28,USD
O101086,2025-10-26T14:29:29,2025-10-26,C0196,Customer 0196,SMB,SW,partner,1,P100,Starter Subscription,subscription,1,26.72,26.72,USD
O101087,2025-10-26T20:31:57,2025-10-26,C0234,Customer 0234,SMB,SW,partner,1,P120,Enterprise Subscription,subscription,1,192.70,192.70,USD
O101087,2025-10-26T20:31:57,2025-10-26,C0234,Customer 0234,SMB,SW,partner,2,P100,Starter Subscription,subscription,1,27.98,27.98,USD
O101087,2025-10-26T20:31:57,2025-10-26,C0234,Customer 0234,SMB,SW,partner,3,P300,Implementation Package,service,1,501.66,501.66,USD
O101088,2025-10-26T08:29:38,2025-10-26,C0124,Customer 0124,SMB,SE,mobile,1,P120,Enterprise Subscription,subscription,1,209.11,209.11,USD
O101089,2025-10-26T16:21:17,2025-10-26,C0076,Customer 0076,Mid-Market,MW,partner,1,P310,Training Package,service,1,302.83,302.83,USD
O101089,2025-10-26T16:21:17,2025-10-26,C0076,Customer 0076,Mid-Market,MW,partner,2,P110,Professional Subscription,subscription,1,80.38,80.38,USD
O101090,2025-10-26T08:39:49,2025-10-26,C0122,Customer 0122,Consumer,W,partner,1,P200,Analytics Add-on,addon,2,38.22,76.44,USD
O101090,2025-10-26T08:39:49,2025-10-26,C0122,Customer 0122,Consumer,W,partner,2,P310,Training Package,service,1,277.04,277.04,USD
O101091,2025-10-26T18:58:10,2025-10-26,C0231,Customer 0231,Consumer,W,web,1,P110,Professional Subscription,subscription,1,81.33,81.33,USD
O101092,2025-10-26T12:45:14,2025-10-26,C0145,Customer 0145,Mid-Market,W,mobile,1,P210,Automation Add-on,addon,1,60.46,60.46,USD
O101093,2025-10-27T12:33:56,2025-10-27,C0068,Customer 0068,SMB,SE,mobile,1,P210,Automation Add-on,addon,1,61.64,61.64,USD
O101094,2025-10-27T13:21:51,2025-10-27,C0034,Customer 0034,Consumer,SW,web,1,P200,Analytics Add-on,addon,2,39.19,78.38,USD
O101095,2025-10-27T10:34:51,2025-10-27,C0170,Customer 0170,Mid-Market,SE,web,1,P200,Analytics Add-on,addon,1,41.62,41.62,USD
O101096,2025-10-27T16:00:30,2025-10-27,C0143,Customer 0143,Consumer,MW,web,1,P300,Implementation Package,service,1,462.38,462.38,USD
O101097,2025-10-27T12:25:26,2025-10-27,C0223,Customer 0223,Consumer,MW,web,1,P300,Implementation Package,service,1,518.14,518.14,USD
O101098,2025-10-27T20:21:18,2025-10-27,C0137,Customer 0137,Mid-Market,NE,mobile,1,P310,Training Package,service,1,275.72,275.72,USD
O101098,2025-10-27T20:21:18,2025-10-27,C0137,Customer 0137,Mid-Market,NE,mobile,2,P110,Professional Subscription,subscription,1,84.91,84.91,USD
O101098,2025-10-27T20:21:18,2025-10-27,C0137,Customer 0137,Mid-Market,NE,mobile,3,P300,Implementation Package,service,1,499.61,499.61,USD
O101099,2025-10-27T19:06:39,2025-10-27,C0129,Customer 0129,Consumer,SE,mobile,1,P120,Enterprise Subscription,subscription,1,184.49,184.49,USD
O101100,2025-10-27T16:46:46,2025-10-27,C0040,Customer 0040,SMB,W,web,1,P300,Implementation Package,service,1,471.01,471.01,USD
O101101,2025-10-27T20:29:21,2025-10-27,C0232,Customer 0232,Mid-Market,W,mobile,1,P300,Implementation Package,service,1,527.68,527.68,USD
O101102,2025-10-27T15:46:28,2025-10-27,C0203,Customer 0203,SMB,SW,web,1,P200,Analytics Add-on,addon,1,36.95,36.95,USD
O101102,2025-10-27T15:46:28,2025-10-27,C0203,Customer 0203,SMB,SW,web,2,P300,Implementation Package,service,1,519.08,519.08,USD
O101102,2025-10-27T15:46:28,2025-10-27,C0203,Customer 0203,SMB,SW,web,3,P310,Training Package,service,1,289.29,289.29,USD
O101103,2025-10-27T08:41:18,2025-10-27,C0166,Customer 0166,SMB,SE,web,1,P310,Training Package,service,1,295.11,295.11,USD
O101104,2025-10-27T10:25:24,2025-10-27,C0226,Customer 0226,Consumer,SW,mobile,1,P310,Training Package,service,1,292.59,292.59,USD
O101104,2025-10-27T10:25:24,2025-10-27,C0226,Customer 0226,Consumer,SW,mobile,2,P110,Professional Subscription,subscription,1,80.19,80.19,USD
O101104,2025-10-27T10:25:24,2025-10-27,C0226,Customer 0226,Consumer,SW,mobile,3,P300,Implementation Package,service,1,532.76,532.76,USD
O101105,2025-10-27T15:11:52,2025-10-27,C0193,Customer 0193,Consumer,SW,web,1,P100,Starter Subscription,subscription,1,27.88,27.88,USD
O101106,2025-10-27T18:15:53,2025-10-27,C0138,Customer 0138,Mid-Market,W,mobile,1,P310,Training Package,service,1,304.57,304.57,USD
O101106,2025-10-27T18:15:53,2025-10-27,C0138,Customer 0138,Mid-Market,W,mobile,2,P120,Enterprise Subscription,subscription,1,204.87,204.87,USD
O101107,2025-10-27T14:19:53,2025-10-27,C0015,Customer 0015,SMB,SW,web,1,P310,Training Package,service,1,305.93,305.93,USD
O101108,2025-10-27T08:47:27,2025-10-27,C0192,Customer 0192,Mid-Market,MW,web,1,P310,Training Package,service,1,287.88,287.88,USD
O101109,2025-10-27T08:59:30,2025-10-27,C0064,Customer 0064,SMB,W,web,1,P300,Implementation Package,service,1,530.79,530.79,USD
O101110,2025-10-27T10:20:06,2025-10-27,C0064,Customer 0064,SMB,W,mobile,1,P100,Starter Subscription,subscription,1,28.38,28.38,USD
O101111,2025-10-27T11:32:51,2025-10-27,C0083,Customer 0083,Mid-Market,SW,mobile,1,P310,Training Package,service,1,303.13,303.13,USD
O101111,2025-10-27T11:32:51,2025-10-27,C0083,Customer 0083,Mid-Market,SW,mobile,2,P210,Automation Add-on,addon,1,62.04,62.04,USD
O101111,2025-10-27T11:32:51,2025-10-27,C0083,Customer 0083,Mid-Market,SW,mobile,3,P100,Starter Subscription,subscription,1,30.08,30.08,USD
O101112,2025-10-27T20:14:11,2025-10-27,C0111,Customer 0111,Consumer,NE,partner,1,P110,Professional Subscription,subscription,1,77.86,77.86,USD
O101112,2025-10-27T20:14:11,2025-10-27,C0111,Customer 0111,Consumer,NE,partner,2,P120,Enterprise Subscription,subscription,1,183.64,183.64,USD
O101113,2025-10-27T18:24:32,2025-10-27,C0144,Customer 0144,Consumer,W,mobile,1,P200,Analytics Add-on,addon,1,38.75,38.75,USD
O101113,2025-10-27T18:24:32,2025-10-27,C0144,Customer 0144,Consumer,W,mobile,2,P210,Automation Add-on,addon,1,57.17,57.17,USD
O101114,2025-10-27T09:24:15,2025-10-27,C0169,Customer 0169,Consumer,SW,mobile,1,P210,Automation Add-on,addon,1,60.96,60.96,USD
O101115,2025-10-27T16:07:43,2025-10-27,C0164,Customer 0164,Consumer,SE,mobile,1,P200,Analytics Add-on,addon,2,37.09,74.18,USD
O101115,2025-10-27T16:07:43,2025-10-27,C0164,Customer 0164,Consumer,SE,mobile,2,P110,Professional Subscription,subscription,1,75.34,75.34,USD
O101116,2025-10-27T16:13:26,2025-10-27,C0156,Customer 0156,Enterprise,SW,web,1,P200,Analytics Add-on,addon,1,37.52,37.52,USD
O101117,2025-10-27T17:50:23,2025-10-27,C0172,Customer 0172,SMB,W,mobile,1,P120,Enterprise Subscription,subscription,1,191.01,191.01,USD
O101118,2025-10-27T13:48:50,2025-10-27,C0110,Customer 0110,Consumer,W,web,1,P300,Implementation Package,service,1,497.57,497.57,USD
O101118,2025-10-27T13:48:50,2025-10-27,C0110,Customer 0110,Consumer,W,web,2,P200,Analytics Add-on,addon,1,35.99,35.99,USD
O101119,2025-10-28T10:23:52,2025-10-28,C0015,Customer 0015,SMB,SW,web,1,P300,Implementation Package,service,1,463.70,463.70,USD
O101120,2025-10-28T11:51:50,2025-10-28,C0004,Customer 0004,Enterprise,NE,mobile,1,P110,Professional Subscription,subscription,1,82.44,82.44,USD
O101121,2025-10-28T18:26:20,2025-10-28,C0145,Customer 0145,Mid-Market,W,partner,1,P200,Analytics Add-on,addon,1,39.07,39.07,USD
O101122,2025-10-28T12:02:23,2025-10-28,C0230,Customer 0230,Enterprise,MW,web,1,P310,Training Package,service,1,315.65,315.65,USD
O101123,2025-10-28T16:51:07,2025-10-28,C0182,Customer 0182,Consumer,MW,mobile,1,P110,Professional Subscription,subscription,1,78.85,78.85,USD
O101124,2025-10-28T16:09:16,2025-10-28,C0178,Customer 0178,Consumer,W,web,1,P110,Professional Subscription,subscription,1,73.57,73.57,USD
O101124,2025-10-28T16:09:16,2025-10-28,C0178,Customer 0178,Consumer,W,web,2,P300,Implementation Package,service,1,528.41,528.41,USD
O101125,2025-10-28T20:15:42,2025-10-28,C0155,Customer 0155,Consumer,SE,mobile,1,P100,Starter Subscription,subscription,1,26.79,26.79,USD
O101126,2025-10-28T20:13:18,2025-10-28,C0172,Customer 0172,SMB,W,web,1,P120,Enterprise Subscription,subscription,1,185.58,185.58,USD
O101127,2025-10-28T08:19:19,2025-10-28,C0172,Customer 0172,SMB,W,web,1,P200,Analytics Add-on,addon,1,39.45,39.45,USD
O101128,2025-10-28T13:30:08,2025-10-28,C0070,Customer 0070,SMB,W,partner,1,P120,Enterprise Subscription,subscription,1,204.14,204.14,USD
O101129,2025-10-28T17:18:05,2025-10-28,C0192,Customer 0192,Mid-Market,MW,web,1,P120,Enterprise Subscription,subscription,1,183.22,183.22,USD
O101129,2025-10-28T17:18:05,2025-10-28,C0192,Customer 0192,Mid-Market,MW,web,2,P100,Starter Subscription,subscription,1,28.47,28.47,USD
O101130,2025-10-28T18:53:02,2025-10-28,C0023,Customer 0023,Consumer,W,web,1,P210,Automation Add-on,addon,1,58.12,58.12,USD
O101130,2025-10-28T18:53:02,2025-10-28,C0023,Customer 0023,Consumer,W,web,2,P200,Analytics Add-on,addon,1,36.91,36.91,USD
O101130,2025-10-28T18:53:02,2025-10-28,C0023,Customer 0023,Consumer,W,web,3,P120,Enterprise Subscription,subscription,1,190.27,190.27,USD
O101131,2025-10-28T12:32:16,2025-10-28,C0152,Customer 0152,Consumer,MW,web,1,P300,Implementation Package,service,1,478.76,478.76,USD
O101132,2025-10-28T11:51:12,2025-10-28,C0153,Customer 0153,Consumer,W,mobile,1,P200,Analytics Add-on,addon,1,41.69,41.69,USD
O101132,2025-10-28T11:51:12,2025-10-28,C0153,Customer 0153,Consumer,W,mobile,2,P210,Automation Add-on,addon,1,58.46,58.46,USD
O101132,2025-10-28T11:51:12,2025-10-28,C0153,Customer 0153,Consumer,W,mobile,3,P100,Starter Subscription,subscription,1,29.34,29.34,USD
O101133,2025-10-28T19:26:44,2025-10-28,C0145,Customer 0145,Mid-Market,W,partner,1,P110,Professional Subscription,subscription,1,75.57,75.57,USD
O101134,2025-10-28T18:25:22,2025-10-28,C0099,Customer 0099,Enterprise,MW,web,1,P100,Starter Subscription,subscription,1,31.12,31.12,USD
O101135,2025-10-28T14:35:29,2025-10-28,C0208,Customer 0208,Consumer,NE,mobile,1,P100,Starter Subscription,subscription,1,31.28,31.28,USD
O101136,2025-10-28T11:52:20,2025-10-28,C0224,Customer 0224,Mid-Market,MW,web,1,P300,Implementation Package,service,1,468.78,468.78,USD
O101137,2025-10-28T18:40:41,2025-10-28,C0076,Customer 0076,Mid-Market,MW,web,1,P310,Training Package,service,1,316.89,316.89,USD
O101138,2025-10-28T20:50:52,2025-10-28,C0021,Customer 0021,Mid-Market,SE,web,1,P100,Starter Subscription,subscription,1,30.48,30.48,USD
O101138,2025-10-28T20:50:52,2025-10-28,C0021,Customer 0021,Mid-Market,SE,web,2,P310,Training Package,service,1,295.37,295.37,USD
O101139,2025-10-28T08:48:43,2025-10-28,C0160,Customer 0160,Mid-Market,SE,mobile,1,P300,Implementation Package,service,1,527.16,527.16,USD
O101139,2025-10-28T08:48:43,2025-10-28,C0160,Customer 0160,Mid-Market,SE,mobile,2,P210,Automation Add-on,addon,1,55.49,55.49,USD
O101140,2025-10-28T11:48:05,2025-10-28,C0106,Customer 0106,SMB,MW,web,1,P310,Training Package,service,1,298.08,298.08,USD
O101140,2025-10-28T11:48:05,2025-10-28,C0106,Customer 0106,SMB,MW,web,2,P120,Enterprise Subscription,subscription,1,185.09,185.09,USD
O101140,2025-10-28T11:48:05,2025-10-28,C0106,Customer 0106,SMB,MW,web,3,P100,Starter Subscription,subscription,1,29.60,29.60,USD
O101141,2025-10-28T19:14:42,2025-10-28,C0147,Customer 0147,Enterprise,W,web,1,P310,Training Package,service,1,318.12,318.12,USD
O101142,2025-10-28T13:54:55,2025-10-28,C0146,Customer 0146,SMB,SW,web,1,P110,Professional Subscription,subscription,1,84.14,84.14,USD
O101143,2025-10-28T15:30:05,2025-10-28,C0144,Customer 0144,Consumer,W,mobile,1,P120,Enterprise Subscription,subscription,1,201.99,201.99,USD
O101144,2025-10-28T14:46:01,2025-10-28,C0102,Customer 0102,Consumer,SW,web,1,P210,Automation Add-on,addon,1,54.96,54.96,USD
O101145,2025-10-29T10:16:46,2025-10-29,C0165,Customer 0165,Mid-Market,SE,web,1,P100,Starter Subscription,subscription,1,28.90,28.90,USD
O101145,2025-10-29T10:16:46,2025-10-29,C0165,Customer 0165,Mid-Market,SE,web,2,P310,Training Package,service,1,285.44,285.44,USD
O101146,2025-10-29T11:01:50,2025-10-29,C0053,Customer 0053,SMB,SE,web,1,P200,Analytics Add-on,addon,1,36.08,36.08,USD
O101147,2025-10-29T10:00:30,2025-10-29,C0039,Customer 0039,Mid-Market,SW,web,1,P200,Analytics Add-on,addon,1,39.31,39.31,USD
O101148,2025-10-29T19:46:20,2025-10-29,C0160,Customer 0160,Mid-Market,SE,web,1,P300,Implementation Package,service,1,460.64,460.64,USD
O101149,2025-10-29T19:41:33,2025-10-29,C0040,Customer 0040,SMB,W,web,1,P110,Professional Subscription,subscription,1,76.11,76.11,USD
O101149,2025-10-29T19:41:33,2025-10-29,C0040,Customer 0040,SMB,W,web,2,P300,Implementation Package,service,1,470.44,470.44,USD
O101150,2025-10-29T11:54:00,2025-10-29,C0064,Customer 0064,SMB,W,web,1,P120,Enterprise Subscription,subscription,1,185.13,185.13,USD
O101151,2025-10-29T15:26:19,2025-10-29,C0025,Customer 0025,SMB,W,web,1,P310,Training Package,service,1,299.75,299.75,USD
O101151,2025-10-29T15:26:19,2025-10-29,C0025,Customer 0025,SMB,W,web,2,P300,Implementation Package,service,1,505.89,505.89,USD
O101151,2025-10-29T15:26:19,2025-10-29,C0025,Customer 0025,SMB,W,web,3,P110,Professional Subscription,subscription,1,76.42,76.42,USD
O101152,2025-10-29T10:45:21,2025-10-29,C0215,Customer 0215,SMB,W,web,1,P300,Implementation Package,service,1,469.71,469.71,USD
O101152,2025-10-29T10:45:21,2025-10-29,C0215,Customer 0215,SMB,W,web,2,P110,Professional Subscription,subscription,1,82.71,82.71,USD
O101153,2025-10-29T13:20:32,2025-10-29,C0210,Customer 0210,SMB,NE,mobile,1,P200,Analytics Add-on,addon,2,39.27,78.54,USD
O101153,2025-10-29T13:20:32,2025-10-29,C0210,Customer 0210,SMB,NE,mobile,2,P310,Training Package,service,1,300.83,300.83,USD
O101154,2025-10-29T10:11:38,2025-10-29,C0212,Customer 0212,SMB,SE,partner,1,P300,Implementation Package,service,1,485.31,485.31,USD
O101155,2025-10-29T10:28:55,2025-10-29,C0106,Customer 0106,SMB,MW,web,1,P300,Implementation Package,service,1,466.09,466.09,USD
O101155,2025-10-29T10:28:55,2025-10-29,C0106,Customer 0106,SMB,MW,web,2,P100,Starter Subscription,subscription,1,28.49,28.49,USD
O101156,2025-10-29T14:43:47,2025-10-29,C0118,Customer 0118,SMB,SE,web,1,P300,Implementation Package,service,1,529.99,529.99,USD
O101156,2025-10-29T14:43:47,2025-10-29,C0118,Customer 0118,SMB,SE,web,2,P210,Automation Add-on,addon,2,60.11,120.22,USD
O101157,2025-10-29T14:59:03,2025-10-29,C0179,Customer 0179,Consumer,SW,partner,1,P110,Professional Subscription,subscription,1,79.26,79.26,USD
O101157,2025-10-29T14:59:03,2025-10-29,C0179,Customer 0179,Consumer,SW,partner,2,P310,Training Package,service,1,298.32,298.32,USD
O101158,2025-10-29T17:37:39,2025-10-29,C0073,Customer 0073,Mid-Market,SW,mobile,1,P300,Implementation Package,service,1,484.04,484.04,USD
O101158,2025-10-29T17:37:39,2025-10-29,C0073,Customer 0073,Mid-Market,SW,mobile,2,P120,Enterprise Subscription,subscription,1,204.86,204.86,USD
O101158,2025-10-29T17:37:39,2025-10-29,C0073,Customer 0073,Mid-Market,SW,mobile,3,P310,Training Package,service,1,305.82,305.82,USD
O101159,2025-10-29T14:01:59,2025-10-29,C0177,Customer 0177,Consumer,W,mobile,1,P120,Enterprise Subscription,subscription,1,201.54,201.54,USD
O101160,2025-10-29T16:19:52,2025-10-29,C0123,Customer 0123,Consumer,W,web,1,P100,Starter Subscription,subscription,1,28.95,28.95,USD
O101161,2025-10-29T08:15:57,2025-10-29,C0073,Customer 0073,Mid-Market,SW,web,1,P210,Automation Add-on,addon,1,55.51,55.51,USD
O101162,2025-10-29T10:15:17,2025-10-29,C0036,Customer 0036,Mid-Market,NE,web,1,P200,Analytics Add-on,addon,2,37.94,75.88,USD
O101163,2025-10-29T20:23:36,2025-10-29,C0068,Customer 0068,SMB,SE,web,1,P200,Analytics Add-on,addon,1,40.66,40.66,USD
O101164,2025-10-29T10:10:55,2025-10-29,C0027,Customer 0027,Consumer,MW,web,1,P300,Implementation Package,service,1,488.20,488.20,USD
O101164,2025-10-29T10:10:55,2025-10-29,C0027,Customer 0027,Consumer,MW,web,2,P110,Professional Subscription,subscription,1,76.42,76.42,USD
O101164,2025-10-29T10:10:55,2025-10-29,C0027,Customer 0027,Consumer,MW,web,3,P100,Starter Subscription,subscription,1,28.63,28.63,USD
O101165,2025-10-29T17:03:16,2025-10-29,C0186,Customer 0186,Mid-Market,SE,mobile,1,P100,Starter Subscription,subscription,1,29.09,29.09,USD
O101166,2025-10-29T15:01:58,2025-10-29,C0165,Customer 0165,Mid-Market,SE,mobile,1,P300,Implementation Package,service,1,462.17,462.17,USD
O101166,2025-10-29T15:01:58,2025-10-29,C0165,Customer 0165,Mid-Market,SE,mobile,2,P100,Starter Subscription,subscription,1,27.64,27.64,USD
O101166,2025-10-29T15:01:58,2025-10-29,C0165,Customer 0165,Mid-Market,SE,mobile,3,P110,Professional Subscription,subscription,1,83.40,83.40,USD
O101167,2025-10-29T14:50:41,2025-10-29,C0236,Customer 0236,Consumer,MW,mobile,1,P310,Training Package,service,1,291.21,291.21,USD
O101168,2025-10-29T20:03:20,2025-10-29,C0117,Customer 0117,Consumer,MW,web,1,P200,Analytics Add-on,addon,2,39.26,78.52,USD
O101169,2025-10-29T12:31:26,2025-10-29,C0190,Customer 0190,Consumer,W,web,1,P310,Training Package,service,1,308.21,308.21,USD
O101170,2025-10-29T19:16:30,2025-10-29,C0120,Customer 0120,Mid-Market,SW,web,1,P120,Enterprise Subscription,subscription,1,183.19,183.19,USD
O101170,2025-10-29T19:16:30,2025-10-29,C0120,Customer 0120,Mid-Market,SW,web,2,P100,Starter Subscription,subscription,1,29.91,29.91,USD
O101170,2025-10-29T19:16:30,2025-10-29,C0120,Customer 0120,Mid-Market,SW,web,3,P200,Analytics Add-on,addon,2,37.58,75.16,USD
O101171,2025-10-29T14:43:46,2025-10-29,C0229,Customer 0229,SMB,SE,web,1,P200,Analytics Add-on,addon,1,38.61,38.61,USD
O101171,2025-10-29T14:43:46,2025-10-29,C0229,Customer 0229,SMB,SE,web,2,P120,Enterprise Subscription,subscription,1,183.12,183.12,USD
O101172,2025-10-29T14:19:30,2025-10-29,C0103,Customer 0103,Consumer,NE,partner,1,P120,Enterprise Subscription,subscription,1,203.33,203.33,USD
O101173,2025-10-29T17:38:05,2025-10-29,C0022,Customer 0022,SMB,NE,partner,1,P120,Enterprise Subscription,subscription,1,200.79,200.79,USD
O101174,2025-10-29T13:46:28,2025-10-29,C0149,Customer 0149,Mid-Market,MW,mobile,1,P110,Professional Subscription,subscription,1,80.87,80.87,USD
O101175,2025-10-30T18:48:59,2025-10-30,C0042,Customer 0042,Consumer,MW,mobile,1,P210,Automation Add-on,addon,1,55.05,55.05,USD
O101175,2025-10-30T18:48:59,2025-10-30,C0042,Customer 0042,Consumer,MW,mobile,2,P110,Professional Subscription,subscription,1,85.19,85.19,USD
O101176,2025-10-30T19:28:47,2025-10-30,C0153,Customer 0153,Consumer,W,web,1,P110,Professional Subscription,subscription,1,74.59,74.59,USD
O101176,2025-10-30T19:28:47,2025-10-30,C0153,Customer 0153,Consumer,W,web,2,P120,Enterprise Subscription,subscription,1,204.19,204.19,USD
O101177,2025-10-30T17:49:50,2025-10-30,C0190,Customer 0190,Consumer,W,mobile,1,P210,Automation Add-on,addon,1,61.30,61.30,USD
O101178,2025-10-30T08:32:03,2025-10-30,C0157,Customer 0157,Consumer,MW,web,1,P120,Enterprise Subscription,subscription,1,195.84,195.84,USD
O101178,2025-10-30T08:32:03,2025-10-30,C0157,Customer 0157,Consumer,MW,web,2,P210,Automation Add-on,addon,1,61.21,61.21,USD
O101179,2025-10-30T09:34:16,2025-10-30,C0221,Customer 0221,Consumer,MW,web,1,P210,Automation Add-on,addon,2,59.51,119.02,USD
O101180,2025-10-30T13:39:31,2025-10-30,C0040,Customer 0040,SMB,W,mobile,1,P120,Enterprise Subscription,subscription,1,210.19,210.19,USD
O101181,2025-10-30T11:59:29,2025-10-30,C0150,Customer 0150,Mid-Market,NE,partner,1,P210,Automation Add-on,addon,1,60.72,60.72,USD
O101182,2025-10-30T15:55:53,2025-10-30,C0109,Customer 0109,Mid-Market,W,web,1,P210,Automation Add-on,addon,1,59.85,59.85,USD
O101182,2025-10-30T15:55:53,2025-10-30,C0109,Customer 0109,Mid-Market,W,web,2,P300,Implementation Package,service,1,502.33,502.33,USD
O101182,2025-10-30T15:55:53,2025-10-30,C0109,Customer 0109,Mid-Market,W,web,3,P310,Training Package,service,1,297.14,297.14,USD
O101183,2025-10-30T19:29:21,2025-10-30,C0047,Customer 0047,Consumer,MW,mobile,1,P300,Implementation Package,service,1,505.50,505.50,USD
O101184,2025-10-30T16:51:25,2025-10-30,C0105,Customer 0105,SMB,SE,web,1,P110,Professional Subscription,subscription,1,83.65,83.65,USD
O101185,2025-10-30T12:15:15,2025-10-30,C0163,Customer 0163,Consumer,MW,web,1,P300,Implementation Package,service,1,523.62,523.62,USD
O101185,2025-10-30T12:15:15,2025-10-30,C0163,Customer 0163,Consumer,MW,web,2,P110,Professional Subscription,subscription,1,84.23,84.23,USD
O101186,2025-10-30T20:51:03,2025-10-30,C0139,Customer 0139,Consumer,W,partner,1,P120,Enterprise Subscription,subscription,1,205.27,205.27,USD
O101187,2025-10-30T18:33:45,2025-10-30,C0235,Customer 0235,Consumer,W,web,1,P100,Starter Subscription,subscription,1,30.91,30.91,USD
O101188,2025-10-30T11:53:43,2025-10-30,C0172,Customer 0172,SMB,W,web,1,P210,Automation Add-on,addon,1,61.76,61.76,USD
O101188,2025-10-30T11:53:43,2025-10-30,C0172,Customer 0172,SMB,W,web,2,P200,Analytics Add-on,addon,1,37.19,37.19,USD
O101189,2025-10-30T15:09:33,2025-10-30,C0048,Customer 0048,Enterprise,SE,web,1,P100,Starter Subscription,subscription,1,30.03,30.03,USD
O101190,2025-10-30T18:40:22,2025-10-30,C0069,Customer 0069,Consumer,SE,mobile,1,P300,Implementation Package,service,1,488.48,488.48,USD
O101190,2025-10-30T18:40:22,2025-10-30,C0069,Customer 0069,Consumer,SE,mobile,2,P310,Training Package,service,1,286.69,286.69,USD
O101191,2025-10-30T10:10:35,2025-10-30,C0212,Customer 0212,SMB,SE,web,1,P200,Analytics Add-on,addon,2,36.90,73.80,USD
O101191,2025-10-30T10:10:35,2025-10-30,C0212,Customer 0212,SMB,SE,web,2,P100,Starter Subscription,subscription,1,27.86,27.86,USD
O101191,2025-10-30T10:10:35,2025-10-30,C0212,Customer 0212,SMB,SE,web,3,P120,Enterprise Subscription,subscription,1,207.38,207.38,USD
O101192,2025-10-30T09:23:50,2025-10-30,C0138,Customer 0138,Mid-Market,W,mobile,1,P310,Training Package,service,1,294.20,294.20,USD
O101192,2025-10-30T09:23:50,2025-10-30,C0138,Customer 0138,Mid-Market,W,mobile,2,P120,Enterprise Subscription,subscription,1,203.61,203.61,USD
O101193,2025-10-30T09:44:10,2025-10-30,C0160,Customer 0160,Mid-Market,SE,web,1,P120,Enterprise Subscription,subscription,1,197.89,197.89,USD
O101193,2025-10-30T09:44:10,2025-10-30,C0160,Customer 0160,Mid-Market,SE,web,2,P210,Automation Add-on,addon,2,58.41,116.82,USD
O101194,2025-10-30T18:35:38,2025-10-30,C0007,Customer 0007,Consumer,W,web,1,P110,Professional Subscription,subscription,1,84.61,84.61,USD
O101195,2025-10-30T17:03:20,2025-10-30,C0141,Customer 0141,SMB,MW,partner,1,P100,Starter Subscription,subscription,1,26.86,26.86,USD
O101196,2025-10-30T17:23:29,2025-10-30,C0169,Customer 0169,Consumer,SW,mobile,1,P120,Enterprise Subscription,subscription,1,194.33,194.33,USD
O101197,2025-10-30T09:35:14,2025-10-30,C0230,Customer 0230,Enterprise,MW,mobile,1,P300,Implementation Package,service,1,518.09,518.09,USD
O101197,2025-10-30T09:35:14,2025-10-30,C0230,Customer 0230,Enterprise,MW,mobile,2,P120,Enterprise Subscription,subscription,1,204.18,204.18,USD
O101197,2025-10-30T09:35:14,2025-10-30,C0230,Customer 0230,Enterprise,MW,mobile,3,P110,Professional Subscription,subscription,1,77.32,77.32,USD
O101198,2025-10-30T09:19:53,2025-10-30,C0048,Customer 0048,Enterprise,SE,partner,1,P300,Implementation Package,service,1,482.70,482.70,USD
O101199,2025-10-30T19:23:43,2025-10-30,C0049,Customer 0049,Mid-Market,SE,partner,1,P100,Starter Subscription,subscription,1,30.33,30.33,USD
O101200,2025-10-30T17:20:37,2025-10-30,C0123,Customer 0123,Consumer,W,mobile,1,P120,Enterprise Subscription,subscription,1,202.43,202.43,USD
O101200,2025-10-30T17:20:37,2025-10-30,C0123,Customer 0123,Consumer,W,mobile,2,P200,Analytics Add-on,addon,1,36.43,36.43,USD
O101201,2025-10-30T12:52:08,2025-10-30,C0062,Customer 0062,Consumer,SW,web,1,P100,Starter Subscription,subscription,1,30.27,30.27,USD
O101202,2025-10-30T11:07:52,2025-10-30,C0041,Customer 0041,Consumer,NE,mobile,1,P310,Training Package,service,1,276.81,276.81,USD
O101202,2025-10-30T11:07:52,2025-10-30,C0041,Customer 0041,Consumer,NE,mobile,2,P210,Automation Add-on,addon,1,54.94,54.94,USD
O101203,2025-10-30T15:05:00,2025-10-30,C0018,Customer 0018,Consumer,MW,partner,1,P210,Automation Add-on,addon,2,55.15,110.30,USD
O101204,2025-10-30T20:16:37,2025-10-30,C0070,Customer 0070,SMB,W,web,1,P200,Analytics Add-on,addon,1,37.48,37.48,USD
O101205,2025-10-30T20:03:20,2025-10-30,C0191,Customer 0191,SMB,W,mobile,1,P200,Analytics Add-on,addon,1,40.62,40.62,USD
O101205,2025-10-30T20:03:20,2025-10-30,C0191,Customer 0191,SMB,W,mobile,2,P100,Starter Subscription,subscription,1,29.34,29.34,USD
O101206,2025-10-30T11:13:44,2025-10-30,C0197,Customer 0197,Mid-Market,SW,web,1,P100,Starter Subscription,subscription,1,30.12,30.12,USD
O101207,2025-10-30T15:18:18,2025-10-30,C0200,Customer 0200,Consumer,W,partner,1,P210,Automation Add-on,addon,2,56.10,112.20,USD
O101208,2025-10-30T20:01:13,2025-10-30,C0108,Customer 0108,SMB,W,partner,1,P110,Professional Subscription,subscription,1,82.52,82.52,USD
O101209,2025-10-31T16:19:26,2025-10-31,C0094,Customer 0094,Consumer,NE,web,1,P210,Automation Add-on,addon,2,58.81,117.62,USD
O101209,2025-10-31T16:19:26,2025-10-31,C0094,Customer 0094,Consumer,NE,web,2,P200,Analytics Add-on,addon,2,37.54,75.08,USD
O101210,2025-10-31T16:06:07,2025-10-31,C0002,Customer 0002,SMB,SE,mobile,1,P310,Training Package,service,1,278.88,278.88,USD
O101211,2025-10-31T19:47:01,2025-10-31,C0103,Customer 0103,Consumer,NE,mobile,1,P300,Implementation Package,service,1,509.43,509.43,USD
O101212,2025-10-31T18:43:20,2025-10-31,C0070,Customer 0070,SMB,W,web,1,P210,Automation Add-on,addon,1,60.65,60.65,USD
O101213,2025-10-31T15:47:55,2025-10-31,C0197,Customer 0197,Mid-Market,SW,mobile,1,P210,Automation Add-on,addon,1,59.33,59.33,USD
O101214,2025-10-31T12:54:57,2025-10-31,C0203,Customer 0203,SMB,SW,mobile,1,P110,Professional Subscription,subscription,1,80.62,80.62,USD
O101214,2025-10-31T12:54:57,2025-10-31,C0203,Customer 0203,SMB,SW,mobile,2,P120,Enterprise Subscription,subscription,1,200.97,200.97,USD
O101214,2025-10-31T12:54:57,2025-10-31,C0203,Customer 0203,SMB,SW,mobile,3,P210,Automation Add-on,addon,1,62.51,62.51,USD
O101215,2025-10-31T12:08:53,2025-10-31,C0085,Customer 0085,Mid-Market,SW,web,1,P300,Implementation Package,service,1,526.35,526.35,USD
O101215,2025-10-31T12:08:53,2025-10-31,C0085,Customer 0085,Mid-Market,SW,web,2,P200,Analytics Add-on,addon,2,41.93,83.86,USD
O101216,2025-10-31T10:14:20,2025-10-31,C0150,Customer 0150,Mid-Market,NE,mobile,1,P300,Implementation Package,service,1,503.06,503.06,USD
O101216,2025-10-31T10:14:20,2025-10-31,C0150,Customer 0150,Mid-Market,NE,mobile,2,P110,Professional Subscription,subscription,1,83.09,83.09,USD
O101217,2025-10-31T19:15:02,2025-10-31,C0189,Customer 0189,SMB,SW,partner,1,P310,Training Package,service,1,289.52,289.52,USD
O101217,2025-10-31T19:15:02,2025-10-31,C0189,Customer 0189,SMB,SW,partner,2,P210,Automation Add-on,addon,1,55.13,55.13,USD
O101218,2025-10-31T16:07:42,2025-10-31,C0147,Customer 0147,Enterprise,W,web,1,P200,Analytics Add-on,addon,1,39.86,39.86,USD
O101218,2025-10-31T16:07:42,2025-10-31,C0147,Customer 0147,Enterprise,W,web,2,P120,Enterprise Subscription,subscription,1,213.35,213.35,USD
O101218,2025-10-31T16:07:42,2025-10-31,C0147,Customer 0147,Enterprise,W,web,3,P310,Training Package,service,1,297.68,297.68,USD
O101219,2025-10-31T09:04:19,2025-10-31,C0107,Customer 0107,Consumer,MW,partner,1,P200,Analytics Add-on,addon,2,39.93,79.86,USD
O101220,2025-10-31T16:54:41,2025-10-31,C0133,Customer 0133,Consumer,SW,mobile,1,P110,Professional Subscription,subscription,1,85.32,85.32,USD
O101220,2025-10-31T16:54:41,2025-10-31,C0133,Customer 0133,Consumer,SW,mobile,2,P310,Training Package,service,1,307.09,307.09,USD
O101220,2025-10-31T16:54:41,2025-10-31,C0133,Customer 0133,Consumer,SW,mobile,3,P200,Analytics Add-on,addon,1,39.37,39.37,USD
O101221,2025-10-31T08:09:34,2025-10-31,C0187,Customer 0187,SMB,SW,web,1,P310,Training Package,service,1,322.57,322.57,USD
O101221,2025-10-31T08:09:34,2025-10-31,C0187,Customer 0187,SMB,SW,web,2,P110,Professional Subscription,subscription,1,83.16,83.16,USD
O101221,2025-10-31T08:09:34,2025-10-31,C0187,Customer 0187,SMB,SW,web,3,P210,Automation Add-on,addon,2,63.70,127.40,USD
O101222,2025-10-31T08:33:40,2025-10-31,C0199,Customer 0199,Consumer,W,web,1,P300,Implementation Package,service,1,520.05,520.05,USD
O101222,2025-10-31T08:33:40,2025-10-31,C0199,Customer 0199,Consumer,W,web,2,P310,Training Package,service,1,311.03,311.03,USD
O101223,2025-10-31T12:43:55,2025-10-31,C0205,Customer 0205,Consumer,SW,web,1,P120,Enterprise Subscription,subscription,1,197.14,197.14,USD
O101224,2025-10-31T13:48:08,2025-10-31,C0079,Customer 0079,SMB,SE,mobile,1,P200,Analytics Add-on,addon,1,38.36,38.36,USD
O101225,2025-10-31T20:52:16,2025-10-31,C0193,Customer 0193,Consumer,SW,mobile,1,P200,Analytics Add-on,addon,1,37.97,37.97,USD
O101226,2025-10-31T20:22:53,2025-10-31,C0185,Customer 0185,SMB,SE,mobile,1,P300,Implementation Package,service,1,532.86,532.86,USD
O101227,2025-10-31T10:21:48,2025-10-31,C0046,Customer 0046,Consumer,W,mobile,1,P110,Professional Subscription,subscription,1,82.92,82.92,USD
O101228,2025-10-31T20:32:13,2025-10-31,C0228,Customer 0228,Consumer,SW,web,1,P300,Implementation Package,service,1,520.24,520.24,USD
O101229,2025-10-31T09:30:26,2025-10-31,C0174,Customer 0174,Mid-Market,SW,mobile,1,P100,Starter Subscription,subscription,1,30.83,30.83,USD
O101230,2025-10-31T18:38:27,2025-10-31,C0051,Customer 0051,Enterprise,SW,web,1,P110,Professional Subscription,subscription,1,76.01,76.01,USD
O101231,2025-10-31T11:10:06,2025-10-31,C0006,Customer 0006,Consumer,W,mobile,1,P210,Automation Add-on,addon,2,58.25,116.50,USD
O101232,2025-10-31T11:19:31,2025-10-31,C0118,Customer 0118,SMB,SE,web,1,P120,Enterprise Subscription,subscription,1,209.47,209.47,USD
O101233,2025-10-31T18:26:14,2025-10-31,C0147,Customer 0147,Enterprise,W,mobile,1,P120,Enterprise Subscription,subscription,1,212.28,212.28,USD
O101234,2025-10-31T09:01:42,2025-10-31,C0190,Customer 0190,Consumer,W,web,1,P200,Analytics Add-on,addon,1,40.07,40.07,USD
O101234,2025-10-31T09:01:42,2025-10-31,C0190,Customer 0190,Consumer,W,web,2,P110,Professional Subscription,subscription,1,75.48,75.48,USD
O101235,2025-10-31T19:46:01,2025-10-31,C0102,Customer 0102,Consumer,SW,mobile,1,P310,Training Package,service,1,310.76,310.76,USD
O101236,2025-10-31T17:42:01,2025-10-31,C0202,Customer 0202,Mid-Market,SW,mobile,1,P200,Analytics Add-on,addon,1,41.59,41.59,USD
O101237,2025-10-31T16:36:01,2025-10-31,C0034,Customer 0034,Consumer,SW,mobile,1,P120,Enterprise Subscription,subscription,1,212.32,212.32,USD
O101238,2025-10-31T17:52:25,2025-10-31,C0012,Customer 0012,SMB,NE,web,1,P210,Automation Add-on,addon,1,55.77,55.77,USD
O101238,2025-10-31T17:52:25,2025-10-31,C0012,Customer 0012,SMB,NE,web,2,P100,Starter Subscription,subscription,1,28.18,28.18,USD
O101239,2025-10-31T17:21:11,2025-10-31,C0104,Customer 0104,Mid-Market,W,partner,1,P100,Starter Subscription,subscription,1,29.86,29.86,USD
O101240,2025-11-01T12:28:17,2025-11-01,C0104,Customer 0104,Mid-Market,W,web,1,P210,Automation Add-on,addon,2,61.28,122.56,USD
O101240,2025-11-01T12:28:17,2025-11-01,C0104,Customer 0104,Mid-Market,W,web,2,P100,Starter Subscription,subscription,1,27.06,27.06,USD
O101241,2025-11-01T19:04:40,2025-11-01,C0238,Customer 0238,Mid-Market,MW,mobile,1,P100,Starter Subscription,subscription,1,27.25,27.25,USD
O101241,2025-11-01T19:04:40,2025-11-01,C0238,Customer 0238,Mid-Market,MW,mobile,2,P120,Enterprise Subscription,subscription,1,199.67,199.67,USD
O101242,2025-11-01T17:21:50,2025-11-01,C0043,Customer 0043,Mid-Market,MW,partner,1,P210,Automation Add-on,addon,1,55.28,55.28,USD
O101243,2025-11-01T17:07:12,2025-11-01,C0198,Customer 0198,SMB,SW,partner,1,P300,Implementation Package,service,1,461.97,461.97,USD
O101243,2025-11-01T17:07:12,2025-11-01,C0198,Customer 0198,SMB,SW,partner,2,P120,Enterprise Subscription,subscription,1,194.42,194.42,USD
O101244,2025-11-01T18:19:39,2025-11-01,C0003,Customer 0003,Consumer,W,partner,1,P110,Professional Subscription,subscription,1,81.62,81.62,USD
O101245,2025-11-01T18:03:52,2025-11-01,C0011,Customer 0011,SMB,MW,web,1,P100,Starter Subscription,subscription,1,28.98,28.98,USD
O101245,2025-11-01T18:03:52,2025-11-01,C0011,Customer 0011,SMB,MW,web,2,P200,Analytics Add-on,addon,2,39.35,78.70,USD
O101246,2025-11-01T14:20:31,2025-11-01,C0019,Customer 0019,Consumer,NE,mobile,1,P100,Starter Subscription,subscription,1,29.25,29.25,USD
O101247,2025-11-01T19:58:08,2025-11-01,C0149,Customer 0149,Mid-Market,MW,web,1,P110,Professional Subscription,subscription,1,82.67,82.67,USD
O101247,2025-11-01T19:58:08,2025-11-01,C0149,Customer 0149,Mid-Market,MW,web,2,P100,Starter Subscription,subscription,1,30.47,30.47,USD
O101248,2025-11-01T10:48:03,2025-11-01,C0017,Customer 0017,Enterprise,NE,mobile,1,P100,Starter Subscription,subscription,1,27.25,27.25,USD
O101248,2025-11-01T10:48:03,2025-11-01,C0017,Customer 0017,Enterprise,NE,mobile,2,P210,Automation Add-on,addon,1,61.61,61.61,USD
O101249,2025-11-01T20:54:47,2025-11-01,C0175,Customer 0175,Enterprise,W,web,1,P210,Automation Add-on,addon,1,60.82,60.82,USD
O101249,2025-11-01T20:54:47,2025-11-01,C0175,Customer 0175,Enterprise,W,web,2,P100,Starter Subscription,subscription,1,28.80,28.80,USD
O101249,2025-11-01T20:54:47,2025-11-01,C0175,Customer 0175,Enterprise,W,web,3,P200,Analytics Add-on,addon,1,38.37,38.37,USD
O101250,2025-11-01T11:43:48,2025-11-01,C0218,Customer 0218,Enterprise,SW,mobile,1,P200,Analytics Add-on,addon,1,39.65,39.65,USD
O101251,2025-11-01T09:07:48,2025-11-01,C0100,Customer 0100,Consumer,MW,web,1,P300,Implementation Package,service,1,502.21,502.21,USD
O101252,2025-11-01T15:52:43,2025-11-01,C0191,Customer 0191,SMB,W,web,1,P120,Enterprise Subscription,subscription,1,209.25,209.25,USD
O101253,2025-11-01T09:28:11,2025-11-01,C0100,Customer 0100,Consumer,MW,web,1,P100,Starter Subscription,subscription,1,26.72,26.72,USD
O101253,2025-11-01T09:28:11,2025-11-01,C0100,Customer 0100,Consumer,MW,web,2,P120,Enterprise Subscription,subscription,1,194.54,194.54,USD
O101253,2025-11-01T09:28:11,2025-11-01,C0100,Customer 0100,Consumer,MW,web,3,P110,Professional Subscription,subscription,1,81.93,81.93,USD
O101254,2025-11-01T10:15:09,2025-11-01,C0170,Customer 0170,Mid-Market,SE,web,1,P100,Starter Subscription,subscription,1,29.49,29.49,USD
O101254,2025-11-01T10:15:09,2025-11-01,C0170,Customer 0170,Mid-Market,SE,web,2,P310,Training Package,service,1,317.33,317.33,USD
O101255,2025-11-01T09:27:59,2025-11-01,C0025,Customer 0025,SMB,W,web,1,P110,Professional Subscription,subscription,1,78.90,78.90,USD
O101256,2025-11-01T12:49:55,2025-11-01,C0116,Customer 0116,Mid-Market,NE,web,1,P110,Professional Subscription,subscription,1,82.38,82.38,USD
O101257,2025-11-01T08:21:02,2025-11-01,C0142,Customer 0142,SMB,SW,partner,1,P120,Enterprise Subscription,subscription,1,190.42,190.42,USD
O101258,2025-11-01T19:42:08,2025-11-01,C0021,Customer 0021,Mid-Market,SE,web,1,P110,Professional Subscription,subscription,1,73.59,73.59,USD
O101259,2025-11-01T20:16:14,2025-11-01,C0066,Customer 0066,Consumer,NE,web,1,P100,Starter Subscription,subscription,1,27.06,27.06,USD
O101259,2025-11-01T20:16:14,2025-11-01,C0066,Customer 0066,Consumer,NE,web,2,P200,Analytics Add-on,addon,1,38.10,38.10,USD
O101260,2025-11-01T17:29:01,2025-11-01,C0216,Customer 0216,Consumer,SE,web,1,P300,Implementation Package,service,1,522.30,522.30,USD
O101260,2025-11-01T17:29:01,2025-11-01,C0216,Customer 0216,Consumer,SE,web,2,P110,Professional Subscription,subscription,1,76.50,76.50,USD
O101261,2025-11-01T15:38:16,2025-11-01,C0040,Customer 0040,SMB,W,web,1,P110,Professional Subscription,subscription,1,79.19,79.19,USD
O101262,2025-11-01T12:46:56,2025-11-01,C0031,Customer 0031,Mid-Market,MW,mobile,1,P110,Professional Subscription,subscription,1,78.54,78.54,USD
O101262,2025-11-01T12:46:56,2025-11-01,C0031,Customer 0031,Mid-Market,MW,mobile,2,P200,Analytics Add-on,addon,1,38.82,38.82,USD
O101262,2025-11-01T12:46:56,2025-11-01,C0031,Customer 0031,Mid-Market,MW,mobile,3,P210,Automation Add-on,addon,1,56.70,56.70,USD
O101263,2025-11-01T11:54:54,2025-11-01,C0149,Customer 0149,Mid-Market,MW,web,1,P210,Automation Add-on,addon,1,59.52,59.52,USD
O101263,2025-11-01T11:54:54,2025-11-01,C0149,Customer 0149,Mid-Market,MW,web,2,P110,Professional Subscription,subscription,1,75.99,75.99,USD
O101264,2025-11-01T12:34:22,2025-11-01,C0228,Customer 0228,Consumer,SW,partner,1,P110,Professional Subscription,subscription,1,75.87,75.87,USD
O101265,2025-11-01T09:30:48,2025-11-01,C0175,Customer 0175,Enterprise,W,mobile,1,P300,Implementation Package,service,1,517.03,517.03,USD
O101266,2025-11-01T13:36:59,2025-11-01,C0182,Customer 0182,Consumer,MW,web,1,P110,Professional Subscription,subscription,1,79.00,79.00,USD
O101267,2025-11-01T13:50:35,2025-11-01,C0054,Customer 0054,Consumer,NE,web,1,P310,Training Package,service,1,289.84,289.84,USD
O101268,2025-11-02T14:07:23,2025-11-02,C0218,Customer 0218,Enterprise,SW,partner,1,P100,Starter Subscription,subscription,1,27.06,27.06,USD
O101269,2025-11-02T17:01:19,2025-11-02,C0181,Customer 0181,SMB,W,mobile,1,P300,Implementation Package,service,1,535.38,535.38,USD
O101269,2025-11-02T17:01:19,2025-11-02,C0181,Customer 0181,SMB,W,mobile,2,P210,Automation Add-on,addon,1,63.54,63.54,USD
O101269,2025-11-02T17:01:19,2025-11-02,C0181,Customer 0181,SMB,W,mobile,3,P310,Training Package,service,1,298.10,298.10,USD
O101270,2025-11-02T13:32:51,2025-11-02,C0015,Customer 0015,SMB,SW,web,1,P110,Professional Subscription,subscription,1,84.00,84.00,USD
O101271,2025-11-02T15:13:40,2025-11-02,C0174,Customer 0174,Mid-Market,SW,mobile,1,P310,Training Package,service,1,275.30,275.30,USD
O101271,2025-11-02T15:13:40,2025-11-02,C0174,Customer 0174,Mid-Market,SW,mobile,2,P200,Analytics Add-on,addon,2,38.53,77.06,USD
O101272,2025-11-02T17:18:53,2025-11-02,C0221,Customer 0221,Consumer,MW,web,1,P110,Professional Subscription,subscription,1,76.14,76.14,USD
O101272,2025-11-02T17:18:53,2025-11-02,C0221,Customer 0221,Consumer,MW,web,2,P200,Analytics Add-on,addon,1,36.20,36.20,USD
O101273,2025-11-02T13:22:53,2025-11-02,C0021,Customer 0021,Mid-Market,SE,mobile,1,P120,Enterprise Subscription,subscription,1,211.96,211.96,USD
O101273,2025-11-02T13:22:53,2025-11-02,C0021,Customer 0021,Mid-Market,SE,mobile,2,P200,Analytics Add-on,addon,1,39.92,39.92,USD
O101274,2025-11-02T15:33:00,2025-11-02,C0198,Customer 0198,SMB,SW,web,1,P110,Professional Subscription,subscription,1,81.90,81.90,USD
O101275,2025-11-02T13:00:46,2025-11-02,C0023,Customer 0023,Consumer,W,partner,1,P310,Training Package,service,1,322.41,322.41,USD
O101276,2025-11-02T18:27:17,2025-11-02,C0072,Customer 0072,SMB,NE,mobile,1,P200,Analytics Add-on,addon,1,37.24,37.24,USD
O101276,2025-11-02T18:27:17,2025-11-02,C0072,Customer 0072,SMB,NE,mobile,2,P310,Training Package,service,1,316.08,316.08,USD
O101276,2025-11-02T18:27:17,2025-11-02,C0072,Customer 0072,SMB,NE,mobile,3,P100,Starter Subscription,subscription,1,27.31,27.31,USD
O101277,2025-11-02T17:20:07,2025-11-02,C0224,Customer 0224,Mid-Market,MW,web,1,P120,Enterprise Subscription,subscription,1,198.23,198.23,USD
O101277,2025-11-02T17:20:07,2025-11-02,C0224,Customer 0224,Mid-Market,MW,web,2,P210,Automation Add-on,addon,2,58.71,117.42,USD
O101277,2025-11-02T17:20:07,2025-11-02,C0224,Customer 0224,Mid-Market,MW,web,3,P200,Analytics Add-on,addon,2,37.10,74.20,USD
O101278,2025-11-02T13:01:51,2025-11-02,C0054,Customer 0054,Consumer,NE,partner,1,P310,Training Package,service,1,307.91,307.91,USD
O101278,2025-11-02T13:01:51,2025-11-02,C0054,Customer 0054,Consumer,NE,partner,2,P300,Implementation Package,service,1,491.81,491.81,USD
O101279,2025-11-02T17:11:15,2025-11-02,C0041,Customer 0041,Consumer,NE,partner,1,P100,Starter Subscription,subscription,1,30.68,30.68,USD
O101280,2025-11-02T20:25:54,2025-11-02,C0206,Customer 0206,Consumer,SW,mobile,1,P100,Starter Subscription,subscription,1,30.48,30.48,USD
O101281,2025-11-02T12:56:16,2025-11-02,C0002,Customer 0002,SMB,SE,mobile,1,P210,Automation Add-on,addon,1,60.08,60.08,USD
O101282,2025-11-02T12:16:17,2025-11-02,C0129,Customer 0129,Consumer,SE,partner,1,P300,Implementation Package,service,1,504.79,504.79,USD
O101283,2025-11-02T10:38:38,2025-11-02,C0010,Customer 0010,Consumer,MW,mobile,1,P110,Professional Subscription,subscription,1,75.45,75.45,USD
O101284,2025-11-02T10:55:40,2025-11-02,C0031,Customer 0031,Mid-Market,MW,mobile,1,P210,Automation Add-on,addon,1,54.32,54.32,USD
O101285,2025-11-02T16:22:28,2025-11-02,C0235,Customer 0235,Consumer,W,mobile,1,P200,Analytics Add-on,addon,1,39.54,39.54,USD
O101286,2025-11-02T09:32:21,2025-11-02,C0091,Customer 0091,Mid-Market,NE,web,1,P300,Implementation Package,service,1,496.37,496.37,USD
O101287,2025-11-02T15:24:06,2025-11-02,C0129,Customer 0129,Consumer,SE,mobile,1,P310,Training Package,service,1,308.98,308.98,USD
O101288,2025-11-02T13:22:50,2025-11-02,C0153,Customer 0153,Consumer,W,web,1,P310,Training Package,service,1,292.70,292.70,USD
O101288,2025-11-02T13:22:50,2025-11-02,C0153,Customer 0153,Consumer,W,web,2,P110,Professional Subscription,subscription,1,76.88,76.88,USD
O101289,2025-11-02T17:51:51,2025-11-02,C0189,Customer 0189,SMB,SW,web,1,P210,Automation Add-on,addon,1,54.44,54.44,USD
O101290,2025-11-02T14:08:12,2025-11-02,C0112,Customer 0112,SMB,NE,mobile,1,P200,Analytics Add-on,addon,2,41.16,82.32,USD
O101291,2025-11-02T20:09:31,2025-11-02,C0234,Customer 0234,SMB,SW,web,1,P120,Enterprise Subscription,subscription,1,189.36,189.36,USD
O101292,2025-11-02T11:50:18,2025-11-02,C0143,Customer 0143,Consumer,MW,web,1,P120,Enterprise Subscription,subscription,1,212.49,212.49,USD
O101292,2025-11-02T11:50:18,2025-11-02,C0143,Customer 0143,Consumer,MW,web,2,P310,Training Package,service,1,313.42,313.42,USD
O101293,2025-11-02T20:47:37,2025-11-02,C0078,Customer 0078,Mid-Market,SW,web,1,P310,Training Package,service,1,309.41,309.41,USD
O101294,2025-11-02T17:43:15,2025-11-02,C0200,Customer 0200,Consumer,W,partner,1,P200,Analytics Add-on,addon,2,39.47,78.94,USD
O101294,2025-11-02T17:43:15,2025-11-02,C0200,Customer 0200,Consumer,W,partner,2,P100,Starter Subscription,subscription,1,31.15,31.15,USD
O101295,2025-11-02T11:36:27,2025-11-02,C0182,Customer 0182,Consumer,MW,web,1,P110,Professional Subscription,subscription,1,84.18,84.18,USD
O101296,2025-11-03T10:47:00,2025-11-03,C0206,Customer 0206,Consumer,SW,web,1,P300,Implementation Package,service,1,466.48,466.48,USD
O101297,2025-11-03T17:50:41,2025-11-03,C0114,Customer 0114,Consumer,MW,web,1,P300,Implementation Package,service,1,502.97,502.97,USD
O101298,2025-11-03T13:21:51,2025-11-03,C0208,Customer 0208,Consumer,NE,web,1,P110,Professional Subscription,subscription,1,75.16,75.16,USD
O101299,2025-11-03T18:49:41,2025-11-03,C0063,Customer 0063,SMB,NE,mobile,1,P110,Professional Subscription,subscription,1,77.53,77.53,USD
O101299,2025-11-03T18:49:41,2025-11-03,C0063,Customer 0063,SMB,NE,mobile,2,P120,Enterprise Subscription,subscription,1,198.70,198.70,USD
O101300,2025-11-03T15:58:19,2025-11-03,C0106,Customer 0106,SMB,MW,mobile,1,P120,Enterprise Subscription,subscription,1,190.87,190.87,USD
O101300,2025-11-03T15:58:19,2025-11-03,C0106,Customer 0106,SMB,MW,mobile,2,P200,Analytics Add-on,addon,1,40.79,40.79,USD
O101300,2025-11-03T15:58:19,2025-11-03,C0106,Customer 0106,SMB,MW,mobile,3,P210,Automation Add-on,addon,1,59.79,59.79,USD
O101301,2025-11-03T11:10:29,2025-11-03,C0235,Customer 0235,Consumer,W,web,1,P120,Enterprise Subscription,subscription,1,213.71,213.71,USD
O101302,2025-11-03T17:05:36,2025-11-03,C0162,Customer 0162,SMB,W,partner,1,P300,Implementation Package,service,1,460.81,460.81,USD
O101303,2025-11-03T19:03:49,2025-11-03,C0178,Customer 0178,Consumer,W,web,1,P210,Automation Add-on,addon,1,54.29,54.29,USD
O101304,2025-11-03T13:29:57,2025-11-03,C0069,Customer 0069,Consumer,SE,mobile,1,P120,Enterprise Subscription,subscription,1,209.57,209.57,USD
O101304,2025-11-03T13:29:57,2025-11-03,C0069,Customer 0069,Consumer,SE,mobile,2,P210,Automation Add-on,addon,1,57.70,57.70,USD
O101305,2025-11-03T08:38:48,2025-11-03,C0020,Customer 0020,SMB,MW,web,1,P110,Professional Subscription,subscription,1,77.75,77.75,USD
O101305,2025-11-03T08:38:48,2025-11-03,C0020,Customer 0020,SMB,MW,web,2,P100,Starter Subscription,subscription,1,29.41,29.41,USD
O101306,2025-11-03T14:26:22,2025-11-03,C0106,Customer 0106,SMB,MW,web,1,P110,Professional Subscription,subscription,1,75.22,75.22,USD
O101307,2025-11-03T11:25:40,2025-11-03,C0173,Customer 0173,SMB,SE,partner,1,P110,Professional Subscription,subscription,1,81.83,81.83,USD
O101307,2025-11-03T11:25:40,2025-11-03,C0173,Customer 0173,SMB,SE,partner,2,P200,Analytics Add-on,addon,1,35.93,35.93,USD
O101308,2025-11-03T19:38:12,2025-11-03,C0117,Customer 0117,Consumer,MW,mobile,1,P120,Enterprise Subscription,subscription,1,208.66,208.66,USD
O101308,2025-11-03T19:38:12,2025-11-03,C0117,Customer 0117,Consumer,MW,mobile,2,P110,Professional Subscription,subscription,1,82.29,82.29,USD
O101308,2025-11-03T19:38:12,2025-11-03,C0117,Customer 0117,Consumer,MW,mobile,3,P210,Automation Add-on,addon,1,54.44,54.44,USD
O101309,2025-11-03T14:47:33,2025-11-03,C0068,Customer 0068,SMB,SE,mobile,1,P300,Implementation Package,service,1,518.10,518.10,USD
O101309,2025-11-03T14:47:33,2025-11-03,C0068,Customer 0068,SMB,SE,mobile,2,P120,Enterprise Subscription,subscription,1,201.34,201.34,USD
O101310,2025-11-03T14:49:23,2025-11-03,C0073,Customer 0073,Mid-Market,SW,mobile,1,P200,Analytics Add-on,addon,1,40.65,40.65,USD
O101311,2025-11-03T15:59:28,2025-11-03,C0060,Customer 0060,Consumer,MW,web,1,P100,Starter Subscription,subscription,1,26.73,26.73,USD
O101311,2025-11-03T15:59:28,2025-11-03,C0060,Customer 0060,Consumer,MW,web,2,P200,Analytics Add-on,addon,2,37.56,75.12,USD
O101312,2025-11-03T18:53:54,2025-11-03,C0115,Customer 0115,Consumer,MW,web,1,P100,Starter Subscription,subscription,1,28.79,28.79,USD
O101313,2025-11-03T18:31:01,2025-11-03,C0074,Customer 0074,Mid-Market,NE,web,1,P120,Enterprise Subscription,subscription,1,192.63,192.63,USD
O101313,2025-11-03T18:31:01,2025-11-03,C0074,Customer 0074,Mid-Market,NE,web,2,P300,Implementation Package,service,1,489.87,489.87,USD
O101314,2025-11-03T19:11:28,2025-11-03,C0168,Customer 0168,Mid-Market,W,web,1,P110,Professional Subscription,subscription,1,73.01,73.01,USD
O101314,2025-11-03T19:11:28,2025-11-03,C0168,Customer 0168,Mid-Market,W,web,2,P200,Analytics Add-on,addon,1,41.98,41.98,USD
O101315,2025-11-03T19:25:42,2025-11-03,C0128,Customer 0128,Consumer,SE,web,1,P310,Training Package,service,1,313.46,313.46,USD
O101316,2025-11-03T14:19:27,2025-11-03,C0233,Customer 0233,Mid-Market,SE,web,1,P110,Professional Subscription,subscription,1,80.72,80.72,USD
O101317,2025-11-03T20:46:33,2025-11-03,C0226,Customer 0226,Consumer,SW,web,1,P120,Enterprise Subscription,subscription,1,200.32,200.32,USD
O101318,2025-11-04T09:11:22,2025-11-04,C0193,Customer 0193,Consumer,SW,web,1,P100,Starter Subscription,subscription,1,29.52,29.52,USD
O101319,2025-11-04T18:02:13,2025-11-04,C0062,Customer 0062,Consumer,SW,mobile,1,P210,Automation Add-on,addon,1,59.54,59.54,USD
O101320,2025-11-04T17:43:17,2025-11-04,C0035,Customer 0035,SMB,SE,mobile,1,P120,Enterprise Subscription,subscription,1,187.02,187.02,USD
O101320,2025-11-04T17:43:17,2025-11-04,C0035,Customer 0035,SMB,SE,mobile,2,P200,Analytics Add-on,addon,1,39.37,39.37,USD
O101320,2025-11-04T17:43:17,2025-11-04,C0035,Customer 0035,SMB,SE,mobile,3,P210,Automation Add-on,addon,1,59.86,59.86,USD
O101321,2025-11-04T13:20:30,2025-11-04,C0015,Customer 0015,SMB,SW,mobile,1,P200,Analytics Add-on,addon,2,36.37,72.74,USD
O101322,2025-11-04T08:39:17,2025-11-04,C0041,Customer 0041,Consumer,NE,web,1,P110,Professional Subscription,subscription,1,80.16,80.16,USD
O101322,2025-11-04T08:39:17,2025-11-04,C0041,Customer 0041,Consumer,NE,web,2,P200,Analytics Add-on,addon,1,38.69,38.69,USD
O101323,2025-11-04T12:17:51,2025-11-04,C0165,Customer 0165,Mid-Market,SE,web,1,P100,Starter Subscription,subscription,1,28.07,28.07,USD
O101323,2025-11-04T12:17:51,2025-11-04,C0165,Customer 0165,Mid-Market,SE,web,2,P310,Training Package,service,1,316.13,316.13,USD
O101324,2025-11-04T11:23:28,2025-11-04,C0151,Customer 0151,Consumer,W,partner,1,P210,Automation Add-on,addon,1,61.80,61.80,USD
O101325,2025-11-04T19:16:50,2025-11-04,C0088,Customer 0088,Consumer,SE,web,1,P110,Professional Subscription,subscription,1,81.07,81.07,USD
O101325,2025-11-04T19:16:50,2025-11-04,C0088,Customer 0088,Consumer,SE,web,2,P310,Training Package,service,1,302.33,302.33,USD
O101326,2025-11-04T12:30:43,2025-11-04,C0214,Customer 0214,Mid-Market,MW,web,1,P200,Analytics Add-on,addon,1,41.66,41.66,USD
O101326,2025-11-04T12:30:43,2025-11-04,C0214,Customer 0214,Mid-Market,MW,web,2,P100,Starter Subscription,subscription,1,29.12,29.12,USD
O101327,2025-11-04T12:40:06,2025-11-04,C0043,Customer 0043,Mid-Market,MW,web,1,P200,Analytics Add-on,addon,2,36.14,72.28,USD
O101328,2025-11-04T09:28:41,2025-11-04,C0142,Customer 0142,SMB,SW,mobile,1,P300,Implementation Package,service,1,502.90,502.90,USD
O101328,2025-11-04T09:28:41,2025-11-04,C0142,Customer 0142,SMB,SW,mobile,2,P200,Analytics Add-on,addon,2,36.25,72.50,USD
O101329,2025-11-04T19:45:25,2025-11-04,C0093,Customer 0093,SMB,W,partner,1,P210,Automation Add-on,addon,1,56.97,56.97,USD
O101330,2025-11-04T19:19:27,2025-11-04,C0078,Customer 0078,Mid-Market,SW,mobile,1,P210,Automation Add-on,addon,1,58.09,58.09,USD
O101331,2025-11-04T11:03:33,2025-11-04,C0026,Customer 0026,Consumer,NE,web,1,P100,Starter Subscription,subscription,1,28.35,28.35,USD
O101332,2025-11-04T11:34:27,2025-11-04,C0041,Customer 0041,Consumer,NE,web,1,P200,Analytics Add-on,addon,1,38.28,38.28,USD
O101333,2025-11-04T19:03:01,2025-11-04,C0216,Customer 0216,Consumer,SE,web,1,P100,Starter Subscription,subscription,1,30.77,30.77,USD
O101334,2025-11-04T17:42:13,2025-11-04,C0137,Customer 0137,Mid-Market,NE,mobile,1,P310,Training Package,service,1,295.86,295.86,USD
O101335,2025-11-04T08:17:11,2025-11-04,C0236,Customer 0236,Consumer,MW,mobile,1,P200,Analytics Add-on,addon,2,37.32,74.64,USD
O101336,2025-11-04T15:23:00,2025-11-04,C0127,Customer 0127,SMB,W,mobile,1,P310,Training Package,service,1,318.25,318.25,USD
O101337,2025-11-04T10:57:23,2025-11-04,C0044,Customer 0044,SMB,NE,mobile,1,P110,Professional Subscription,subscription,1,83.01,83.01,USD
O101338,2025-11-04T09:01:38,2025-11-04,C0181,Customer 0181,SMB,W,web,1,P100,Starter Subscription,subscription,1,29.80,29.80,USD
O101339,2025-11-04T08:45:12,2025-11-04,C0223,Customer 0223,Consumer,MW,partner,1,P110,Professional Subscription,subscription,1,80.68,80.68,USD
O101339,2025-11-04T08:45:12,2025-11-04,C0223,Customer 0223,Consumer,MW,partner,2,P310,Training Package,service,1,301.15,301.15,USD
O101340,2025-11-04T09:04:57,2025-11-04,C0211,Customer 0211,SMB,NE,web,1,P210,Automation Add-on,addon,1,61.43,61.43,USD
O101340,2025-11-04T09:04:57,2025-11-04,C0211,Customer 0211,SMB,NE,web,2,P200,Analytics Add-on,addon,1,41.44,41.44,USD
O101341,2025-11-05T08:01:15,2025-11-05,C0173,Customer 0173,SMB,SE,mobile,1,P210,Automation Add-on,addon,1,56.58,56.58,USD
O101342,2025-11-05T14:04:27,2025-11-05,C0068,Customer 0068,SMB,SE,mobile,1,P200,Analytics Add-on,addon,2,40.83,81.66,USD
O101343,2025-11-05T12:19:08,2025-11-05,C0053,Customer 0053,SMB,SE,web,1,P100,Starter Subscription,subscription,1,30.72,30.72,USD
O101344,2025-11-05T12:08:03,2025-11-05,C0147,Customer 0147,Enterprise,W,mobile,1,P110,Professional Subscription,subscription,1,81.29,81.29,USD
O101344,2025-11-05T12:08:03,2025-11-05,C0147,Customer 0147,Enterprise,W,mobile,2,P300,Implementation Package,service,1,513.29,513.29,USD
O101345,2025-11-05T16:05:34,2025-11-05,C0156,Customer 0156,Enterprise,SW,partner,1,P200,Analytics Add-on,addon,2,39.85,79.70,USD
O101346,2025-11-05T09:41:47,2025-11-05,C0207,Customer 0207,Consumer,SW,mobile,1,P110,Professional Subscription,subscription,1,74.11,74.11,USD
O101346,2025-11-05T09:41:47,2025-11-05,C0207,Customer 0207,Consumer,SW,mobile,2,P120,Enterprise Subscription,subscription,1,200.77,200.77,USD
O101347,2025-11-05T12:52:19,2025-11-05,C0231,Customer 0231,Consumer,W,mobile,1,P210,Automation Add-on,addon,1,55.05,55.05,USD
O101347,2025-11-05T12:52:19,2025-11-05,C0231,Customer 0231,Consumer,W,mobile,2,P110,Professional Subscription,subscription,1,79.80,79.80,USD
O101348,2025-11-05T18:22:46,2025-11-05,C0175,Customer 0175,Enterprise,W,web,1,P120,Enterprise Subscription,subscription,1,191.58,191.58,USD
O101349,2025-11-05T08:29:49,2025-11-05,C0190,Customer 0190,Consumer,W,web,1,P120,Enterprise Subscription,subscription,1,207.57,207.57,USD
O101349,2025-11-05T08:29:49,2025-11-05,C0190,Customer 0190,Consumer,W,web,2,P100,Starter Subscription,subscription,1,29.55,29.55,USD
O101350,2025-11-05T16:27:26,2025-11-05,C0080,Customer 0080,Mid-Market,W,web,1,P120,Enterprise Subscription,subscription,1,213.36,213.36,USD
O101351,2025-11-05T08:14:15,2025-11-05,C0200,Customer 0200,Consumer,W,web,1,P100,Starter Subscription,subscription,1,29.90,29.90,USD
O101352,2025-11-05T17:38:56,2025-11-05,C0114,Customer 0114,Consumer,MW,mobile,1,P210,Automation Add-on,addon,1,62.22,62.22,USD
O101352,2025-11-05T17:38:56,2025-11-05,C0114,Customer 0114,Consumer,MW,mobile,2,P110,Professional Subscription,subscription,1,74.71,74.71,USD
O101352,2025-11-05T17:38:56,2025-11-05,C0114,Customer 0114,Consumer,MW,mobile,3,P120,Enterprise Subscription,subscription,1,197.95,197.95,USD
O101353,2025-11-05T15:23:38,2025-11-05,C0043,Customer 0043,Mid-Market,MW,web,1,P100,Starter Subscription,subscription,1,27.82,27.82,USD
O101353,2025-11-05T15:23:38,2025-11-05,C0043,Customer 0043,Mid-Market,MW,web,2,P310,Training Package,service,1,286.66,286.66,USD
O101354,2025-11-05T13:16:06,2025-11-05,C0211,Customer 0211,SMB,NE,mobile,1,P310,Training Package,service,1,319.10,319.10,USD
O101355,2025-11-05T12:10:41,2025-11-05,C0080,Customer 0080,Mid-Market,W,partner,1,P200,Analytics Add-on,addon,1,40.55,40.55,USD
O101355,2025-11-05T12:10:41,2025-11-05,C0080,Customer 0080,Mid-Market,W,partner,2,P300,Implementation Package,service,1,488.26,488.26,USD
O101356,2025-11-05T12:47:09,2025-11-05,C0080,Customer 0080,Mid-Market,W,web,1,P210,Automation Add-on,addon,1,57.25,57.25,USD
O101356,2025-11-05T12:47:09,2025-11-05,C0080,Customer 0080,Mid-Market,W,web,2,P120,Enterprise Subscription,subscription,1,197.04,197.04,USD
O101357,2025-11-05T13:32:03,2025-11-05,C0059,Customer 0059,Consumer,W,mobile,1,P300,Implementation Package,service,1,529.01,529.01,USD
O101357,2025-11-05T13:32:03,2025-11-05,C0059,Customer 0059,Consumer,W,mobile,2,P310,Training Package,service,1,283.28,283.28,USD
O101357,2025-11-05T13:32:03,2025-11-05,C0059,Customer 0059,Consumer,W,mobile,3,P120,Enterprise Subscription,subscription,1,199.57,199.57,USD
O101358,2025-11-05T15:31:30,2025-11-05,C0122,Customer 0122,Consumer,W,web,1,P120,Enterprise Subscription,subscription,1,195.51,195.51,USD
O101358,2025-11-05T15:31:30,2025-11-05,C0122,Customer 0122,Consumer,W,web,2,P210,Automation Add-on,addon,2,56.60,113.20,USD
O101359,2025-11-05T18:55:18,2025-11-05,C0091,Customer 0091,Mid-Market,NE,mobile,1,P210,Automation Add-on,addon,1,55.60,55.60,USD
O101360,2025-11-05T17:54:52,2025-11-05,C0214,Customer 0214,Mid-Market,MW,web,1,P300,Implementation Package,service,1,496.50,496.50,USD
O101360,2025-11-05T17:54:52,2025-11-05,C0214,Customer 0214,Mid-Market,MW,web,2,P120,Enterprise Subscription,subscription,1,197.10,197.10,USD
O101361,2025-11-05T20:37:19,2025-11-05,C0178,Customer 0178,Consumer,W,web,1,P210,Automation Add-on,addon,1,63.23,63.23,USD
O101361,2025-11-05T20:37:19,2025-11-05,C0178,Customer 0178,Consumer,W,web,2,P310,Training Package,service,1,319.95,319.95,USD
O101362,2025-11-05T13:53:29,2025-11-05,C0160,Customer 0160,Mid-Market,SE,mobile,1,P110,Professional Subscription,subscription,1,81.85,81.85,USD
O101362,2025-11-05T13:53:29,2025-11-05,C0160,Customer 0160,Mid-Market,SE,mobile,2,P200,Analytics Add-on,addon,2,36.56,73.12,USD
O101363,2025-11-05T08:17:46,2025-11-05,C0071,Customer 0071,Mid-Market,SW,partner,1,P120,Enterprise Subscription,subscription,1,186.24,186.24,USD
O101364,2025-11-05T18:18:43,2025-11-05,C0199,Customer 0199,Consumer,W,mobile,1,P110,Professional Subscription,subscription,1,82.71,82.71,USD
O101365,2025-11-05T19:37:11,2025-11-05,C0198,Customer 0198,SMB,SW,web,1,P100,Starter Subscription,subscription,1,27.32,27.32,USD
O101365,2025-11-05T19:37:11,2025-11-05,C0198,Customer 0198,SMB,SW,web,2,P310,Training Package,service,1,275.15,275.15,USD
O101365,2025-11-05T19:37:11,2025-11-05,C0198,Customer 0198,SMB,SW,web,3,P300,Implementation Package,service,1,494.29,494.29,USD
O101366,2025-11-05T13:30:15,2025-11-05,C0232,Customer 0232,Mid-Market,W,web,1,P110,Professional Subscription,subscription,1,72.73,72.73,USD
O101367,2025-11-05T19:29:42,2025-11-05,C0176,Customer 0176,Mid-Market,SW,partner,1,P300,Implementation Package,service,1,525.30,525.30,USD
O101368,2025-11-05T09:52:20,2025-11-05,C0054,Customer 0054,Consumer,NE,mobile,1,P210,Automation Add-on,addon,1,55.37,55.37,USD
O101368,2025-11-05T09:52:20,2025-11-05,C0054,Customer 0054,Consumer,NE,mobile,2,P310,Training Package,service,1,292.34,292.34,USD
O101368,2025-11-05T09:52:20,2025-11-05,C0054,Customer 0054,Consumer,NE,mobile,3,P200,Analytics Add-on,addon,2,36.06,72.12,USD
O101369,2025-11-06T08:03:28,2025-11-06,C0239,Customer 0239,Mid-Market,W,web,1,P200,Analytics Add-on,addon,2,38.06,76.12,USD
O101370,2025-11-06T16:27:21,2025-11-06,C0046,Customer 0046,Consumer,W,web,1,P120,Enterprise Subscription,subscription,1,184.33,184.33,USD
O101370,2025-11-06T16:27:21,2025-11-06,C0046,Customer 0046,Consumer,W,web,2,P300,Implementation Package,service,1,522.41,522.41,USD
O101370,2025-11-06T16:27:21,2025-11-06,C0046,Customer 0046,Consumer,W,web,3,P110,Professional Subscription,subscription,1,84.29,84.29,USD
O101371,2025-11-06T12:02:28,2025-11-06,C0115,Customer 0115,Consumer,MW,mobile,1,P300,Implementation Package,service,1,492.57,492.57,USD
O101371,2025-11-06T12:02:28,2025-11-06,C0115,Customer 0115,Consumer,MW,mobile,2,P310,Training Package,service,1,299.51,299.51,USD
O101372,2025-11-06T13:13:29,2025-11-06,C0157,Customer 0157,Consumer,MW,web,1,P110,Professional Subscription,subscription,1,76.20,76.20,USD
O101373,2025-11-06T09:51:32,2025-11-06,C0089,Customer 0089,SMB,NE,mobile,1,P310,Training Package,service,1,302.82,302.82,USD
O101374,2025-11-06T11:00:01,2025-11-06,C0219,Customer 0219,Consumer,SE,mobile,1,P300,Implementation Package,service,1,499.47,499.47,USD
O101375,2025-11-06T11:52:40,2025-11-06,C0019,Customer 0019,Consumer,NE,web,1,P110,Professional Subscription,subscription,1,79.20,79.20,USD
O101375,2025-11-06T11:52:40,2025-11-06,C0019,Customer 0019,Consumer,NE,web,2,P210,Automation Add-on,addon,1,61.19,61.19,USD
O101376,2025-11-06T09:46:55,2025-11-06,C0152,Customer 0152,Consumer,MW,mobile,1,P120,Enterprise Subscription,subscription,1,200.90,200.90,USD
O101376,2025-11-06T09:46:55,2025-11-06,C0152,Customer 0152,Consumer,MW,mobile,2,P110,Professional Subscription,subscription,1,73.72,73.72,USD
O101376,2025-11-06T09:46:55,2025-11-06,C0152,Customer 0152,Consumer,MW,mobile,3,P200,Analytics Add-on,addon,2,39.85,79.70,USD
O101377,2025-11-06T12:04:17,2025-11-06,C0128,Customer 0128,Consumer,SE,web,1,P110,Professional Subscription,subscription,1,80.61,80.61,USD
O101378,2025-11-06T20:33:57,2025-11-06,C0214,Customer 0214,Mid-Market,MW,mobile,1,P100,Starter Subscription,subscription,1,30.32,30.32,USD
O101378,2025-11-06T20:33:57,2025-11-06,C0214,Customer 0214,Mid-Market,MW,mobile,2,P120,Enterprise Subscription,subscription,1,183.54,183.54,USD
O101378,2025-11-06T20:33:57,2025-11-06,C0214,Customer 0214,Mid-Market,MW,mobile,3,P210,Automation Add-on,addon,2,62.04,124.08,USD
O101379,2025-11-06T09:46:29,2025-11-06,C0069,Customer 0069,Consumer,SE,mobile,1,P100,Starter Subscription,subscription,1,28.06,28.06,USD
O101380,2025-11-06T12:30:25,2025-11-06,C0103,Customer 0103,Consumer,NE,web,1,P100,Starter Subscription,subscription,1,29.00,29.00,USD
O101381,2025-11-06T18:44:35,2025-11-06,C0020,Customer 0020,SMB,MW,web,1,P210,Automation Add-on,addon,1,59.90,59.90,USD
O101382,2025-11-06T19:12:36,2025-11-06,C0140,Customer 0140,Consumer,NE,mobile,1,P310,Training Package,service,1,276.03,276.03,USD
O101383,2025-11-06T14:06:21,2025-11-06,C0146,Customer 0146,SMB,SW,web,1,P210,Automation Add-on,addon,1,63.12,63.12,USD
O101384,2025-11-06T11:42:13,2025-11-06,C0225,Customer 0225,Enterprise,MW,mobile,1,P310,Training Package,service,1,302.60,302.60,USD
O101385,2025-11-06T11:25:51,2025-11-06,C0152,Customer 0152,Consumer,MW,partner,1,P120,Enterprise Subscription,subscription,1,199.80,199.80,USD
O101385,2025-11-06T11:25:51,2025-11-06,C0152,Customer 0152,Consumer,MW,partner,2,P110,Professional Subscription,subscription,1,77.25,77.25,USD
O101385,2025-11-06T11:25:51,2025-11-06,C0152,Customer 0152,Consumer,MW,partner,3,P200,Analytics Add-on,addon,1,38.91,38.91,USD
O101386,2025-11-06T10:07:49,2025-11-06,C0026,Customer 0026,Consumer,NE,partner,1,P100,Starter Subscription,subscription,1,29.33,29.33,USD
O101387,2025-11-06T10:24:08,2025-11-06,C0188,Customer 0188,Mid-Market,SW,web,1,P100,Starter Subscription,subscription,1,26.75,26.75,USD
O101387,2025-11-06T10:24:08,2025-11-06,C0188,Customer 0188,Mid-Market,SW,web,2,P120,Enterprise Subscription,subscription,1,184.79,184.79,USD
O101388,2025-11-06T13:00:48,2025-11-06,C0072,Customer 0072,SMB,NE,partner,1,P300,Implementation Package,service,1,534.26,534.26,USD
O101388,2025-11-06T13:00:48,2025-11-06,C0072,Customer 0072,SMB,NE,partner,2,P110,Professional Subscription,subscription,1,79.20,79.20,USD
O101389,2025-11-06T18:41:14,2025-11-06,C0122,Customer 0122,Consumer,W,web,1,P120,Enterprise Subscription,subscription,1,197.12,197.12,USD
O101390,2025-11-06T14:06:21,2025-11-06,C0105,Customer 0105,SMB,SE,partner,1,P110,Professional Subscription,subscription,1,82.77,82.77,USD
O101391,2025-11-06T10:57:18,2025-11-06,C0130,Customer 0130,SMB,MW,mobile,1,P110,Professional Subscription,subscription,1,81.59,81.59,USD
O101392,2025-11-06T10:05:50,2025-11-06,C0206,Customer 0206,Consumer,SW,mobile,1,P300,Implementation Package,service,1,474.01,474.01,USD
O101393,2025-11-06T12:16:13,2025-11-06,C0069,Customer 0069,Consumer,SE,mobile,1,P210,Automation Add-on,addon,2,55.16,110.32,USD
O101393,2025-11-06T12:16:13,2025-11-06,C0069,Customer 0069,Consumer,SE,mobile,2,P200,Analytics Add-on,addon,1,36.86,36.86,USD
O101394,2025-11-06T08:00:02,2025-11-06,C0056,Customer 0056,Consumer,SE,mobile,1,P300,Implementation Package,service,1,475.98,475.98,USD
O101394,2025-11-06T08:00:02,2025-11-06,C0056,Customer 0056,Consumer,SE,mobile,2,P200,Analytics Add-on,addon,1,38.01,38.01,USD
O101395,2025-11-06T14:22:41,2025-11-06,C0210,Customer 0210,SMB,NE,mobile,1,P200,Analytics Add-on,addon,1,41.73,41.73,USD
O101395,2025-11-06T14:22:41,2025-11-06,C0210,Customer 0210,SMB,NE,mobile,2,P210,Automation Add-on,addon,1,57.43,57.43,USD
O101396,2025-11-06T20:58:59,2025-11-06,C0236,Customer 0236,Consumer,MW,web,1,P300,Implementation Package,service,1,484.21,484.21,USD
O101397,2025-11-06T13:30:58,2025-11-06,C0087,Customer 0087,Mid-Market,W,mobile,1,P300,Implementation Package,service,1,474.89,474.89,USD
O101398,2025-11-06T11:23:40,2025-11-06,C0200,Customer 0200,Consumer,W,mobile,1,P300,Implementation Package,service,1,474.26,474.26,USD
O101399,2025-11-07T16:29:34,2025-11-07,C0014,Customer 0014,Consumer,SW,partner,1,P300,Implementation Package,service,1,519.08,519.08,USD
O101399,2025-11-07T16:29:34,2025-11-07,C0014,Customer 0014,Consumer,SW,partner,2,P120,Enterprise Subscription,subscription,1,195.91,195.91,USD
O101400,2025-11-07T13:57:46,2025-11-07,C0191,Customer 0191,SMB,W,web,1,P210,Automation Add-on,addon,1,57.43,57.43,USD
O101401,2025-11-07T11:16:40,2025-11-07,C0175,Customer 0175,Enterprise,W,web,1,P200,Analytics Add-on,addon,1,36.54,36.54,USD
O101401,2025-11-07T11:16:40,2025-11-07,C0175,Customer 0175,Enterprise,W,web,2,P310,Training Package,service,1,291.99,291.99,USD
O101402,2025-11-07T12:56:01,2025-11-07,C0155,Customer 0155,Consumer,SE,mobile,1,P310,Training Package,service,1,307.41,307.41,USD
O101402,2025-11-07T12:56:01,2025-11-07,C0155,Customer 0155,Consumer,SE,mobile,2,P300,Implementation Package,service,1,508.80,508.80,USD
O101403,2025-11-07T11:34:01,2025-11-07,C0140,Customer 0140,Consumer,NE,web,1,P110,Professional Subscription,subscription,1,76.07,76.07,USD
O101404,2025-11-07T13:11:01,2025-11-07,C0196,Customer 0196,SMB,SW,web,1,P210,Automation Add-on,addon,1,57.71,57.71,USD
O101405,2025-11-07T17:58:27,2025-11-07,C0141,Customer 0141,SMB,MW,web,1,P100,Starter Subscription,subscription,1,27.53,27.53,USD
O101406,2025-11-07T20:47:05,2025-11-07,C0164,Customer 0164,Consumer,SE,partner,1,P120,Enterprise Subscription,subscription,1,209.92,209.92,USD
O101407,2025-11-07T09:07:29,2025-11-07,C0159,Customer 0159,Consumer,SW,partner,1,P300,Implementation Package,service,1,514.17,514.17,USD
O101408,2025-11-07T11:10:07,2025-11-07,C0046,Customer 0046,Consumer,W,web,1,P100,Starter Subscription,subscription,1,30.68,30.68,USD
O101408,2025-11-07T11:10:07,2025-11-07,C0046,Customer 0046,Consumer,W,web,2,P120,Enterprise Subscription,subscription,1,210.79,210.79,USD
O101409,2025-11-07T09:06:27,2025-11-07,C0057,Customer 0057,Mid-Market,W,web,1,P120,Enterprise Subscription,subscription,1,188.35,188.35,USD
O101410,2025-11-07T10:27:28,2025-11-07,C0194,Customer 0194,Consumer,W,web,1,P110,Professional Subscription,subscription,1,73.20,73.20,USD
O101411,2025-11-07T16:18:26,2025-11-07,C0042,Customer 0042,Consumer,MW,partner,1,P110,Professional Subscription,subscription,1,82.56,82.56,USD
O101412,2025-11-07T10:28:10,2025-11-07,C0232,Customer 0232,Mid-Market,W,web,1,P200,Analytics Add-on,addon,1,41.68,41.68,USD
O101413,2025-11-07T14:34:01,2025-11-07,C0218,Customer 0218,Enterprise,SW,web,1,P100,Starter Subscription,subscription,1,26.82,26.82,USD
O101413,2025-11-07T14:34:01,2025-11-07,C0218,Customer 0218,Enterprise,SW,web,2,P120,Enterprise Subscription,subscription,1,192.72,192.72,USD
O101414,2025-11-07T11:40:42,2025-11-07,C0104,Customer 0104,Mid-Market,W,web,1,P310,Training Package,service,1,314.76,314.76,USD
O101414,2025-11-07T11:40:42,2025-11-07,C0104,Customer 0104,Mid-Market,W,web,2,P120,Enterprise Subscription,subscription,1,197.34,197.34,USD
O101415,2025-11-07T08:06:30,2025-11-07,C0189,Customer 0189,SMB,SW,web,1,P100,Starter Subscription,subscription,1,28.77,28.77,USD
O101416,2025-11-07T10:20:55,2025-11-07,C0169,Customer 0169,Consumer,SW,web,1,P210,Automation Add-on,addon,1,60.28,60.28,USD
O101417,2025-11-07T18:27:12,2025-11-07,C0103,Customer 0103,Consumer,NE,mobile,1,P120,Enterprise Subscription,subscription,1,192.19,192.19,USD
O101417,2025-11-07T18:27:12,2025-11-07,C0103,Customer 0103,Consumer,NE,mobile,2,P200,Analytics Add-on,addon,1,37.54,37.54,USD
O101418,2025-11-07T11:54:19,2025-11-07,C0213,Customer 0213,Consumer,W,partner,1,P300,Implementation Package,service,1,527.11,527.11,USD
O101418,2025-11-07T11:54:19,2025-11-07,C0213,Customer 0213,Consumer,W,partner,2,P110,Professional Subscription,subscription,1,77.88,77.88,USD
O101418,2025-11-07T11:54:19,2025-11-07,C0213,Customer 0213,Consumer,W,partner,3,P100,Starter Subscription,subscription,1,27.58,27.58,USD
O101419,2025-11-07T13:29:02,2025-11-07,C0050,Customer 0050,Consumer,W,web,1,P120,Enterprise Subscription,subscription,1,208.53,208.53,USD
O101420,2025-11-07T12:36:21,2025-11-07,C0068,Customer 0068,SMB,SE,web,1,P310,Training Package,service,1,313.97,313.97,USD
O101421,2025-11-07T12:28:46,2025-11-07,C0045,Customer 0045,Consumer,MW,web,1,P210,Automation Add-on,addon,2,59.27,118.54,USD
O101422,2025-11-07T18:57:15,2025-11-07,C0046,Customer 0046,Consumer,W,web,1,P310,Training Package,service,1,287.52,287.52,USD
O101422,2025-11-07T18:57:15,2025-11-07,C0046,Customer 0046,Consumer,W,web,2,P210,Automation Add-on,addon,2,56.14,112.28,USD
O101422,2025-11-07T18:57:15,2025-11-07,C0046,Customer 0046,Consumer,W,web,3,P110,Professional Subscription,subscription,1,73.64,73.64,USD
O101423,2025-11-07T15:58:19,2025-11-07,C0192,Customer 0192,Mid-Market,MW,mobile,1,P110,Professional Subscription,subscription,1,79.24,79.24,USD
O101423,2025-11-07T15:58:19,2025-11-07,C0192,Customer 0192,Mid-Market,MW,mobile,2,P100,Starter Subscription,subscription,1,28.96,28.96,USD
O101424,2025-11-08T10:35:59,2025-11-08,C0124,Customer 0124,SMB,SE,mobile,1,P310,Training Package,service,1,322.68,322.68,USD
O101425,2025-11-08T12:53:17,2025-11-08,C0022,Customer 0022,SMB,NE,web,1,P300,Implementation Package,service,1,497.06,497.06,USD
O101426,2025-11-08T11:57:48,2025-11-08,C0112,Customer 0112,SMB,NE,partner,1,P210,Automation Add-on,addon,1,59.88,59.88,USD
O101426,2025-11-08T11:57:48,2025-11-08,C0112,Customer 0112,SMB,NE,partner,2,P310,Training Package,service,1,276.45,276.45,USD
O101427,2025-11-08T08:49:17,2025-11-08,C0082,Customer 0082,Consumer,SE,mobile,1,P100,Starter Subscription,subscription,1,31.21,31.21,USD
O101428,2025-11-08T15:20:54,2025-11-08,C0005,Customer 0005,SMB,SE,web,1,P100,Starter Subscription,subscription,1,27.09,27.09,USD
O101429,2025-11-08T11:21:10,2025-11-08,C0096,Customer 0096,SMB,W,mobile,1,P200,Analytics Add-on,addon,2,41.78,83.56,USD
O101429,2025-11-08T11:21:10,2025-11-08,C0096,Customer 0096,SMB,W,mobile,2,P310,Training Package,service,1,290.91,290.91,USD
O101430,2025-11-08T12:26:29,2025-11-08,C0142,Customer 0142,SMB,SW,mobile,1,P100,Starter Subscription,subscription,1,29.74,29.74,USD
O101430,2025-11-08T12:26:29,2025-11-08,C0142,Customer 0142,SMB,SW,mobile,2,P310,Training Package,service,1,313.61,313.61,USD
O101431,2025-11-08T17:59:36,2025-11-08,C0224,Customer 0224,Mid-Market,MW,mobile,1,P310,Training Package,service,1,285.80,285.80,USD
O101432,2025-11-08T15:24:45,2025-11-08,C0223,Customer 0223,Consumer,MW,web,1,P120,Enterprise Subscription,subscription,1,196.36,196.36,USD
O101433,2025-11-08T18:24:57,2025-11-08,C0046,Customer 0046,Consumer,W,web,1,P310,Training Package,service,1,306.61,306.61,USD
O101433,2025-11-08T18:24:57,2025-11-08,C0046,Customer 0046,Consumer,W,web,2,P110,Professional Subscription,subscription,1,81.42,81.42,USD
O101434,2025-11-08T08:32:52,2025-11-08,C0060,Customer 0060,Consumer,MW,web,1,P210,Automation Add-on,addon,2,57.12,114.24,USD
O101435,2025-11-08T19:46:59,2025-11-08,C0125,Customer 0125,Mid-Market,NE,web,1,P310,Training Package,service,1,286.57,286.57,USD
O101435,2025-11-08T19:46:59,2025-11-08,C0125,Customer 0125,Mid-Market,NE,web,2,P200,Analytics Add-on,addon,1,38.01,38.01,USD
O101435,2025-11-08T19:46:59,2025-11-08,C0125,Customer 0125,Mid-Market,NE,web,3,P300,Implementation Package,service,1,535.26,535.26,USD
O101436,2025-11-08T14:39:13,2025-11-08,C0036,Customer 0036,Mid-Market,NE,mobile,1,P110,Professional Subscription,subscription,1,83.08,83.08,USD
O101437,2025-11-08T15:18:45,2025-11-08,C0099,Customer 0099,Enterprise,MW,web,1,P100,Starter Subscription,subscription,1,30.51,30.51,USD
O101437,2025-11-08T15:18:45,2025-11-08,C0099,Customer 0099,Enterprise,MW,web,2,P300,Implementation Package,service,1,483.49,483.49,USD
O101438,2025-11-08T10:22:10,2025-11-08,C0236,Customer 0236,Consumer,MW,mobile,1,P300,Implementation Package,service,1,522.76,522.76,USD
O101439,2025-11-08T09:24:43,2025-11-08,C0092,Customer 0092,Mid-Market,W,mobile,1,P100,Starter Subscription,subscription,1,29.96,29.96,USD
O101439,2025-11-08T09:24:43,2025-11-08,C0092,Customer 0092,Mid-Market,W,mobile,2,P300,Implementation Package,service,1,505.70,505.70,USD
O101440,2025-11-08T14:31:34,2025-11-08,C0135,Customer 0135,Mid-Market,SE,web,1,P100,Starter Subscription,subscription,1,30.33,30.33,USD
O101441,2025-11-08T18:31:15,2025-11-08,C0009,Customer 0009,Consumer,NE,web,1,P100,Starter Subscription,subscription,1,27.83,27.83,USD
O101441,2025-11-08T18:31:15,2025-11-08,C0009,Customer 0009,Consumer,NE,web,2,P300,Implementation Package,service,1,492.10,492.10,USD
O101442,2025-11-08T12:41:11,2025-11-08,C0089,Customer 0089,SMB,NE,mobile,1,P300,Implementation Package,service,1,528.48,528.48,USD
O101442,2025-11-08T12:41:11,2025-11-08,C0089,Customer 0089,SMB,NE,mobile,2,P110,Professional Subscription,subscription,1,82.29,82.29,USD
O101443,2025-11-08T16:37:57,2025-11-08,C0107,Customer 0107,Consumer,MW,web,1,P110,Professional Subscription,subscription,1,78.00,78.00,USD
O101444,2025-11-08T13:25:38,2025-11-08,C0039,Customer 0039,Mid-Market,SW,web,1,P100,Starter Subscription,subscription,1,31.08,31.08,USD
O101445,2025-11-08T17:56:53,2025-11-08,C0100,Customer 0100,Consumer,MW,partner,1,P120,Enterprise Subscription,subscription,1,208.99,208.99,USD
O101446,2025-11-09T18:22:14,2025-11-09,C0093,Customer 0093,SMB,W,mobile,1,P310,Training Package,service,1,282.25,282.25,USD
O101447,2025-11-09T09:00:51,2025-11-09,C0205,Customer 0205,Consumer,SW,web,1,P300,Implementation Package,service,1,461.90,461.90,USD
O101448,2025-11-09T16:00:43,2025-11-09,C0063,Customer 0063,SMB,NE,mobile,1,P300,Implementation Package,service,1,516.55,516.55,USD
O101448,2025-11-09T16:00:43,2025-11-09,C0063,Customer 0063,SMB,NE,mobile,2,P310,Training Package,service,1,290.84,290.84,USD
O101449,2025-11-09T10:32:04,2025-11-09,C0123,Customer 0123,Consumer,W,mobile,1,P310,Training Package,service,1,290.69,290.69,USD
O101450,2025-11-09T12:47:21,2025-11-09,C0182,Customer 0182,Consumer,MW,web,1,P300,Implementation Package,service,1,492.18,492.18,USD
O101450,2025-11-09T12:47:21,2025-11-09,C0182,Customer 0182,Consumer,MW,web,2,P120,Enterprise Subscription,subscription,1,209.52,209.52,USD
O101451,2025-11-09T16:32:57,2025-11-09,C0061,Customer 0061,Consumer,MW,web,1,P300,Implementation Package,service,1,464.98,464.98,USD
O101452,2025-11-09T13:08:32,2025-11-09,C0106,Customer 0106,SMB,MW,partner,1,P110,Professional Subscription,subscription,1,81.57,81.57,USD
O101453,2025-11-09T19:56:15,2025-11-09,C0020,Customer 0020,SMB,MW,partner,1,P200,Analytics Add-on,addon,1,39.78,39.78,USD
O101454,2025-11-09T11:36:44,2025-11-09,C0037,Customer 0037,SMB,SE,mobile,1,P310,Training Package,service,1,320.97,320.97,USD
O101454,2025-11-09T11:36:44,2025-11-09,C0037,Customer 0037,SMB,SE,mobile,2,P120,Enterprise Subscription,subscription,1,207.18,207.18,USD
O101455,2025-11-09T19:33:31,2025-11-09,C0009,Customer 0009,Consumer,NE,web,1,P200,Analytics Add-on,addon,2,36.75,73.50,USD
O101455,2025-11-09T19:33:31,2025-11-09,C0009,Customer 0009,Consumer,NE,web,2,P110,Professional Subscription,subscription,1,84.09,84.09,USD
O101455,2025-11-09T19:33:31,2025-11-09,C0009,Customer 0009,Consumer,NE,web,3,P100,Starter Subscription,subscription,1,30.87,30.87,USD
O101456,2025-11-09T14:30:00,2025-11-09,C0093,Customer 0093,SMB,W,web,1,P300,Implementation Package,service,1,514.69,514.69,USD
O101457,2025-11-09T12:27:57,2025-11-09,C0088,Customer 0088,Consumer,SE,web,1,P300,Implementation Package,service,1,536.28,536.28,USD
O101458,2025-11-09T17:20:33,2025-11-09,C0009,Customer 0009,Consumer,NE,web,1,P100,Starter Subscription,subscription,1,30.30,30.30,USD
O101459,2025-11-09T12:15:54,2025-11-09,C0128,Customer 0128,Consumer,SE,web,1,P310,Training Package,service,1,302.53,302.53,USD
O101460,2025-11-09T12:08:59,2025-11-09,C0090,Customer 0090,Consumer,NE,mobile,1,P300,Implementation Package,service,1,473.06,473.06,USD
O101460,2025-11-09T12:08:59,2025-11-09,C0090,Customer 0090,Consumer,NE,mobile,2,P310,Training Package,service,1,305.23,305.23,USD
O101461,2025-11-09T15:39:39,2025-11-09,C0145,Customer 0145,Mid-Market,W,mobile,1,P300,Implementation Package,service,1,513.63,513.63,USD
O101462,2025-11-09T17:20:57,2025-11-09,C0135,Customer 0135,Mid-Market,SE,partner,1,P110,Professional Subscription,subscription,1,82.55,82.55,USD
O101463,2025-11-09T11:40:39,2025-11-09,C0171,Customer 0171,Consumer,NE,partner,1,P300,Implementation Package,service,1,473.48,473.48,USD
O101463,2025-11-09T11:40:39,2025-11-09,C0171,Customer 0171,Consumer,NE,partner,2,P100,Starter Subscription,subscription,1,30.17,30.17,USD
O101464,2025-11-09T15:32:26,2025-11-09,C0020,Customer 0020,SMB,MW,web,1,P200,Analytics Add-on,addon,1,41.14,41.14,USD
O101465,2025-11-09T08:13:26,2025-11-09,C0215,Customer 0215,SMB,W,web,1,P210,Automation Add-on,addon,1,55.33,55.33,USD
O101466,2025-11-09T20:11:22,2025-11-09,C0092,Customer 0092,Mid-Market,W,web,1,P310,Training Package,service,1,289.30,289.30,USD
O101467,2025-11-09T15:02:41,2025-11-09,C0108,Customer 0108,SMB,W,web,1,P310,Training Package,service,1,275.52,275.52,USD
O101467,2025-11-09T15:02:41,2025-11-09,C0108,Customer 0108,SMB,W,web,2,P210,Automation Add-on,addon,2,59.42,118.84,USD
O101468,2025-11-10T12:39:56,2025-11-10,C0063,Customer 0063,SMB,NE,web,1,P120,Enterprise Subscription,subscription,1,197.47,197.47,USD
O101469,2025-11-10T19:42:24,2025-11-10,C0135,Customer 0135,Mid-Market,SE,mobile,1,P300,Implementation Package,service,1,531.68,531.68,USD
O101469,2025-11-10T19:42:24,2025-11-10,C0135,Customer 0135,Mid-Market,SE,mobile,2,P210,Automation Add-on,addon,1,59.76,59.76,USD
O101470,2025-11-10T11:58:07,2025-11-10,C0223,Customer 0223,Consumer,MW,mobile,1,P300,Implementation Package,service,1,504.74,504.74,USD
O101471,2025-11-10T16:39:10,2025-11-10,C0216,Customer 0216,Consumer,SE,web,1,P110,Professional Subscription,subscription,1,75.98,75.98,USD
O101471,2025-11-10T16:39:10,2025-11-10,C0216,Customer 0216,Consumer,SE,web,2,P100,Starter Subscription,subscription,1,26.70,26.70,USD
O101472,2025-11-10T17:52:48,2025-11-10,C0115,Customer 0115,Consumer,MW,web,1,P200,Analytics Add-on,addon,1,38.54,38.54,USD
O101473,2025-11-10T10:54:23,2025-11-10,C0148,Customer 0148,Consumer,SE,web,1,P210,Automation Add-on,addon,2,60.32,120.64,USD
O101474,2025-11-10T20:00:15,2025-11-10,C0132,Customer 0132,SMB,NE,partner,1,P200,Analytics Add-on,addon,2,36.19,72.38,USD
O101474,2025-11-10T20:00:15,2025-11-10,C0132,Customer 0132,SMB,NE,partner,2,P120,Enterprise Subscription,subscription,1,209.36,209.36,USD
O101475,2025-11-10T10:48:09,2025-11-10,C0111,Customer 0111,Consumer,NE,web,1,P120,Enterprise Subscription,subscription,1,192.82,192.82,USD
O101476,2025-11-10T14:47:02,2025-11-10,C0199,Customer 0199,Consumer,W,mobile,1,P110,Professional Subscription,subscription,1,83.94,83.94,USD
O101476,2025-11-10T14:47:02,2025-11-10,C0199,Customer 0199,Consumer,W,mobile,2,P200,Analytics Add-on,addon,1,38.49,38.49,USD
O101477,2025-11-10T14:40:31,2025-11-10,C0107,Customer 0107,Consumer,MW,web,1,P200,Analytics Add-on,addon,1,41.17,41.17,USD
O101478,2025-11-10T09:51:04,2025-11-10,C0118,Customer 0118,SMB,SE,mobile,1,P200,Analytics Add-on,addon,1,39.73,39.73,USD
O101479,2025-11-10T20:20:22,2025-11-10,C0148,Customer 0148,Consumer,SE,web,1,P110,Professional Subscription,subscription,1,84.30,84.30,USD
O101479,2025-11-10T20:20:22,2025-11-10,C0148,Customer 0148,Consumer,SE,web,2,P210,Automation Add-on,addon,2,60.84,121.68,USD
O101480,2025-11-10T08:07:52,2025-11-10,C0141,Customer 0141,SMB,MW,web,1,P110,Professional Subscription,subscription,1,84.88,84.88,USD
O101480,2025-11-10T08:07:52,2025-11-10,C0141,Customer 0141,SMB,MW,web,2,P120,Enterprise Subscription,subscription,1,210.18,210.18,USD
O101481,2025-11-10T10:31:16,2025-11-10,C0194,Customer 0194,Consumer,W,mobile,1,P310,Training Package,service,1,301.93,301.93,USD
O101481,2025-11-10T10:31:16,2025-11-10,C0194,Customer 0194,Consumer,W,mobile,2,P110,Professional Subscription,subscription,1,79.07,79.07,USD
O101482,2025-11-10T16:01:12,2025-11-10,C0189,Customer 0189,SMB,SW,web,1,P200,Analytics Add-on,addon,2,37.47,74.94,USD
O101483,2025-11-10T13:37:01,2025-11-10,C0028,Customer 0028,SMB,SE,mobile,1,P110,Professional Subscription,subscription,1,84.20,84.20,USD
O101484,2025-11-10T08:12:45,2025-11-10,C0003,Customer 0003,Consumer,W,web,1,P300,Implementation Package,service,1,530.11,530.11,USD
O101485,2025-11-10T08:35:06,2025-11-10,C0038,Customer 0038,Mid-Market,NE,web,1,P210,Automation Add-on,addon,2,56.27,112.54,USD
O101486,2025-11-10T14:26:35,2025-11-10,C0236,Customer 0236,Consumer,MW,web,1,P100,Starter Subscription,subscription,1,27.69,27.69,USD
O101487,2025-11-10T13:08:47,2025-11-10,C0154,Customer 0154,SMB,SW,mobile,1,P100,Starter Subscription,subscription,1,29.71,29.71,USD
O101487,2025-11-10T13:08:47,2025-11-10,C0154,Customer 0154,SMB,SW,mobile,2,P210,Automation Add-on,addon,1,56.06,56.06,USD
O101488,2025-11-10T17:26:29,2025-11-10,C0011,Customer 0011,SMB,MW,web,1,P120,Enterprise Subscription,subscription,1,214.18,214.18,USD
O101488,2025-11-10T17:26:29,2025-11-10,C0011,Customer 0011,SMB,MW,web,2,P200,Analytics Add-on,addon,1,39.47,39.47,USD
O101489,2025-11-11T13:27:39,2025-11-11,C0227,Customer 0227,Mid-Market,MW,mobile,1,P100,Starter Subscription,subscription,1,30.65,30.65,USD
O101489,2025-11-11T13:27:39,2025-11-11,C0227,Customer 0227,Mid-Market,MW,mobile,2,P200,Analytics Add-on,addon,1,40.90,40.90,USD
O101490,2025-11-11T16:58:45,2025-11-11,C0113,Customer 0113,Enterprise,MW,web,1,P100,Starter Subscription,subscription,1,28.20,28.20,USD
O101490,2025-11-11T16:58:45,2025-11-11,C0113,Customer 0113,Enterprise,MW,web,2,P110,Professional Subscription,subscription,1,78.71,78.71,USD
O101490,2025-11-11T16:58:45,2025-11-11,C0113,Customer 0113,Enterprise,MW,web,3,P200,Analytics Add-on,addon,1,39.31,39.31,USD
O101491,2025-11-11T18:33:18,2025-11-11,C0007,Customer 0007,Consumer,W,web,1,P300,Implementation Package,service,1,521.23,521.23,USD
O101491,2025-11-11T18:33:18,2025-11-11,C0007,Customer 0007,Consumer,W,web,2,P210,Automation Add-on,addon,1,56.10,56.10,USD
O101492,2025-11-11T12:00:00,2025-11-11,C0192,Customer 0192,Mid-Market,MW,web,1,P100,Starter Subscription,subscription,1,28.39,28.39,USD
O101492,2025-11-11T12:00:00,2025-11-11,C0192,Customer 0192,Mid-Market,MW,web,2,P200,Analytics Add-on,addon,1,36.81,36.81,USD
O101493,2025-11-11T15:59:13,2025-11-11,C0040,Customer 0040,SMB,W,mobile,1,P210,Automation Add-on,addon,2,58.86,117.72,USD
O101494,2025-11-11T18:30:58,2025-11-11,C0063,Customer 0063,SMB,NE,web,1,P300,Implementation Package,service,1,484.84,484.84,USD
O101495,2025-11-11T12:07:12,2025-11-11,C0012,Customer 0012,SMB,NE,partner,1,P200,Analytics Add-on,addon,1,38.78,38.78,USD
O101496,2025-11-11T14:55:50,2025-11-11,C0003,Customer 0003,Consumer,W,mobile,1,P300,Implementation Package,service,1,495.69,495.69,USD
O101497,2025-11-11T14:17:56,2025-11-11,C0080,Customer 0080,Mid-Market,W,web,1,P100,Starter Subscription,subscription,1,30.51,30.51,USD
O101498,2025-11-11T12:01:44,2025-11-11,C0061,Customer 0061,Consumer,MW,mobile,1,P110,Professional Subscription,subscription,1,74.64,74.64,USD
O101498,2025-11-11T12:01:44,2025-11-11,C0061,Customer 0061,Consumer,MW,mobile,2,P100,Starter Subscription,subscription,1,30.26,30.26,USD
O101498,2025-11-11T12:01:44,2025-11-11,C0061,Customer 0061,Consumer,MW,mobile,3,P310,Training Package,service,1,277.73,277.73,USD
O101499,2025-11-11T09:29:35,2025-11-11,C0234,Customer 0234,SMB,SW,mobile,1,P100,Starter Subscription,subscription,1,27.79,27.79,USD
O101500,2025-11-11T13:10:39,2025-11-11,C0003,Customer 0003,Consumer,W,partner,1,P200,Analytics Add-on,addon,2,38.95,77.90,USD
O101501,2025-11-11T13:05:30,2025-11-11,C0017,Customer 0017,Enterprise,NE,mobile,1,P310,Training Package,service,1,278.69,278.69,USD
O101501,2025-11-11T13:05:30,2025-11-11,C0017,Customer 0017,Enterprise,NE,mobile,2,P200,Analytics Add-on,addon,2,37.13,74.26,USD
O101501,2025-11-11T13:05:30,2025-11-11,C0017,Customer 0017,Enterprise,NE,mobile,3,P120,Enterprise Subscription,subscription,1,211.02,211.02,USD
O101502,2025-11-11T20:05:25,2025-11-11,C0107,Customer 0107,Consumer,MW,web,1,P120,Enterprise Subscription,subscription,1,187.81,187.81,USD
O101503,2025-11-11T11:28:49,2025-11-11,C0065,Customer 0065,Enterprise,NE,mobile,1,P300,Implementation Package,service,1,520.10,520.10,USD
O101504,2025-11-11T16:07:17,2025-11-11,C0011,Customer 0011,SMB,MW,web,1,P300,Implementation Package,service,1,526.09,526.09,USD
O101505,2025-11-11T14:01:56,2025-11-11,C0078,Customer 0078,Mid-Market,SW,web,1,P110,Professional Subscription,subscription,1,84.13,84.13,USD
O101505,2025-11-11T14:01:56,2025-11-11,C0078,Customer 0078,Mid-Market,SW,web,2,P120,Enterprise Subscription,subscription,1,213.74,213.74,USD
O101506,2025-11-11T10:24:00,2025-11-11,C0020,Customer 0020,SMB,MW,partner,1,P110,Professional Subscription,subscription,1,75.51,75.51,USD
O101507,2025-11-11T09:25:17,2025-11-11,C0167,Customer 0167,Consumer,NE,web,1,P110,Professional Subscription,subscription,1,83.75,83.75,USD
O101508,2025-11-11T16:47:00,2025-11-11,C0031,Customer 0031,Mid-Market,MW,mobile,1,P110,Professional Subscription,subscription,1,75.78,75.78,USD
O101508,2025-11-11T16:47:00,2025-11-11,C0031,Customer 0031,Mid-Market,MW,mobile,2,P210,Automation Add-on,addon,1,59.17,59.17,USD
O101509,2025-11-11T20:09:29,2025-11-11,C0107,Customer 0107,Consumer,MW,web,1,P110,Professional Subscription,subscription,1,77.92,77.92,USD
O101510,2025-11-11T19:49:02,2025-11-11,C0211,Customer 0211,SMB,NE,web,1,P310,Training Package,service,1,275.93,275.93,USD
O101510,2025-11-11T19:49:02,2025-11-11,C0211,Customer 0211,SMB,NE,web,2,P110,Professional Subscription,subscription,1,83.56,83.56,USD
O101510,2025-11-11T19:49:02,2025-11-11,C0211,Customer 0211,SMB,NE,web,3,P210,Automation Add-on,addon,1,55.04,55.04,USD
O101511,2025-11-11T19:15:39,2025-11-11,C0073,Customer 0073,Mid-Market,SW,web,1,P110,Professional Subscription,subscription,1,81.98,81.98,USD
O101511,2025-11-11T19:15:39,2025-11-11,C0073,Customer 0073,Mid-Market,SW,web,2,P310,Training Package,service,1,281.00,281.00,USD
O101512,2025-11-12T11:32:16,2025-11-12,C0142,Customer 0142,SMB,SW,web,1,P210,Automation Add-on,addon,1,58.00,58.00,USD
O101513,2025-11-12T10:23:56,2025-11-12,C0068,Customer 0068,SMB,SE,mobile,1,P310,Training Package,service,1,283.76,283.76,USD
O101514,2025-11-12T14:45:49,2025-11-12,C0150,Customer 0150,Mid-Market,NE,web,1,P210,Automation Add-on,addon,1,55.94,55.94,USD
O101515,2025-11-12T14:36:44,2025-11-12,C0226,Customer 0226,Consumer,SW,partner,1,P300,Implementation Package,service,1,473.26,473.26,USD
O101515,2025-11-12T14:36:44,2025-11-12,C0226,Customer 0226,Consumer,SW,partner,2,P210,Automation Add-on,addon,1,56.56,56.56,USD
O101516,2025-11-12T19:26:47,2025-11-12,C0056,Customer 0056,Consumer,SE,partner,1,P310,Training Package,service,1,290.66,290.66,USD
O101516,2025-11-12T19:26:47,2025-11-12,C0056,Customer 0056,Consumer,SE,partner,2,P210,Automation Add-on,addon,2,57.02,114.04,USD
O101517,2025-11-12T20:37:24,2025-11-12,C0235,Customer 0235,Consumer,W,partner,1,P310,Training Package,service,1,321.00,321.00,USD
O101518,2025-11-12T15:20:37,2025-11-12,C0083,Customer 0083,Mid-Market,SW,web,1,P210,Automation Add-on,addon,1,59.61,59.61,USD
O101519,2025-11-12T19:44:37,2025-11-12,C0225,Customer 0225,Enterprise,MW,partner,1,P300,Implementation Package,service,1,511.71,511.71,USD
O101520,2025-11-12T18:28:43,2025-11-12,C0096,Customer 0096,SMB,W,web,1,P120,Enterprise Subscription,subscription,1,211.84,211.84,USD
O101521,2025-11-12T15:04:40,2025-11-12,C0121,Customer 0121,SMB,NE,partner,1,P310,Training Package,service,1,276.51,276.51,USD
O101521,2025-11-12T15:04:40,2025-11-12,C0121,Customer 0121,SMB,NE,partner,2,P210,Automation Add-on,addon,1,55.09,55.09,USD
O101522,2025-11-12T19:03:13,2025-11-12,C0201,Customer 0201,Consumer,NE,web,1,P200,Analytics Add-on,addon,1,40.34,40.34,USD
O101522,2025-11-12T19:03:13,2025-11-12,C0201,Customer 0201,Consumer,NE,web,2,P210,Automation Add-on,addon,1,57.36,57.36,USD
O101523,2025-11-12T18:24:05,2025-11-12,C0047,Customer 0047,Consumer,MW,web,1,P310,Training Package,service,1,284.87,284.87,USD
O101523,2025-11-12T18:24:05,2025-11-12,C0047,Customer 0047,Consumer,MW,web,2,P210,Automation Add-on,addon,1,60.61,60.61,USD
O101524,2025-11-12T09:40:38,2025-11-12,C0082,Customer 0082,Consumer,SE,mobile,1,P200,Analytics Add-on,addon,1,42.11,42.11,USD
O101525,2025-11-12T18:03:55,2025-11-12,C0217,Customer 0217,SMB,NE,web,1,P100,Starter Subscription,subscription,1,30.12,30.12,USD
O101525,2025-11-12T18:03:55,2025-11-12,C0217,Customer 0217,SMB,NE,web,2,P310,Training Package,service,1,292.49,292.49,USD
O101525,2025-11-12T18:03:55,2025-11-12,C0217,Customer 0217,SMB,NE,web,3,P110,Professional Subscription,subscription,1,83.60,83.60,USD
O101526,2025-11-12T17:47:34,2025-11-12,C0082,Customer 0082,Consumer,SE,web,1,P300,Implementation Package,service,1,463.97,463.97,USD
O101527,2025-11-12T10:36:15,2025-11-12,C0169,Customer 0169,Consumer,SW,web,1,P100,Starter Subscription,subscription,1,31.23,31.23,USD
O101527,2025-11-12T10:36:15,2025-11-12,C0169,Customer 0169,Consumer,SW,web,2,P110,Professional Subscription,subscription,1,77.62,77.62,USD
O101528,2025-11-12T09:30:27,2025-11-12,C0193,Customer 0193,Consumer,SW,mobile,1,P120,Enterprise Subscription,subscription,1,188.06,188.06,USD
O101528,2025-11-12T09:30:27,2025-11-12,C0193,Customer 0193,Consumer,SW,mobile,2,P210,Automation Add-on,addon,1,60.82,60.82,USD
O101528,2025-11-12T09:30:27,2025-11-12,C0193,Customer 0193,Consumer,SW,mobile,3,P300,Implementation Package,service,1,487.94,487.94,USD
O101529,2025-11-12T10:34:54,2025-11-12,C0092,Customer 0092,Mid-Market,W,web,1,P100,Starter Subscription,subscription,1,30.05,30.05,USD
O101529,2025-11-12T10:34:54,2025-11-12,C0092,Customer 0092,Mid-Market,W,web,2,P120,Enterprise Subscription,subscription,1,189.25,189.25,USD
O101530,2025-11-12T08:33:34,2025-11-12,C0176,Customer 0176,Mid-Market,SW,web,1,P120,Enterprise Subscription,subscription,1,195.92,195.92,USD
O101531,2025-11-12T11:28:34,2025-11-12,C0151,Customer 0151,Consumer,W,mobile,1,P200,Analytics Add-on,addon,1,41.06,41.06,USD
O101531,2025-11-12T11:28:34,2025-11-12,C0151,Customer 0151,Consumer,W,mobile,2,P310,Training Package,service,1,312.67,312.67,USD
O101532,2025-11-12T10:32:07,2025-11-12,C0236,Customer 0236,Consumer,MW,mobile,1,P100,Starter Subscription,subscription,1,27.52,27.52,USD
O101533,2025-11-12T18:36:27,2025-11-12,C0222,Customer 0222,Consumer,NE,web,1,P120,Enterprise Subscription,subscription,1,213.31,213.31,USD
O101534,2025-11-12T16:33:22,2025-11-12,C0166,Customer 0166,SMB,SE,web,1,P210,Automation Add-on,addon,2,60.73,121.46,USD
O101534,2025-11-12T16:33:22,2025-11-12,C0166,Customer 0166,SMB,SE,web,2,P300,Implementation Package,service,1,486.73,486.73,USD
O101535,2025-11-12T16:17:32,2025-11-12,C0057,Customer 0057,Mid-Market,W,web,1,P310,Training Package,service,1,278.56,278.56,USD
O101536,2025-11-12T15:14:24,2025-11-12,C0030,Customer 0030,Consumer,SW,web,1,P100,Starter Subscription,subscription,1,28.18,28.18,USD
O101537,2025-11-13T17:25:51,2025-11-13,C0006,Customer 0006,Consumer,W,web,1,P300,Implementation Package,service,1,468.66,468.66,USD
O101538,2025-11-13T11:37:41,2025-11-13,C0117,Customer 0117,Consumer,MW,mobile,1,P310,Training Package,service,1,315.53,315.53,USD
O101538,2025-11-13T11:37:41,2025-11-13,C0117,Customer 0117,Consumer,MW,mobile,2,P200,Analytics Add-on,addon,1,36.05,36.05,USD
O101539,2025-11-13T19:01:43,2025-11-13,C0198,Customer 0198,SMB,SW,web,1,P210,Automation Add-on,addon,2,63.24,126.48,USD
O101539,2025-11-13T19:01:43,2025-11-13,C0198,Customer 0198,SMB,SW,web,2,P110,Professional Subscription,subscription,1,77.80,77.80,USD
O101539,2025-11-13T19:01:43,2025-11-13,C0198,Customer 0198,SMB,SW,web,3,P300,Implementation Package,service,1,470.87,470.87,USD
O101540,2025-11-13T19:56:37,2025-11-13,C0024,Customer 0024,SMB,SW,mobile,1,P200,Analytics Add-on,addon,1,42.01,42.01,USD
O101540,2025-11-13T19:56:37,2025-11-13,C0024,Customer 0024,SMB,SW,mobile,2,P300,Implementation Package,service,1,512.67,512.67,USD
O101541,2025-11-13T19:01:22,2025-11-13,C0190,Customer 0190,Consumer,W,web,1,P100,Starter Subscription,subscription,1,28.58,28.58,USD
O101542,2025-11-13T10:07:18,2025-11-13,C0198,Customer 0198,SMB,SW,partner,1,P110,Professional Subscription,subscription,1,73.75,73.75,USD
O101542,2025-11-13T10:07:18,2025-11-13,C0198,Customer 0198,SMB,SW,partner,2,P120,Enterprise Subscription,subscription,1,198.14,198.14,USD
O101543,2025-11-13T09:27:28,2025-11-13,C0238,Customer 0238,Mid-Market,MW,web,1,P200,Analytics Add-on,addon,1,40.04,40.04,USD
O101544,2025-11-13T18:42:56,2025-11-13,C0194,Customer 0194,Consumer,W,web,1,P110,Professional Subscription,subscription,1,76.39,76.39,USD
O101544,2025-11-13T18:42:56,2025-11-13,C0194,Customer 0194,Consumer,W,web,2,P120,Enterprise Subscription,subscription,1,188.77,188.77,USD
O101544,2025-11-13T18:42:56,2025-11-13,C0194,Customer 0194,Consumer,W,web,3,P100,Starter Subscription,subscription,1,29.87,29.87,USD
O101545,2025-11-13T13:03:50,2025-11-13,C0022,Customer 0022,SMB,NE,web,1,P310,Training Package,service,1,286.79,286.79,USD
O101545,2025-11-13T13:03:50,2025-11-13,C0022,Customer 0022,SMB,NE,web,2,P120,Enterprise Subscription,subscription,1,196.01,196.01,USD
O101545,2025-11-13T13:03:50,2025-11-13,C0022,Customer 0022,SMB,NE,web,3,P210,Automation Add-on,addon,1,59.22,59.22,USD
O101546,2025-11-13T12:28:42,2025-11-13,C0181,Customer 0181,SMB,W,mobile,1,P100,Starter Subscription,subscription,1,30.72,30.72,USD
O101547,2025-11-13T13:47:44,2025-11-13,C0167,Customer 0167,Consumer,NE,partner,1,P210,Automation Add-on,addon,2,56.41,112.82,USD
O101547,2025-11-13T13:47:44,2025-11-13,C0167,Customer 0167,Consumer,NE,partner,2,P100,Starter Subscription,subscription,1,29.72,29.72,USD
O101548,2025-11-13T09:50:48,2025-11-13,C0090,Customer 0090,Consumer,NE,mobile,1,P300,Implementation Package,service,1,479.89,479.89,USD
O101548,2025-11-13T09:50:48,2025-11-13,C0090,Customer 0090,Consumer,NE,mobile,2,P110,Professional Subscription,subscription,1,80.86,80.86,USD
O101549,2025-11-13T09:47:28,2025-11-13,C0097,Customer 0097,Enterprise,NE,web,1,P200,Analytics Add-on,addon,1,36.34,36.34,USD
O101550,2025-11-13T17:06:43,2025-11-13,C0098,Customer 0098,SMB,W,web,1,P100,Starter Subscription,subscription,1,27.15,27.15,USD
O101551,2025-11-13T20:56:37,2025-11-13,C0202,Customer 0202,Mid-Market,SW,web,1,P300,Implementation Package,service,1,510.09,510.09,USD
O101552,2025-11-13T09:16:53,2025-11-13,C0212,Customer 0212,SMB,SE,partner,1,P100,Starter Subscription,subscription,1,30.84,30.84,USD
O101553,2025-11-13T11:59:46,2025-11-13,C0214,Customer 0214,Mid-Market,MW,mobile,1,P120,Enterprise Subscription,subscription,1,202.02,202.02,USD
O101554,2025-11-13T18:43:07,2025-11-13,C0073,Customer 0073,Mid-Market,SW,web,1,P310,Training Package,service,1,317.83,317.83,USD
O101555,2025-11-13T10:53:05,2025-11-13,C0185,Customer 0185,SMB,SE,web,1,P100,Starter Subscription,subscription,1,30.68,30.68,USD
O101556,2025-11-13T16:59:11,2025-11-13,C0166,Customer 0166,SMB,SE,mobile,1,P200,Analytics Add-on,addon,1,36.82,36.82,USD
O101557,2025-11-13T15:28:58,2025-11-13,C0033,Customer 0033,SMB,W,mobile,1,P200,Analytics Add-on,addon,2,37.98,75.96,USD
O101558,2025-11-13T14:26:32,2025-11-13,C0193,Customer 0193,Consumer,SW,web,1,P100,Starter Subscription,subscription,1,28.21,28.21,USD
O101558,2025-11-13T14:26:32,2025-11-13,C0193,Customer 0193,Consumer,SW,web,2,P300,Implementation Package,service,1,491.36,491.36,USD
O101559,2025-11-13T11:06:41,2025-11-13,C0049,Customer 0049,Mid-Market,SE,web,1,P300,Implementation Package,service,1,460.34,460.34,USD
O101559,2025-11-13T11:06:41,2025-11-13,C0049,Customer 0049,Mid-Market,SE,web,2,P100,Starter Subscription,subscription,1,28.53,28.53,USD
O101559,2025-11-13T11:06:41,2025-11-13,C0049,Customer 0049,Mid-Market,SE,web,3,P210,Automation Add-on,addon,1,59.38,59.38,USD
O101560,2025-11-13T11:36:30,2025-11-13,C0229,Customer 0229,SMB,SE,web,1,P200,Analytics Add-on,addon,1,37.50,37.50,USD
O101561,2025-11-13T18:11:51,2025-11-13,C0106,Customer 0106,SMB,MW,web,1,P200,Analytics Add-on,addon,2,39.66,79.32,USD
O101561,2025-11-13T18:11:51,2025-11-13,C0106,Customer 0106,SMB,MW,web,2,P210,Automation Add-on,addon,1,63.09,63.09,USD
O101562,2025-11-13T17:31:59,2025-11-13,C0228,Customer 0228,Consumer,SW,mobile,1,P300,Implementation Package,service,1,508.19,508.19,USD
O101563,2025-11-13T15:05:59,2025-11-13,C0176,Customer 0176,Mid-Market,SW,web,1,P100,Starter Subscription,subscription,1,27.58,27.58,USD
O101564,2025-11-13T18:59:18,2025-11-13,C0046,Customer 0046,Consumer,W,web,1,P120,Enterprise Subscription,subscription,1,211.51,211.51,USD
O101565,2025-11-14T13:16:02,2025-11-14,C0198,Customer 0198,SMB,SW,web,1,P310,Training Package,service,1,307.42,307.42,USD
O101566,2025-11-14T19:17:48,2025-11-14,C0045,Customer 0045,Consumer,MW,web,1,P210,Automation Add-on,addon,2,56.57,113.14,USD
O101567,2025-11-14T20:09:06,2025-11-14,C0114,Customer 0114,Consumer,MW,mobile,1,P110,Professional Subscription,subscription,1,82.36,82.36,USD
O101568,2025-11-14T10:51:24,2025-11-14,C0043,Customer 0043,Mid-Market,MW,web,1,P100,Starter Subscription,subscription,1,31.27,31.27,USD
O101569,2025-11-14T20:07:38,2025-11-14,C0086,Customer 0086,Consumer,SW,mobile,1,P100,Starter Subscription,subscription,1,29.25,29.25,USD
O101570,2025-11-14T10:45:11,2025-11-14,C0008,Customer 0008,SMB,W,mobile,1,P310,Training Package,service,1,322.64,322.64,USD
O101570,2025-11-14T10:45:11,2025-11-14,C0008,Customer 0008,SMB,W,mobile,2,P200,Analytics Add-on,addon,1,38.36,38.36,USD
O101570,2025-11-14T10:45:11,2025-11-14,C0008,Customer 0008,SMB,W,mobile,3,P300,Implementation Package,service,1,485.15,485.15,USD
O101571,2025-11-14T18:39:59,2025-11-14,C0222,Customer 0222,Consumer,NE,mobile,1,P300,Implementation Package,service,1,520.43,520.43,USD
O101571,2025-11-14T18:39:59,2025-11-14,C0222,Customer 0222,Consumer,NE,mobile,2,P310,Training Package,service,1,282.89,282.89,USD
O101572,2025-11-14T09:16:10,2025-11-14,C0024,Customer 0024,SMB,SW,mobile,1,P120,Enterprise Subscription,subscription,1,205.42,205.42,USD
O101573,2025-11-14T08:57:07,2025-11-14,C0066,Customer 0066,Consumer,NE,mobile,1,P200,Analytics Add-on,addon,1,38.76,38.76,USD
O101573,2025-11-14T08:57:07,2025-11-14,C0066,Customer 0066,Consumer,NE,mobile,2,P310,Training Package,service,1,293.59,293.59,USD
O101574,2025-11-14T15:10:01,2025-11-14,C0023,Customer 0023,Consumer,W,partner,1,P200,Analytics Add-on,addon,1,41.84,41.84,USD
O101574,2025-11-14T15:10:01,2025-11-14,C0023,Customer 0023,Consumer,W,partner,2,P210,Automation Add-on,addon,1,56.73,56.73,USD
O101574,2025-11-14T15:10:01,2025-11-14,C0023,Customer 0023,Consumer,W,partner,3,P310,Training Package,service,1,276.55,276.55,USD
O101575,2025-11-14T15:20:56,2025-11-14,C0225,Customer 0225,Enterprise,MW,web,1,P200,Analytics Add-on,addon,1,37.59,37.59,USD
O101576,2025-11-14T10:04:54,2025-11-14,C0082,Customer 0082,Consumer,SE,mobile,1,P120,Enterprise Subscription,subscription,1,193.42,193.42,USD
O101577,2025-11-14T11:41:43,2025-11-14,C0027,Customer 0027,Consumer,MW,web,1,P310,Training Package,service,1,286.66,286.66,USD
O101578,2025-11-14T14:03:07,2025-11-14,C0192,Customer 0192,Mid-Market,MW,mobile,1,P110,Professional Subscription,subscription,1,76.15,76.15,USD
O101578,2025-11-14T14:03:07,2025-11-14,C0192,Customer 0192,Mid-Market,MW,mobile,2,P100,Starter Subscription,subscription,1,29.91,29.91,USD
O101579,2025-11-14T13:09:53,2025-11-14,C0198,Customer 0198,SMB,SW,partner,1,P100,Starter Subscription,subscription,1,30.43,30.43,USD
O101579,2025-11-14T13:09:53,2025-11-14,C0198,Customer 0198,SMB,SW,partner,2,P300,Implementation Package,service,1,515.16,515.16,USD
O101580,2025-11-14T17:01:20,2025-11-14,C0044,Customer 0044,SMB,NE,mobile,1,P120,Enterprise Subscription,subscription,1,202.15,202.15,USD
O101580,2025-11-14T17:01:20,2025-11-14,C0044,Customer 0044,SMB,NE,mobile,2,P100,Starter Subscription,subscription,1,28.92,28.92,USD
O101581,2025-11-14T19:31:32,2025-11-14,C0046,Customer 0046,Consumer,W,mobile,1,P100,Starter Subscription,subscription,1,31.21,31.21,USD
O101581,2025-11-14T19:31:32,2025-11-14,C0046,Customer 0046,Consumer,W,mobile,2,P210,Automation Add-on,addon,2,61.31,122.62,USD
O101582,2025-11-14T11:05:11,2025-11-14,C0054,Customer 0054,Consumer,NE,web,1,P110,Professional Subscription,subscription,1,77.06,77.06,USD
O101583,2025-11-14T20:06:43,2025-11-14,C0047,Customer 0047,Consumer,MW,partner,1,P100,Starter Subscription,subscription,1,27.85,27.85,USD
O101583,2025-11-14T20:06:43,2025-11-14,C0047,Customer 0047,Consumer,MW,partner,2,P210,Automation Add-on,addon,1,58.43,58.43,USD
O101584,2025-11-14T17:08:42,2025-11-14,C0085,Customer 0085,Mid-Market,SW,partner,1,P110,Professional Subscription,subscription,1,82.88,82.88,USD
O101584,2025-11-14T17:08:42,2025-11-14,C0085,Customer 0085,Mid-Market,SW,partner,2,P300,Implementation Package,service,1,459.25,459.25,USD
O101585,2025-11-14T13:06:06,2025-11-14,C0062,Customer 0062,Consumer,SW,mobile,1,P110,Professional Subscription,subscription,1,75.30,75.30,USD
O101585,2025-11-14T13:06:06,2025-11-14,C0062,Customer 0062,Consumer,SW,mobile,2,P300,Implementation Package,service,1,467.62,467.62,USD
O101586,2025-11-14T10:58:02,2025-11-14,C0220,Customer 0220,Enterprise,SE,mobile,1,P210,Automation Add-on,addon,2,62.40,124.80,USD
O101586,2025-11-14T10:58:02,2025-11-14,C0220,Customer 0220,Enterprise,SE,mobile,2,P120,Enterprise Subscription,subscription,1,198.19,198.19,USD
O101587,2025-11-14T15:04:23,2025-11-14,C0054,Customer 0054,Consumer,NE,web,1,P200,Analytics Add-on,addon,2,37.76,75.52,USD
O101588,2025-11-14T12:53:23,2025-11-14,C0044,Customer 0044,SMB,NE,web,1,P310,Training Package,service,1,298.44,298.44,USD
O101589,2025-11-14T19:14:33,2025-11-14,C0167,Customer 0167,Consumer,NE,partner,1,P110,Professional Subscription,subscription,1,81.90,81.90,USD
O101590,2025-11-14T14:43:57,2025-11-14,C0106,Customer 0106,SMB,MW,web,1,P300,Implementation Package,service,1,491.14,491.14,USD
O101590,2025-11-14T14:43:57,2025-11-14,C0106,Customer 0106,SMB,MW,web,2,P310,Training Package,service,1,311.70,311.70,USD
O101591,2025-11-14T18:03:14,2025-11-14,C0066,Customer 0066,Consumer,NE,web,1,P200,Analytics Add-on,addon,1,38.91,38.91,USD
O101591,2025-11-14T18:03:14,2025-11-14,C0066,Customer 0066,Consumer,NE,web,2,P100,Starter Subscription,subscription,1,29.61,29.61,USD
O101592,2025-11-15T12:28:44,2025-11-15,C0213,Customer 0213,Consumer,W,web,1,P210,Automation Add-on,addon,1,63.08,63.08,USD
O101593,2025-11-15T09:08:01,2025-11-15,C0163,Customer 0163,Consumer,MW,mobile,1,P300,Implementation Package,service,1,508.69,508.69,USD
O101593,2025-11-15T09:08:01,2025-11-15,C0163,Customer 0163,Consumer,MW,mobile,2,P310,Training Package,service,1,297.88,297.88,USD
O101593,2025-11-15T09:08:01,2025-11-15,C0163,Customer 0163,Consumer,MW,mobile,3,P100,Starter Subscription,subscription,1,30.45,30.45,USD
O101594,2025-11-15T13:16:03,2025-11-15,C0009,Customer 0009,Consumer,NE,partner,1,P100,Starter Subscription,subscription,1,30.96,30.96,USD
O101594,2025-11-15T13:16:03,2025-11-15,C0009,Customer 0009,Consumer,NE,partner,2,P120,Enterprise Subscription,subscription,1,204.28,204.28,USD
O101595,2025-11-15T12:55:02,2025-11-15,C0021,Customer 0021,Mid-Market,SE,web,1,P100,Starter Subscription,subscription,1,29.60,29.60,USD
O101595,2025-11-15T12:55:02,2025-11-15,C0021,Customer 0021,Mid-Market,SE,web,2,P200,Analytics Add-on,addon,1,39.44,39.44,USD
O101596,2025-11-15T15:24:33,2025-11-15,C0160,Customer 0160,Mid-Market,SE,mobile,1,P210,Automation Add-on,addon,1,57.59,57.59,USD
O101597,2025-11-15T09:32:07,2025-11-15,C0021,Customer 0021,Mid-Market,SE,web,1,P310,Training Package,service,1,291.96,291.96,USD
O101597,2025-11-15T09:32:07,2025-11-15,C0021,Customer 0021,Mid-Market,SE,web,2,P200,Analytics Add-on,addon,2,39.99,79.98,USD
O101598,2025-11-15T15:16:04,2025-11-15,C0199,Customer 0199,Consumer,W,mobile,1,P200,Analytics Add-on,addon,2,40.01,80.02,USD
O101598,2025-11-15T15:16:04,2025-11-15,C0199,Customer 0199,Consumer,W,mobile,2,P310,Training Package,service,1,317.09,317.09,USD
O101599,2025-11-15T12:17:24,2025-11-15,C0066,Customer 0066,Consumer,NE,mobile,1,P310,Training Package,service,1,320.45,320.45,USD
O101600,2025-11-15T20:37:29,2025-11-15,C0041,Customer 0041,Consumer,NE,mobile,1,P210,Automation Add-on,addon,1,61.05,61.05,USD
O101601,2025-11-15T19:53:51,2025-11-15,C0144,Customer 0144,Consumer,W,web,1,P300,Implementation Package,service,1,535.53,535.53,USD
O101602,2025-11-15T10:22:07,2025-11-15,C0220,Customer 0220,Enterprise,SE,mobile,1,P200,Analytics Add-on,addon,1,36.67,36.67,USD
O101602,2025-11-15T10:22:07,2025-11-15,C0220,Customer 0220,Enterprise,SE,mobile,2,P100,Starter Subscription,subscription,1,29.18,29.18,USD
O101603,2025-11-15T15:27:55,2025-11-15,C0029,Customer 0029,Consumer,MW,mobile,1,P310,Training Package,service,1,300.48,300.48,USD
O101603,2025-11-15T15:27:55,2025-11-15,C0029,Customer 0029,Consumer,MW,mobile,2,P100,Starter Subscription,subscription,1,28.33,28.33,USD
O101604,2025-11-15T09:17:02,2025-11-15,C0235,Customer 0235,Consumer,W,web,1,P310,Training Package,service,1,297.47,297.47,USD
O101605,2025-11-15T20:20:08,2025-11-15,C0118,Customer 0118,SMB,SE,web,1,P110,Professional Subscription,subscription,1,84.69,84.69,USD
O101605,2025-11-15T20:20:08,2025-11-15,C0118,Customer 0118,SMB,SE,web,2,P200,Analytics Add-on,addon,1,41.71,41.71,USD
O101605,2025-11-15T20:20:08,2025-11-15,C0118,Customer 0118,SMB,SE,web,3,P120,Enterprise Subscription,subscription,1,200.58,200.58,USD
O101606,2025-11-15T15:10:30,2025-11-15,C0176,Customer 0176,Mid-Market,SW,partner,1,P210,Automation Add-on,addon,2,60.95,121.90,USD
O101607,2025-11-15T14:51:39,2025-11-15,C0105,Customer 0105,SMB,SE,web,1,P110,Professional Subscription,subscription,1,78.18,78.18,USD
O101607,2025-11-15T14:51:39,2025-11-15,C0105,Customer 0105,SMB,SE,web,2,P200,Analytics Add-on,addon,1,37.53,37.53,USD
O101608,2025-11-15T20:29:43,2025-11-15,C0223,Customer 0223,Consumer,MW,web,1,P200,Analytics Add-on,addon,1,38.50,38.50,USD
O101609,2025-11-15T08:30:39,2025-11-15,C0136,Customer 0136,SMB,SE,web,1,P200,Analytics Add-on,addon,2,36.17,72.34,USD
O101610,2025-11-15T18:22:58,2025-11-15,C0148,Customer 0148,Consumer,SE,mobile,1,P300,Implementation Package,service,1,514.51,514.51,USD
O101611,2025-11-15T17:24:27,2025-11-15,C0095,Customer 0095,SMB,SE,mobile,1,P120,Enterprise Subscription,subscription,1,189.98,189.98,USD
O101611,2025-11-15T17:24:27,2025-11-15,C0095,Customer 0095,SMB,SE,mobile,2,P110,Professional Subscription,subscription,1,84.66,84.66,USD
O101612,2025-11-15T19:15:00,2025-11-15,C0014,Customer 0014,Consumer,SW,mobile,1,P310,Training Package,service,1,297.80,297.80,USD
O101612,2025-11-15T19:15:00,2025-11-15,C0014,Customer 0014,Consumer,SW,mobile,2,P200,Analytics Add-on,addon,1,40.15,40.15,USD
O101613,2025-11-15T12:43:49,2025-11-15,C0163,Customer 0163,Consumer,MW,mobile,1,P200,Analytics Add-on,addon,1,38.34,38.34,USD
O101614,2025-11-16T20:10:38,2025-11-16,C0224,Customer 0224,Mid-Market,MW,web,1,P310,Training Package,service,1,290.08,290.08,USD
O101614,2025-11-16T20:10:38,2025-11-16,C0224,Customer 0224,Mid-Market,MW,web,2,P200,Analytics Add-on,addon,2,37.64,75.28,USD
O101615,2025-11-16T17:25:14,2025-11-16,C0075,Customer 0075,Consumer,NE,mobile,1,P100,Starter Subscription,subscription,1,29.38,29.38,USD
O101616,2025-11-16T19:29:17,2025-11-16,C0171,Customer 0171,Consumer,NE,mobile,1,P200,Analytics Add-on,addon,1,38.47,38.47,USD
O101617,2025-11-16T08:06:42,2025-11-16,C0022,Customer 0022,SMB,NE,partner,1,P110,Professional Subscription,subscription,1,77.91,77.91,USD
O101618,2025-11-16T12:54:44,2025-11-16,C0086,Customer 0086,Consumer,SW,mobile,1,P100,Starter Subscription,subscription,1,30.65,30.65,USD
O101618,2025-11-16T12:54:44,2025-11-16,C0086,Customer 0086,Consumer,SW,mobile,2,P110,Professional Subscription,subscription,1,85.01,85.01,USD
O101618,2025-11-16T12:54:44,2025-11-16,C0086,Customer 0086,Consumer,SW,mobile,3,P120,Enterprise Subscription,subscription,1,191.70,191.70,USD
O101619,2025-11-16T18:26:03,2025-11-16,C0234,Customer 0234,SMB,SW,mobile,1,P200,Analytics Add-on,addon,2,40.75,81.50,USD
O101620,2025-11-16T08:24:37,2025-11-16,C0194,Customer 0194,Consumer,W,partner,1,P300,Implementation Package,service,1,492.22,492.22,USD
O101620,2025-11-16T08:24:37,2025-11-16,C0194,Customer 0194,Consumer,W,partner,2,P210,Automation Add-on,addon,1,61.65,61.65,USD
O101621,2025-11-16T13:22:58,2025-11-16,C0202,Customer 0202,Mid-Market,SW,web,1,P200,Analytics Add-on,addon,1,40.49,40.49,USD
O101622,2025-11-16T13:52:07,2025-11-16,C0017,Customer 0017,Enterprise,NE,web,1,P300,Implementation Package,service,1,537.28,537.28,USD
O101622,2025-11-16T13:52:07,2025-11-16,C0017,Customer 0017,Enterprise,NE,web,2,P200,Analytics Add-on,addon,1,38.44,38.44,USD
O101623,2025-11-16T12:14:27,2025-11-16,C0020,Customer 0020,SMB,MW,web,1,P300,Implementation Package,service,1,533.48,533.48,USD
O101624,2025-11-16T08:00:57,2025-11-16,C0138,Customer 0138,Mid-Market,W,web,1,P120,Enterprise Subscription,subscription,1,188.78,188.78,USD
O101625,2025-11-16T09:16:13,2025-11-16,C0151,Customer 0151,Consumer,W,web,1,P310,Training Package,service,1,280.38,280.38,USD
O101625,2025-11-16T09:16:13,2025-11-16,C0151,Customer 0151,Consumer,W,web,2,P110,Professional Subscription,subscription,1,74.68,74.68,USD
O101626,2025-11-16T08:22:37,2025-11-16,C0198,Customer 0198,SMB,SW,mobile,1,P120,Enterprise Subscription,subscription,1,204.99,204.99,USD
O101627,2025-11-16T18:10:45,2025-11-16,C0224,Customer 0224,Mid-Market,MW,web,1,P300,Implementation Package,service,1,495.62,495.62,USD
O101627,2025-11-16T18:10:45,2025-11-16,C0224,Customer 0224,Mid-Market,MW,web,2,P110,Professional Subscription,subscription,1,75.54,75.54,USD
O101628,2025-11-16T14:59:55,2025-11-16,C0139,Customer 0139,Consumer,W,mobile,1,P100,Starter Subscription,subscription,1,27.30,27.30,USD
O101629,2025-11-16T11:52:57,2025-11-16,C0210,Customer 0210,SMB,NE,mobile,1,P100,Starter Subscription,subscription,1,30.47,30.47,USD
O101630,2025-11-16T14:00:45,2025-11-16,C0183,Customer 0183,SMB,MW,web,1,P300,Implementation Package,service,1,529.94,529.94,USD
O101630,2025-11-16T14:00:45,2025-11-16,C0183,Customer 0183,SMB,MW,web,2,P200,Analytics Add-on,addon,1,37.60,37.60,USD
O101631,2025-11-16T20:03:20,2025-11-16,C0176,Customer 0176,Mid-Market,SW,partner,1,P310,Training Package,service,1,317.90,317.90,USD
O101631,2025-11-16T20:03:20,2025-11-16,C0176,Customer 0176,Mid-Market,SW,partner,2,P100,Starter Subscription,subscription,1,29.21,29.21,USD
O101632,2025-11-16T10:22:20,2025-11-16,C0114,Customer 0114,Consumer,MW,web,1,P300,Implementation Package,service,1,470.26,470.26,USD
O101633,2025-11-17T16:01:22,2025-11-17,C0023,Customer 0023,Consumer,W,mobile,1,P100,Starter Subscription,subscription,1,26.78,26.78,USD
O101633,2025-11-17T16:01:22,2025-11-17,C0023,Customer 0023,Consumer,W,mobile,2,P110,Professional Subscription,subscription,1,81.69,81.69,USD
O101634,2025-11-17T17:09:50,2025-11-17,C0180,Customer 0180,SMB,SE,mobile,1,P210,Automation Add-on,addon,1,58.51,58.51,USD
O101635,2025-11-17T12:39:05,2025-11-17,C0217,Customer 0217,SMB,NE,web,1,P310,Training Package,service,1,278.41,278.41,USD
O101636,2025-11-17T19:20:44,2025-11-17,C0231,Customer 0231,Consumer,W,partner,1,P120,Enterprise Subscription,subscription,1,200.65,200.65,USD
O101636,2025-11-17T19:20:44,2025-11-17,C0231,Customer 0231,Consumer,W,partner,2,P310,Training Package,service,1,280.69,280.69,USD
O101636,2025-11-17T19:20:44,2025-11-17,C0231,Customer 0231,Consumer,W,partner,3,P200,Analytics Add-on,addon,1,40.59,40.59,USD
O101637,2025-11-17T20:15:06,2025-11-17,C0162,Customer 0162,SMB,W,mobile,1,P310,Training Package,service,1,282.03,282.03,USD
O101638,2025-11-17T14:27:32,2025-11-17,C0238,Customer 0238,Mid-Market,MW,web,1,P200,Analytics Add-on,addon,2,36.83,73.66,USD
O101639,2025-11-17T16:09:12,2025-11-17,C0199,Customer 0199,Consumer,W,web,1,P210,Automation Add-on,addon,1,55.16,55.16,USD
O101639,2025-11-17T16:09:12,2025-11-17,C0199,Customer 0199,Consumer,W,web,2,P200,Analytics Add-on,addon,2,39.26,78.52,USD
O101640,2025-11-17T17:24:00,2025-11-17,C0140,Customer 0140,Consumer,NE,web,1,P200,Analytics Add-on,addon,2,41.55,83.10,USD
O101640,2025-11-17T17:24:00,2025-11-17,C0140,Customer 0140,Consumer,NE,web,2,P210,Automation Add-on,addon,1,62.54,62.54,USD
O101641,2025-11-17T10:10:40,2025-11-17,C0153,Customer 0153,Consumer,W,web,1,P210,Automation Add-on,addon,2,58.46,116.92,USD
O101641,2025-11-17T10:10:40,2025-11-17,C0153,Customer 0153,Consumer,W,web,2,P200,Analytics Add-on,addon,1,36.65,36.65,USD
O101642,2025-11-17T08:11:06,2025-11-17,C0100,Customer 0100,Consumer,MW,web,1,P210,Automation Add-on,addon,1,58.27,58.27,USD
O101642,2025-11-17T08:11:06,2025-11-17,C0100,Customer 0100,Consumer,MW,web,2,P300,Implementation Package,service,1,492.81,492.81,USD
O101643,2025-11-17T15:01:18,2025-11-17,C0136,Customer 0136,SMB,SE,partner,1,P310,Training Package,service,1,320.75,320.75,USD
O101644,2025-11-17T11:12:53,2025-11-17,C0065,Customer 0065,Enterprise,NE,web,1,P110,Professional Subscription,subscription,1,81.81,81.81,USD
O101644,2025-11-17T11:12:53,2025-11-17,C0065,Customer 0065,Enterprise,NE,web,2,P200,Analytics Add-on,addon,1,38.08,38.08,USD
O101644,2025-11-17T11:12:53,2025-11-17,C0065,Customer 0065,Enterprise,NE,web,3,P310,Training Package,service,1,316.41,316.41,USD
O101645,2025-11-17T18:20:53,2025-11-17,C0131,Customer 0131,Consumer,SE,web,1,P120,Enterprise Subscription,subscription,1,204.22,204.22,USD
O101645,2025-11-17T18:20:53,2025-11-17,C0131,Customer 0131,Consumer,SE,web,2,P310,Training Package,service,1,289.47,289.47,USD
O101646,2025-11-17T13:49:16,2025-11-17,C0026,Customer 0026,Consumer,NE,web,1,P200,Analytics Add-on,addon,2,41.65,83.30,USD
O101647,2025-11-17T10:36:26,2025-11-17,C0108,Customer 0108,SMB,W,partner,1,P100,Starter Subscription,subscription,1,28.54,28.54,USD
O101647,2025-11-17T10:36:26,2025-11-17,C0108,Customer 0108,SMB,W,partner,2,P110,Professional Subscription,subscription,1,78.97,78.97,USD
O101647,2025-11-17T10:36:26,2025-11-17,C0108,Customer 0108,SMB,W,partner,3,P120,Enterprise Subscription,subscription,1,203.50,203.50,USD
O101648,2025-11-17T18:25:02,2025-11-17,C0002,Customer 0002,SMB,SE,web,1,P310,Training Package,service,1,295.55,295.55,USD
O101649,2025-11-17T19:15:02,2025-11-17,C0080,Customer 0080,Mid-Market,W,web,1,P210,Automation Add-on,addon,1,62.34,62.34,USD
O101650,2025-11-17T16:59:57,2025-11-17,C0147,Customer 0147,Enterprise,W,web,1,P110,Professional Subscription,subscription,1,82.46,82.46,USD
O101650,2025-11-17T16:59:57,2025-11-17,C0147,Customer 0147,Enterprise,W,web,2,P100,Starter Subscription,subscription,1,27.60,27.60,USD
O101650,2025-11-17T16:59:57,2025-11-17,C0147,Customer 0147,Enterprise,W,web,3,P200,Analytics Add-on,addon,1,38.45,38.45,USD
O101651,2025-11-17T12:11:09,2025-11-17,C0105,Customer 0105,SMB,SE,partner,1,P310,Training Package,service,1,289.92,289.92,USD
O101651,2025-11-17T12:11:09,2025-11-17,C0105,Customer 0105,SMB,SE,partner,2,P120,Enterprise Subscription,subscription,1,201.40,201.40,USD
O101651,2025-11-17T12:11:09,2025-11-17,C0105,Customer 0105,SMB,SE,partner,3,P110,Professional Subscription,subscription,1,76.56,76.56,USD
O101652,2025-11-17T16:34:46,2025-11-17,C0215,Customer 0215,SMB,W,web,1,P300,Implementation Package,service,1,530.96,530.96,USD
O101653,2025-11-18T17:31:29,2025-11-18,C0035,Customer 0035,SMB,SE,mobile,1,P310,Training Package,service,1,288.82,288.82,USD
O101654,2025-11-18T12:54:57,2025-11-18,C0014,Customer 0014,Consumer,SW,web,1,P120,Enterprise Subscription,subscription,1,203.34,203.34,USD
O101655,2025-11-18T16:10:37,2025-11-18,C0158,Customer 0158,SMB,W,mobile,1,P300,Implementation Package,service,1,479.81,479.81,USD
O101656,2025-11-18T13:30:36,2025-11-18,C0165,Customer 0165,Mid-Market,SE,mobile,1,P310,Training Package,service,1,315.68,315.68,USD
O101657,2025-11-18T18:18:15,2025-11-18,C0157,Customer 0157,Consumer,MW,web,1,P300,Implementation Package,service,1,521.63,521.63,USD
O101658,2025-11-18T13:16:16,2025-11-18,C0021,Customer 0021,Mid-Market,SE,mobile,1,P210,Automation Add-on,addon,1,60.28,60.28,USD
O101658,2025-11-18T13:16:16,2025-11-18,C0021,Customer 0021,Mid-Market,SE,mobile,2,P310,Training Package,service,1,296.88,296.88,USD
O101658,2025-11-18T13:16:16,2025-11-18,C0021,Customer 0021,Mid-Market,SE,mobile,3,P110,Professional Subscription,subscription,1,78.84,78.84,USD
O101659,2025-11-18T15:09:00,2025-11-18,C0086,Customer 0086,Consumer,SW,partner,1,P210,Automation Add-on,addon,1,56.69,56.69,USD
O101660,2025-11-18T17:51:06,2025-11-18,C0100,Customer 0100,Consumer,MW,mobile,1,P120,Enterprise Subscription,subscription,1,191.60,191.60,USD
O101661,2025-11-18T19:31:06,2025-11-18,C0213,Customer 0213,Consumer,W,web,1,P110,Professional Subscription,subscription,1,75.12,75.12,USD
O101662,2025-11-18T14:47:06,2025-11-18,C0158,Customer 0158,SMB,W,partner,1,P300,Implementation Package,service,1,463.12,463.12,USD
O101663,2025-11-18T09:40:08,2025-11-18,C0090,Customer 0090,Consumer,NE,partner,1,P300,Implementation Package,service,1,463.34,463.34,USD
O101664,2025-11-18T15:20:12,2025-11-18,C0157,Customer 0157,Consumer,MW,web,1,P120,Enterprise Subscription,subscription,1,204.36,204.36,USD
O101664,2025-11-18T15:20:12,2025-11-18,C0157,Customer 0157,Consumer,MW,web,2,P110,Professional Subscription,subscription,1,82.28,82.28,USD
O101665,2025-11-18T20:51:07,2025-11-18,C0208,Customer 0208,Consumer,NE,mobile,1,P300,Implementation Package,service,1,480.65,480.65,USD
O101666,2025-11-18T18:07:57,2025-11-18,C0083,Customer 0083,Mid-Market,SW,web,1,P300,Implementation Package,service,1,531.57,531.57,USD
O101667,2025-11-18T14:51:25,2025-11-18,C0159,Customer 0159,Consumer,SW,mobile,1,P310,Training Package,service,1,321.42,321.42,USD
O101667,2025-11-18T14:51:25,2025-11-18,C0159,Customer 0159,Consumer,SW,mobile,2,P100,Starter Subscription,subscription,1,30.02,30.02,USD
O101668,2025-11-18T14:54:41,2025-11-18,C0095,Customer 0095,SMB,SE,mobile,1,P200,Analytics Add-on,addon,2,38.74,77.48,USD
O101668,2025-11-18T14:54:41,2025-11-18,C0095,Customer 0095,SMB,SE,mobile,2,P120,Enterprise Subscription,subscription,1,189.21,189.21,USD
O101669,2025-11-18T20:19:57,2025-11-18,C0157,Customer 0157,Consumer,MW,partner,1,P110,Professional Subscription,subscription,1,76.61,76.61,USD
O101669,2025-11-18T20:19:57,2025-11-18,C0157,Customer 0157,Consumer,MW,partner,2,P100,Starter Subscription,subscription,1,28.93,28.93,USD
O101670,2025-11-18T17:00:31,2025-11-18,C0140,Customer 0140,Consumer,NE,mobile,1,P310,Training Package,service,1,295.07,295.07,USD
O101671,2025-11-18T18:30:28,2025-11-18,C0164,Customer 0164,Consumer,SE,mobile,1,P100,Starter Subscription,subscription,1,29.35,29.35,USD
O101671,2025-11-18T18:30:28,2025-11-18,C0164,Customer 0164,Consumer,SE,mobile,2,P210,Automation Add-on,addon,1,58.17,58.17,USD
O101672,2025-11-18T08:32:42,2025-11-18,C0057,Customer 0057,Mid-Market,W,mobile,1,P120,Enterprise Subscription,subscription,1,205.75,205.75,USD
O101673,2025-11-18T20:02:36,2025-11-18,C0004,Customer 0004,Enterprise,NE,mobile,1,P120,Enterprise Subscription,subscription,1,191.27,191.27,USD
O101674,2025-11-19T16:11:18,2025-11-19,C0233,Customer 0233,Mid-Market,SE,mobile,1,P210,Automation Add-on,addon,2,62.11,124.22,USD
O101675,2025-11-19T11:30:34,2025-11-19,C0164,Customer 0164,Consumer,SE,web,1,P300,Implementation Package,service,1,525.32,525.32,USD
O101676,2025-11-19T12:38:16,2025-11-19,C0079,Customer 0079,SMB,SE,web,1,P310,Training Package,service,1,301.22,301.22,USD
O101677,2025-11-19T16:04:57,2025-11-19,C0109,Customer 0109,Mid-Market,W,partner,1,P310,Training Package,service,1,278.94,278.94,USD
O101678,2025-11-19T15:31:45,2025-11-19,C0166,Customer 0166,SMB,SE,mobile,1,P120,Enterprise Subscription,subscription,1,188.70,188.70,USD
O101678,2025-11-19T15:31:45,2025-11-19,C0166,Customer 0166,SMB,SE,mobile,2,P300,Implementation Package,service,1,538.80,538.80,USD
O101678,2025-11-19T15:31:45,2025-11-19,C0166,Customer 0166,SMB,SE,mobile,3,P200,Analytics Add-on,addon,1,37.32,37.32,USD
O101679,2025-11-19T12:41:06,2025-11-19,C0108,Customer 0108,SMB,W,mobile,1,P310,Training Package,service,1,291.64,291.64,USD
O101680,2025-11-19T14:32:11,2025-11-19,C0043,Customer 0043,Mid-Market,MW,web,1,P120,Enterprise Subscription,subscription,1,194.88,194.88,USD
O101680,2025-11-19T14:32:11,2025-11-19,C0043,Customer 0043,Mid-Market,MW,web,2,P300,Implementation Package,service,1,474.93,474.93,USD
O101681,2025-11-19T13:23:51,2025-11-19,C0196,Customer 0196,SMB,SW,partner,1,P110,Professional Subscription,subscription,1,78.63,78.63,USD
O101682,2025-11-19T11:16:44,2025-11-19,C0072,Customer 0072,SMB,NE,web,1,P210,Automation Add-on,addon,2,58.84,117.68,USD
O101682,2025-11-19T11:16:44,2025-11-19,C0072,Customer 0072,SMB,NE,web,2,P120,Enterprise Subscription,subscription,1,201.42,201.42,USD
O101683,2025-11-19T12:02:30,2025-11-19,C0229,Customer 0229,SMB,SE,partner,1,P210,Automation Add-on,addon,1,56.05,56.05,USD
O101684,2025-11-19T10:48:12,2025-11-19,C0108,Customer 0108,SMB,W,partner,1,P200,Analytics Add-on,addon,1,41.18,41.18,USD
O101684,2025-11-19T10:48:12,2025-11-19,C0108,Customer 0108,SMB,W,partner,2,P310,Training Package,service,1,278.12,278.12,USD
O101685,2025-11-19T15:00:33,2025-11-19,C0138,Customer 0138,Mid-Market,W,web,1,P310,Training Package,service,1,286.95,286.95,USD
O101685,2025-11-19T15:00:33,2025-11-19,C0138,Customer 0138,Mid-Market,W,web,2,P120,Enterprise Subscription,subscription,1,188.95,188.95,USD
O101686,2025-11-19T08:34:56,2025-11-19,C0040,Customer 0040,SMB,W,mobile,1,P310,Training Package,service,1,314.84,314.84,USD
O101686,2025-11-19T08:34:56,2025-11-19,C0040,Customer 0040,SMB,W,mobile,2,P200,Analytics Add-on,addon,2,37.56,75.12,USD
O101687,2025-11-19T20:41:12,2025-11-19,C0152,Customer 0152,Consumer,MW,mobile,1,P100,Starter Subscription,subscription,1,26.85,26.85,USD
O101688,2025-11-19T08:15:26,2025-11-19,C0193,Customer 0193,Consumer,SW,mobile,1,P120,Enterprise Subscription,subscription,1,202.14,202.14,USD
O101688,2025-11-19T08:15:26,2025-11-19,C0193,Customer 0193,Consumer,SW,mobile,2,P200,Analytics Add-on,addon,2,41.83,83.66,USD
O101689,2025-11-19T08:33:04,2025-11-19,C0196,Customer 0196,SMB,SW,web,1,P200,Analytics Add-on,addon,1,39.60,39.60,USD
O101689,2025-11-19T08:33:04,2025-11-19,C0196,Customer 0196,SMB,SW,web,2,P100,Starter Subscription,subscription,1,27.49,27.49,USD
O101690,2025-11-19T20:07:53,2025-11-19,C0035,Customer 0035,SMB,SE,web,1,P310,Training Package,service,1,309.24,309.24,USD
O101691,2025-11-19T20:24:32,2025-11-19,C0085,Customer 0085,Mid-Market,SW,mobile,1,P100,Starter Subscription,subscription,1,29.26,29.26,USD
O101692,2025-11-19T09:08:04,2025-11-19,C0055,Customer 0055,Mid-Market,NE,web,1,P310,Training Package,service,1,311.02,311.02,USD
O101693,2025-11-19T16:56:36,2025-11-19,C0023,Customer 0023,Consumer,W,web,1,P110,Professional Subscription,subscription,1,73.90,73.90,USD
O101694,2025-11-19T09:13:42,2025-11-19,C0005,Customer 0005,SMB,SE,web,1,P100,Starter Subscription,subscription,1,30.63,30.63,USD
O101695,2025-11-19T08:27:47,2025-11-19,C0142,Customer 0142,SMB,SW,mobile,1,P300,Implementation Package,service,1,529.93,529.93,USD
O101696,2025-11-19T13:42:04,2025-11-19,C0225,Customer 0225,Enterprise,MW,mobile,1,P100,Starter Subscription,subscription,1,29.73,29.73,USD
O101696,2025-11-19T13:42:04,2025-11-19,C0225,Customer 0225,Enterprise,MW,mobile,2,P110,Professional Subscription,subscription,1,73.05,73.05,USD
O101696,2025-11-19T13:42:04,2025-11-19,C0225,Customer 0225,Enterprise,MW,mobile,3,P300,Implementation Package,service,1,490.68,490.68,USD
O101697,2025-11-19T11:36:03,2025-11-19,C0062,Customer 0062,Consumer,SW,web,1,P300,Implementation Package,service,1,537.35,537.35,USD
O101698,2025-11-19T16:15:41,2025-11-19,C0111,Customer 0111,Consumer,NE,web,1,P100,Starter Subscription,subscription,1,31.16,31.16,USD
O101699,2025-11-20T10:13:10,2025-11-20,C0006,Customer 0006,Consumer,W,web,1,P120,Enterprise Subscription,subscription,1,186.43,186.43,USD
O101700,2025-11-20T10:42:09,2025-11-20,C0166,Customer 0166,SMB,SE,mobile,1,P300,Implementation Package,service,1,517.63,517.63,USD
O101700,2025-11-20T10:42:09,2025-11-20,C0166,Customer 0166,SMB,SE,mobile,2,P120,Enterprise Subscription,subscription,1,204.54,204.54,USD
O101700,2025-11-20T10:42:09,2025-11-20,C0166,Customer 0166,SMB,SE,mobile,3,P110,Professional Subscription,subscription,1,77.05,77.05,USD
O101701,2025-11-20T19:30:07,2025-11-20,C0182,Customer 0182,Consumer,MW,mobile,1,P200,Analytics Add-on,addon,1,37.98,37.98,USD
O101702,2025-11-20T17:22:19,2025-11-20,C0185,Customer 0185,SMB,SE,web,1,P200,Analytics Add-on,addon,1,40.17,40.17,USD
O101702,2025-11-20T17:22:19,2025-11-20,C0185,Customer 0185,SMB,SE,web,2,P120,Enterprise Subscription,subscription,1,201.98,201.98,USD
O101702,2025-11-20T17:22:19,2025-11-20,C0185,Customer 0185,SMB,SE,web,3,P110,Professional Subscription,subscription,1,75.25,75.25,USD
O101703,2025-11-20T10:23:10,2025-11-20,C0043,Customer 0043,Mid-Market,MW,web,1,P110,Professional Subscription,subscription,1,75.06,75.06,USD
O101703,2025-11-20T10:23:10,2025-11-20,C0043,Customer 0043,Mid-Market,MW,web,2,P300,Implementation Package,service,1,518.40,518.40,USD
O101703,2025-11-20T10:23:10,2025-11-20,C0043,Customer 0043,Mid-Market,MW,web,3,P100,Starter Subscription,subscription,1,28.77,28.77,USD
O101704,2025-11-20T08:22:49,2025-11-20,C0158,Customer 0158,SMB,W,web,1,P210,Automation Add-on,addon,1,58.49,58.49,USD
O101705,2025-11-20T15:35:52,2025-11-20,C0067,Customer 0067,SMB,NE,web,1,P100,Starter Subscription,subscription,1,29.26,29.26,USD
O101706,2025-11-20T11:33:43,2025-11-20,C0065,Customer 0065,Enterprise,NE,partner,1,P120,Enterprise Subscription,subscription,1,187.57,187.57,USD
O101707,2025-11-20T17:49:56,2025-11-20,C0208,Customer 0208,Consumer,NE,web,1,P110,Professional Subscription,subscription,1,84.95,84.95,USD
O101707,2025-11-20T17:49:56,2025-11-20,C0208,Customer 0208,Consumer,NE,web,2,P100,Starter Subscription,subscription,1,28.95,28.95,USD
O101708,2025-11-20T09:37:55,2025-11-20,C0177,Customer 0177,Consumer,W,mobile,1,P120,Enterprise Subscription,subscription,1,209.97,209.97,USD
O101708,2025-11-20T09:37:55,2025-11-20,C0177,Customer 0177,Consumer,W,mobile,2,P100,Starter Subscription,subscription,1,30.77,30.77,USD
O101709,2025-11-20T15:27:38,2025-11-20,C0106,Customer 0106,SMB,MW,web,1,P210,Automation Add-on,addon,1,55.98,55.98,USD
O101709,2025-11-20T15:27:38,2025-11-20,C0106,Customer 0106,SMB,MW,web,2,P110,Professional Subscription,subscription,1,77.85,77.85,USD
O101709,2025-11-20T15:27:38,2025-11-20,C0106,Customer 0106,SMB,MW,web,3,P310,Training Package,service,1,282.93,282.93,USD
O101710,2025-11-20T12:04:43,2025-11-20,C0237,Customer 0237,Mid-Market,MW,web,1,P200,Analytics Add-on,addon,1,39.11,39.11,USD
O101711,2025-11-20T08:10:43,2025-11-20,C0203,Customer 0203,SMB,SW,web,1,P200,Analytics Add-on,addon,1,38.63,38.63,USD
O101711,2025-11-20T08:10:43,2025-11-20,C0203,Customer 0203,SMB,SW,web,2,P300,Implementation Package,service,1,517.27,517.27,USD
O101712,2025-11-20T09:51:27,2025-11-20,C0184,Customer 0184,SMB,MW,mobile,1,P100,Starter Subscription,subscription,1,26.98,26.98,USD
O101713,2025-11-20T16:20:37,2025-11-20,C0132,Customer 0132,SMB,NE,web,1,P200,Analytics Add-on,addon,2,40.41,80.82,USD
O101714,2025-11-20T09:25:23,2025-11-20,C0189,Customer 0189,SMB,SW,partner,1,P210,Automation Add-on,addon,1,62.68,62.68,USD
O101715,2025-11-20T20:27:53,2025-11-20,C0196,Customer 0196,SMB,SW,web,1,P110,Professional Subscription,subscription,1,81.40,81.40,USD
O101716,2025-11-20T19:30:12,2025-11-20,C0048,Customer 0048,Enterprise,SE,mobile,1,P210,Automation Add-on,addon,1,63.02,63.02,USD
O101716,2025-11-20T19:30:12,2025-11-20,C0048,Customer 0048,Enterprise,SE,mobile,2,P100,Starter Subscription,subscription,1,28.88,28.88,USD
O101716,2025-11-20T19:30:12,2025-11-20,C0048,Customer 0048,Enterprise,SE,mobile,3,P110,Professional Subscription,subscription,1,74.34,74.34,USD
O101717,2025-11-20T19:30:48,2025-11-20,C0019,Customer 0019,Consumer,NE,web,1,P110,Professional Subscription,subscription,1,79.14,79.14,USD
O101718,2025-11-20T16:32:42,2025-11-20,C0045,Customer 0045,Consumer,MW,web,1,P110,Professional Subscription,subscription,1,80.87,80.87,USD
O101718,2025-11-20T16:32:42,2025-11-20,C0045,Customer 0045,Consumer,MW,web,2,P210,Automation Add-on,addon,1,62.83,62.83,USD
O101719,2025-11-20T10:40:19,2025-11-20,C0113,Customer 0113,Enterprise,MW,mobile,1,P310,Training Package,service,1,307.57,307.57,USD
O101720,2025-11-20T09:54:09,2025-11-20,C0181,Customer 0181,SMB,W,mobile,1,P120,Enterprise Subscription,subscription,1,186.43,186.43,USD
O101720,2025-11-20T09:54:09,2025-11-20,C0181,Customer 0181,SMB,W,mobile,2,P310,Training Package,service,1,322.18,322.18,USD
O101720,2025-11-20T09:54:09,2025-11-20,C0181,Customer 0181,SMB,W,mobile,3,P200,Analytics Add-on,addon,1,36.11,36.11,USD
O101721,2025-11-20T18:04:45,2025-11-20,C0085,Customer 0085,Mid-Market,SW,web,1,P310,Training Package,service,1,302.93,302.93,USD
O101722,2025-11-20T09:57:55,2025-11-20,C0200,Customer 0200,Consumer,W,web,1,P120,Enterprise Subscription,subscription,1,198.42,198.42,USD
O101723,2025-11-20T14:02:18,2025-11-20,C0227,Customer 0227,Mid-Market,MW,web,1,P100,Starter Subscription,subscription,1,27.53,27.53,USD
O101724,2025-11-20T12:00:14,2025-11-20,C0151,Customer 0151,Consumer,W,mobile,1,P310,Training Package,service,1,309.82,309.82,USD
O101725,2025-11-20T09:39:52,2025-11-20,C0199,Customer 0199,Consumer,W,mobile,1,P100,Starter Subscription,subscription,1,27.64,27.64,USD
O101725,2025-11-20T09:39:52,2025-11-20,C0199,Customer 0199,Consumer,W,mobile,2,P200,Analytics Add-on,addon,1,40.11,40.11,USD
O101725,2025-11-20T09:39:52,2025-11-20,C0199,Customer 0199,Consumer,W,mobile,3,P210,Automation Add-on,addon,1,55.49,55.49,USD
O101726,2025-11-20T10:35:04,2025-11-20,C0163,Customer 0163,Consumer,MW,partner,1,P300,Implementation Package,service,1,512.54,512.54,USD
O101726,2025-11-20T10:35:04,2025-11-20,C0163,Customer 0163,Consumer,MW,partner,2,P200,Analytics Add-on,addon,1,40.77,40.77,USD
O101727,2025-11-21T15:24:25,2025-11-21,C0021,Customer 0021,Mid-Market,SE,web,1,P120,Enterprise Subscription,subscription,1,205.16,205.16,USD
O101727,2025-11-21T15:24:25,2025-11-21,C0021,Customer 0021,Mid-Market,SE,web,2,P310,Training Package,service,1,293.10,293.10,USD
O101728,2025-11-21T08:23:12,2025-11-21,C0107,Customer 0107,Consumer,MW,web,1,P110,Professional Subscription,subscription,1,82.95,82.95,USD
O101729,2025-11-21T15:16:21,2025-11-21,C0135,Customer 0135,Mid-Market,SE,web,1,P200,Analytics Add-on,addon,2,41.37,82.74,USD
O101729,2025-11-21T15:16:21,2025-11-21,C0135,Customer 0135,Mid-Market,SE,web,2,P100,Starter Subscription,subscription,1,30.70,30.70,USD
O101730,2025-11-21T20:35:31,2025-11-21,C0201,Customer 0201,Consumer,NE,web,1,P200,Analytics Add-on,addon,2,37.19,74.38,USD
O101731,2025-11-21T18:12:47,2025-11-21,C0178,Customer 0178,Consumer,W,web,1,P120,Enterprise Subscription,subscription,1,198.35,198.35,USD
O101731,2025-11-21T18:12:47,2025-11-21,C0178,Customer 0178,Consumer,W,web,2,P210,Automation Add-on,addon,1,55.03,55.03,USD
O101731,2025-11-21T18:12:47,2025-11-21,C0178,Customer 0178,Consumer,W,web,3,P200,Analytics Add-on,addon,1,38.82,38.82,USD
O101732,2025-11-21T14:53:37,2025-11-21,C0036,Customer 0036,Mid-Market,NE,web,1,P100,Starter Subscription,subscription,1,27.77,27.77,USD
O101733,2025-11-21T17:18:39,2025-11-21,C0231,Customer 0231,Consumer,W,web,1,P120,Enterprise Subscription,subscription,1,191.37,191.37,USD
O101734,2025-11-21T12:57:03,2025-11-21,C0122,Customer 0122,Consumer,W,web,1,P310,Training Package,service,1,304.31,304.31,USD
O101734,2025-11-21T12:57:03,2025-11-21,C0122,Customer 0122,Consumer,W,web,2,P210,Automation Add-on,addon,1,57.88,57.88,USD
O101734,2025-11-21T12:57:03,2025-11-21,C0122,Customer 0122,Consumer,W,web,3,P110,Professional Subscription,subscription,1,72.77,72.77,USD
O101735,2025-11-21T11:36:41,2025-11-21,C0028,Customer 0028,SMB,SE,mobile,1,P310,Training Package,service,1,303.81,303.81,USD
O101736,2025-11-21T16:25:11,2025-11-21,C0018,Customer 0018,Consumer,MW,web,1,P300,Implementation Package,service,1,491.91,491.91,USD
O101736,2025-11-21T16:25:11,2025-11-21,C0018,Customer 0018,Consumer,MW,web,2,P210,Automation Add-on,addon,1,62.80,62.80,USD
O101737,2025-11-21T14:25:23,2025-11-21,C0065,Customer 0065,Enterprise,NE,mobile,1,P200,Analytics Add-on,addon,1,36.07,36.07,USD
O101738,2025-11-21T10:55:33,2025-11-21,C0180,Customer 0180,SMB,SE,mobile,1,P210,Automation Add-on,addon,2,54.37,108.74,USD
O101738,2025-11-21T10:55:33,2025-11-21,C0180,Customer 0180,SMB,SE,mobile,2,P110,Professional Subscription,subscription,1,72.98,72.98,USD
O101739,2025-11-21T09:59:20,2025-11-21,C0070,Customer 0070,SMB,W,mobile,1,P300,Implementation Package,service,1,480.39,480.39,USD
O101740,2025-11-21T17:19:57,2025-11-21,C0216,Customer 0216,Consumer,SE,web,1,P120,Enterprise Subscription,subscription,1,191.25,191.25,USD
O101741,2025-11-21T18:26:23,2025-11-21,C0047,Customer 0047,Consumer,MW,mobile,1,P300,Implementation Package,service,1,538.85,538.85,USD
O101742,2025-11-21T20:32:39,2025-11-21,C0211,Customer 0211,SMB,NE,web,1,P210,Automation Add-on,addon,2,56.26,112.52,USD
O101742,2025-11-21T20:32:39,2025-11-21,C0211,Customer 0211,SMB,NE,web,2,P100,Starter Subscription,subscription,1,28.23,28.23,USD
O101742,2025-11-21T20:32:39,2025-11-21,C0211,Customer 0211,SMB,NE,web,3,P120,Enterprise Subscription,subscription,1,189.83,189.83,USD
O101743,2025-11-21T09:32:55,2025-11-21,C0159,Customer 0159,Consumer,SW,mobile,1,P300,Implementation Package,service,1,529.09,529.09,USD
O101744,2025-11-21T18:27:06,2025-11-21,C0161,Customer 0161,Mid-Market,SE,web,1,P300,Implementation Package,service,1,495.35,495.35,USD
O101744,2025-11-21T18:27:06,2025-11-21,C0161,Customer 0161,Mid-Market,SE,web,2,P120,Enterprise Subscription,subscription,1,203.43,203.43,USD
O101744,2025-11-21T18:27:06,2025-11-21,C0161,Customer 0161,Mid-Market,SE,web,3,P210,Automation Add-on,addon,1,57.38,57.38,USD
O101745,2025-11-21T20:58:46,2025-11-21,C0043,Customer 0043,Mid-Market,MW,mobile,1,P120,Enterprise Subscription,subscription,1,212.82,212.82,USD
O101746,2025-11-21T18:13:11,2025-11-21,C0196,Customer 0196,SMB,SW,mobile,1,P200,Analytics Add-on,addon,1,36.04,36.04,USD
O101747,2025-11-21T20:18:13,2025-11-21,C0149,Customer 0149,Mid-Market,MW,web,1,P120,Enterprise Subscription,subscription,1,185.61,185.61,USD
O101748,2025-11-21T18:37:54,2025-11-21,C0162,Customer 0162,SMB,W,mobile,1,P200,Analytics Add-on,addon,2,40.20,80.40,USD
O101749,2025-11-21T18:32:28,2025-11-21,C0207,Customer 0207,Consumer,SW,web,1,P120,Enterprise Subscription,subscription,1,184.78,184.78,USD
O101750,2025-11-22T18:50:16,2025-11-22,C0077,Customer 0077,SMB,SE,mobile,1,P100,Starter Subscription,subscription,1,28.90,28.90,USD
O101750,2025-11-22T18:50:16,2025-11-22,C0077,Customer 0077,SMB,SE,mobile,2,P300,Implementation Package,service,1,509.81,509.81,USD
O101751,2025-11-22T14:17:30,2025-11-22,C0170,Customer 0170,Mid-Market,SE,web,1,P300,Implementation Package,service,1,504.84,504.84,USD
O101752,2025-11-22T13:10:36,2025-11-22,C0024,Customer 0024,SMB,SW,partner,1,P200,Analytics Add-on,addon,1,36.31,36.31,USD
O101753,2025-11-22T14:29:41,2025-11-22,C0016,Customer 0016,Enterprise,W,web,1,P210,Automation Add-on,addon,1,54.96,54.96,USD
O101753,2025-11-22T14:29:41,2025-11-22,C0016,Customer 0016,Enterprise,W,web,2,P310,Training Package,service,1,280.93,280.93,USD
O101753,2025-11-22T14:29:41,2025-11-22,C0016,Customer 0016,Enterprise,W,web,3,P300,Implementation Package,service,1,468.49,468.49,USD
O101754,2025-11-22T13:49:25,2025-11-22,C0189,Customer 0189,SMB,SW,web,1,P300,Implementation Package,service,1,518.18,518.18,USD
O101754,2025-11-22T13:49:25,2025-11-22,C0189,Customer 0189,SMB,SW,web,2,P200,Analytics Add-on,addon,2,39.81,79.62,USD
O101755,2025-11-22T15:33:18,2025-11-22,C0212,Customer 0212,SMB,SE,web,1,P120,Enterprise Subscription,subscription,1,190.00,190.00,USD
O101755,2025-11-22T15:33:18,2025-11-22,C0212,Customer 0212,SMB,SE,web,2,P110,Professional Subscription,subscription,1,73.22,73.22,USD
O101756,2025-11-22T10:25:49,2025-11-22,C0007,Customer 0007,Consumer,W,web,1,P200,Analytics Add-on,addon,1,37.14,37.14,USD
O101757,2025-11-22T08:34:49,2025-11-22,C0064,Customer 0064,SMB,W,partner,1,P300,Implementation Package,service,1,503.26,503.26,USD
O101757,2025-11-22T08:34:49,2025-11-22,C0064,Customer 0064,SMB,W,partner,2,P120,Enterprise Subscription,subscription,1,214.07,214.07,USD
O101758,2025-11-22T19:25:33,2025-11-22,C0028,Customer 0028,SMB,SE,web,1,P100,Starter Subscription,subscription,1,31.16,31.16,USD
O101759,2025-11-22T12:06:18,2025-11-22,C0213,Customer 0213,Consumer,W,web,1,P310,Training Package,service,1,304.11,304.11,USD
O101760,2025-11-22T17:23:05,2025-11-22,C0213,Customer 0213,Consumer,W,web,1,P100,Starter Subscription,subscription,1,31.20,31.20,USD
O101760,2025-11-22T17:23:05,2025-11-22,C0213,Customer 0213,Consumer,W,web,2,P110,Professional Subscription,subscription,1,80.91,80.91,USD
O101760,2025-11-22T17:23:05,2025-11-22,C0213,Customer 0213,Consumer,W,web,3,P300,Implementation Package,service,1,511.50,511.50,USD
O101761,2025-11-22T17:26:04,2025-11-22,C0184,Customer 0184,SMB,MW,mobile,1,P300,Implementation Package,service,1,507.67,507.67,USD
O101762,2025-11-22T17:34:03,2025-11-22,C0007,Customer 0007,Consumer,W,web,1,P210,Automation Add-on,addon,1,56.76,56.76,USD
O101763,2025-11-22T12:57:44,2025-11-22,C0038,Customer 0038,Mid-Market,NE,web,1,P200,Analytics Add-on,addon,1,36.47,36.47,USD
O101763,2025-11-22T12:57:44,2025-11-22,C0038,Customer 0038,Mid-Market,NE,web,2,P310,Training Package,service,1,300.76,300.76,USD
O101764,2025-11-22T16:45:37,2025-11-22,C0044,Customer 0044,SMB,NE,web,1,P120,Enterprise Subscription,subscription,1,199.83,199.83,USD
O101765,2025-11-22T12:00:16,2025-11-22,C0058,Customer 0058,SMB,W,mobile,1,P310,Training Package,service,1,287.15,287.15,USD
O101765,2025-11-22T12:00:16,2025-11-22,C0058,Customer 0058,SMB,W,mobile,2,P300,Implementation Package,service,1,532.54,532.54,USD
O101766,2025-11-22T13:44:42,2025-11-22,C0064,Customer 0064,SMB,W,web,1,P120,Enterprise Subscription,subscription,1,191.38,191.38,USD
O101767,2025-11-22T11:07:11,2025-11-22,C0171,Customer 0171,Consumer,NE,web,1,P210,Automation Add-on,addon,1,56.14,56.14,USD
O101768,2025-11-22T09:51:16,2025-11-22,C0105,Customer 0105,SMB,SE,web,1,P210,Automation Add-on,addon,1,54.59,54.59,USD
O101768,2025-11-22T09:51:16,2025-11-22,C0105,Customer 0105,SMB,SE,web,2,P300,Implementation Package,service,1,467.05,467.05,USD
O101769,2025-11-23T14:41:32,2025-11-23,C0083,Customer 0083,Mid-Market,SW,partner,1,P310,Training Package,service,1,303.86,303.86,USD
O101770,2025-11-23T17:15:29,2025-11-23,C0178,Customer 0178,Consumer,W,web,1,P310,Training Package,service,1,294.98,294.98,USD
O101771,2025-11-23T08:00:44,2025-11-23,C0131,Customer 0131,Consumer,SE,web,1,P110,Professional Subscription,subscription,1,78.44,78.44,USD
O101772,2025-11-23T09:03:54,2025-11-23,C0117,Customer 0117,Consumer,MW,web,1,P200,Analytics Add-on,addon,2,36.94,73.88,USD
O101772,2025-11-23T09:03:54,2025-11-23,C0117,Customer 0117,Consumer,MW,web,2,P210,Automation Add-on,addon,1,56.22,56.22,USD
O101773,2025-11-23T13:34:49,2025-11-23,C0056,Customer 0056,Consumer,SE,partner,1,P110,Professional Subscription,subscription,1,81.57,81.57,USD
O101774,2025-11-23T15:54:09,2025-11-23,C0090,Customer 0090,Consumer,NE,partner,1,P120,Enterprise Subscription,subscription,1,203.93,203.93,USD
O101774,2025-11-23T15:54:09,2025-11-23,C0090,Customer 0090,Consumer,NE,partner,2,P200,Analytics Add-on,addon,2,39.10,78.20,USD
O101775,2025-11-23T18:42:10,2025-11-23,C0084,Customer 0084,Consumer,NE,mobile,1,P210,Automation Add-on,addon,2,60.09,120.18,USD
O101776,2025-11-23T20:33:25,2025-11-23,C0142,Customer 0142,SMB,SW,web,1,P100,Starter Subscription,subscription,1,31.23,31.23,USD
O101777,2025-11-23T13:22:52,2025-11-23,C0033,Customer 0033,SMB,W,partner,1,P310,Training Package,service,1,295.25,295.25,USD
O101777,2025-11-23T13:22:52,2025-11-23,C0033,Customer 0033,SMB,W,partner,2,P300,Implementation Package,service,1,461.04,461.04,USD
O101778,2025-11-23T08:25:57,2025-11-23,C0178,Customer 0178,Consumer,W,mobile,1,P120,Enterprise Subscription,subscription,1,207.95,207.95,USD
O101778,2025-11-23T08:25:57,2025-11-23,C0178,Customer 0178,Consumer,W,mobile,2,P300,Implementation Package,service,1,463.12,463.12,USD
O101778,2025-11-23T08:25:57,2025-11-23,C0178,Customer 0178,Consumer,W,mobile,3,P310,Training Package,service,1,319.99,319.99,USD
O101779,2025-11-23T20:43:03,2025-11-23,C0220,Customer 0220,Enterprise,SE,web,1,P200,Analytics Add-on,addon,1,39.88,39.88,USD
O101779,2025-11-23T20:43:03,2025-11-23,C0220,Customer 0220,Enterprise,SE,web,2,P110,Professional Subscription,subscription,1,76.57,76.57,USD
O101780,2025-11-23T19:22:22,2025-11-23,C0093,Customer 0093,SMB,W,web,1,P210,Automation Add-on,addon,1,63.16,63.16,USD
O101781,2025-11-23T16:22:08,2025-11-23,C0160,Customer 0160,Mid-Market,SE,mobile,1,P210,Automation Add-on,addon,1,58.58,58.58,USD
O101781,2025-11-23T16:22:08,2025-11-23,C0160,Customer 0160,Mid-Market,SE,mobile,2,P120,Enterprise Subscription,subscription,1,192.21,192.21,USD
O101782,2025-11-23T09:33:06,2025-11-23,C0219,Customer 0219,Consumer,SE,mobile,1,P110,Professional Subscription,subscription,1,80.83,80.83,USD
O101782,2025-11-23T09:33:06,2025-11-23,C0219,Customer 0219,Consumer,SE,mobile,2,P210,Automation Add-on,addon,1,60.46,60.46,USD
O101783,2025-11-23T15:44:50,2025-11-23,C0097,Customer 0097,Enterprise,NE,web,1,P110,Professional Subscription,subscription,1,83.17,83.17,USD
O101783,2025-11-23T15:44:50,2025-11-23,C0097,Customer 0097,Enterprise,NE,web,2,P200,Analytics Add-on,addon,2,39.77,79.54,USD
O101783,2025-11-23T15:44:50,2025-11-23,C0097,Customer 0097,Enterprise,NE,web,3,P100,Starter Subscription,subscription,1,26.69,26.69,USD
O101784,2025-11-23T09:44:59,2025-11-23,C0189,Customer 0189,SMB,SW,web,1,P200,Analytics Add-on,addon,1,37.80,37.80,USD
O101785,2025-11-23T16:48:59,2025-11-23,C0205,Customer 0205,Consumer,SW,web,1,P120,Enterprise Subscription,subscription,1,200.20,200.20,USD
O101786,2025-11-24T13:37:58,2025-11-24,C0062,Customer 0062,Consumer,SW,web,1,P110,Professional Subscription,subscription,1,82.35,82.35,USD
O101787,2025-11-24T20:18:38,2025-11-24,C0027,Customer 0027,Consumer,MW,web,1,P110,Professional Subscription,subscription,1,78.95,78.95,USD
O101787,2025-11-24T20:18:38,2025-11-24,C0027,Customer 0027,Consumer,MW,web,2,P310,Training Package,service,1,277.70,277.70,USD
O101788,2025-11-24T12:43:26,2025-11-24,C0054,Customer 0054,Consumer,NE,web,1,P300,Implementation Package,service,1,536.56,536.56,USD
O101788,2025-11-24T12:43:26,2025-11-24,C0054,Customer 0054,Consumer,NE,web,2,P200,Analytics Add-on,addon,1,37.41,37.41,USD
O101789,2025-11-24T10:41:12,2025-11-24,C0122,Customer 0122,Consumer,W,mobile,1,P120,Enterprise Subscription,subscription,1,206.33,206.33,USD
O101789,2025-11-24T10:41:12,2025-11-24,C0122,Customer 0122,Consumer,W,mobile,2,P100,Starter Subscription,subscription,1,30.37,30.37,USD
O101789,2025-11-24T10:41:12,2025-11-24,C0122,Customer 0122,Consumer,W,mobile,3,P310,Training Package,service,1,290.01,290.01,USD
O101790,2025-11-24T20:25:57,2025-11-24,C0012,Customer 0012,SMB,NE,web,1,P110,Professional Subscription,subscription,1,80.43,80.43,USD
O101791,2025-11-24T11:21:23,2025-11-24,C0058,Customer 0058,SMB,W,partner,1,P210,Automation Add-on,addon,1,59.85,59.85,USD
O101792,2025-11-24T11:52:55,2025-11-24,C0183,Customer 0183,SMB,MW,mobile,1,P100,Starter Subscription,subscription,1,31.20,31.20,USD
O101792,2025-11-24T11:52:55,2025-11-24,C0183,Customer 0183,SMB,MW,mobile,2,P200,Analytics Add-on,addon,1,38.41,38.41,USD
O101792,2025-11-24T11:52:55,2025-11-24,C0183,Customer 0183,SMB,MW,mobile,3,P210,Automation Add-on,addon,1,54.29,54.29,USD
O101793,2025-11-24T19:08:10,2025-11-24,C0183,Customer 0183,SMB,MW,web,1,P100,Starter Subscription,subscription,1,27.85,27.85,USD
O101794,2025-11-24T17:05:48,2025-11-24,C0088,Customer 0088,Consumer,SE,mobile,1,P310,Training Package,service,1,322.06,322.06,USD
O101794,2025-11-24T17:05:48,2025-11-24,C0088,Customer 0088,Consumer,SE,mobile,2,P120,Enterprise Subscription,subscription,1,187.76,187.76,USD
O101795,2025-11-24T12:59:21,2025-11-24,C0163,Customer 0163,Consumer,MW,web,1,P300,Implementation Package,service,1,506.55,506.55,USD
O101796,2025-11-24T18:43:10,2025-11-24,C0140,Customer 0140,Consumer,NE,web,1,P100,Starter Subscription,subscription,1,29.65,29.65,USD
O101797,2025-11-24T20:34:48,2025-11-24,C0015,Customer 0015,SMB,SW,partner,1,P310,Training Package,service,1,297.01,297.01,USD
O101797,2025-11-24T20:34:48,2025-11-24,C0015,Customer 0015,SMB,SW,partner,2,P200,Analytics Add-on,addon,1,37.22,37.22,USD
O101798,2025-11-24T15:12:58,2025-11-24,C0033,Customer 0033,SMB,W,web,1,P200,Analytics Add-on,addon,1,36.31,36.31,USD
O101798,2025-11-24T15:12:58,2025-11-24,C0033,Customer 0033,SMB,W,web,2,P310,Training Package,service,1,310.76,310.76,USD
O101798,2025-11-24T15:12:58,2025-11-24,C0033,Customer 0033,SMB,W,web,3,P110,Professional Subscription,subscription,1,84.23,84.23,USD
O101799,2025-11-24T12:27:10,2025-11-24,C0017,Customer 0017,Enterprise,NE,mobile,1,P110,Professional Subscription,subscription,1,84.64,84.64,USD
O101800,2025-11-24T08:49:37,2025-11-24,C0175,Customer 0175,Enterprise,W,partner,1,P310,Training Package,service,1,315.81,315.81,USD
O101801,2025-11-24T10:44:39,2025-11-24,C0107,Customer 0107,Consumer,MW,mobile,1,P200,Analytics Add-on,addon,1,36.58,36.58,USD
O101802,2025-11-24T13:15:48,2025-11-24,C0006,Customer 0006,Consumer,W,web,1,P120,Enterprise Subscription,subscription,1,200.95,200.95,USD
O101802,2025-11-24T13:15:48,2025-11-24,C0006,Customer 0006,Consumer,W,web,2,P310,Training Package,service,1,292.37,292.37,USD
O101803,2025-11-24T12:25:43,2025-11-24,C0129,Customer 0129,Consumer,SE,web,1,P300,Implementation Package,service,1,519.22,519.22,USD
O101804,2025-11-24T10:29:54,2025-11-24,C0171,Customer 0171,Consumer,NE,partner,1,P100,Starter Subscription,subscription,1,28.22,28.22,USD
O101804,2025-11-24T10:29:54,2025-11-24,C0171,Customer 0171,Consumer,NE,partner,2,P300,Implementation Package,service,1,469.47,469.47,USD
O101804,2025-11-24T10:29:54,2025-11-24,C0171,Customer 0171,Consumer,NE,partner,3,P110,Professional Subscription,subscription,1,81.32,81.32,USD
O101805,2025-11-24T12:30:02,2025-11-24,C0103,Customer 0103,Consumer,NE,web,1,P120,Enterprise Subscription,subscription,1,188.51,188.51,USD
O101806,2025-11-25T20:53:13,2025-11-25,C0216,Customer 0216,Consumer,SE,web,1,P310,Training Package,service,1,309.11,309.11,USD
O101807,2025-11-25T10:10:23,2025-11-25,C0192,Customer 0192,Mid-Market,MW,web,1,P200,Analytics Add-on,addon,2,38.65,77.30,USD
O101807,2025-11-25T10:10:23,2025-11-25,C0192,Customer 0192,Mid-Market,MW,web,2,P120,Enterprise Subscription,subscription,1,197.03,197.03,USD
O101808,2025-11-25T19:02:06,2025-11-25,C0018,Customer 0018,Consumer,MW,web,1,P120,Enterprise Subscription,subscription,1,194.92,194.92,USD
O101808,2025-11-25T19:02:06,2025-11-25,C0018,Customer 0018,Consumer,MW,web,2,P210,Automation Add-on,addon,2,60.32,120.64,USD
O101808,2025-11-25T19:02:06,2025-11-25,C0018,Customer 0018,Consumer,MW,web,3,P100,Starter Subscription,subscription,1,31.05,31.05,USD
O101809,2025-11-25T09:46:53,2025-11-25,C0177,Customer 0177,Consumer,W,mobile,1,P110,Professional Subscription,subscription,1,79.87,79.87,USD
O101809,2025-11-25T09:46:53,2025-11-25,C0177,Customer 0177,Consumer,W,mobile,2,P100,Starter Subscription,subscription,1,27.65,27.65,USD
O101809,2025-11-25T09:46:53,2025-11-25,C0177,Customer 0177,Consumer,W,mobile,3,P120,Enterprise Subscription,subscription,1,205.78,205.78,USD
O101810,2025-11-25T15:35:20,2025-11-25,C0132,Customer 0132,SMB,NE,web,1,P310,Training Package,service,1,295.68,295.68,USD
O101811,2025-11-25T09:21:07,2025-11-25,C0030,Customer 0030,Consumer,SW,web,1,P200,Analytics Add-on,addon,1,37.48,37.48,USD
O101811,2025-11-25T09:21:07,2025-11-25,C0030,Customer 0030,Consumer,SW,web,2,P110,Professional Subscription,subscription,1,82.18,82.18,USD
O101811,2025-11-25T09:21:07,2025-11-25,C0030,Customer 0030,Consumer,SW,web,3,P310,Training Package,service,1,304.57,304.57,USD
O101812,2025-11-25T10:00:28,2025-11-25,C0048,Customer 0048,Enterprise,SE,web,1,P210,Automation Add-on,addon,1,57.31,57.31,USD
O101812,2025-11-25T10:00:28,2025-11-25,C0048,Customer 0048,Enterprise,SE,web,2,P300,Implementation Package,service,1,516.93,516.93,USD
O101813,2025-11-25T17:47:41,2025-11-25,C0004,Customer 0004,Enterprise,NE,mobile,1,P100,Starter Subscription,subscription,1,30.55,30.55,USD
O101814,2025-11-25T10:51:22,2025-11-25,C0160,Customer 0160,Mid-Market,SE,web,1,P300,Implementation Package,service,1,485.49,485.49,USD
O101815,2025-11-25T10:36:40,2025-11-25,C0197,Customer 0197,Mid-Market,SW,mobile,1,P200,Analytics Add-on,addon,1,37.06,37.06,USD
O101815,2025-11-25T10:36:40,2025-11-25,C0197,Customer 0197,Mid-Market,SW,mobile,2,P110,Professional Subscription,subscription,1,81.98,81.98,USD
O101816,2025-11-25T09:45:44,2025-11-25,C0092,Customer 0092,Mid-Market,W,partner,1,P300,Implementation Package,service,1,519.92,519.92,USD
O101817,2025-11-25T14:03:56,2025-11-25,C0216,Customer 0216,Consumer,SE,mobile,1,P200,Analytics Add-on,addon,1,41.98,41.98,USD
O101817,2025-11-25T14:03:56,2025-11-25,C0216,Customer 0216,Consumer,SE,mobile,2,P210,Automation Add-on,addon,1,59.52,59.52,USD
O101817,2025-11-25T14:03:56,2025-11-25,C0216,Customer 0216,Consumer,SE,mobile,3,P310,Training Package,service,1,275.16,275.16,USD
O101818,2025-11-25T17:38:41,2025-11-25,C0056,Customer 0056,Consumer,SE,partner,1,P200,Analytics Add-on,addon,2,38.40,76.80,USD
O101819,2025-11-25T16:53:02,2025-11-25,C0195,Customer 0195,Consumer,SW,web,1,P120,Enterprise Subscription,subscription,1,193.00,193.00,USD
O101819,2025-11-25T16:53:02,2025-11-25,C0195,Customer 0195,Consumer,SW,web,2,P200,Analytics Add-on,addon,1,39.53,39.53,USD
O101819,2025-11-25T16:53:02,2025-11-25,C0195,Customer 0195,Consumer,SW,web,3,P310,Training Package,service,1,310.90,310.90,USD
O101820,2025-11-25T15:25:05,2025-11-25,C0011,Customer 0011,SMB,MW,mobile,1,P210,Automation Add-on,addon,2,62.76,125.52,USD
O101820,2025-11-25T15:25:05,2025-11-25,C0011,Customer 0011,SMB,MW,mobile,2,P100,Starter Subscription,subscription,1,28.12,28.12,USD
O101821,2025-11-25T15:22:41,2025-11-25,C0086,Customer 0086,Consumer,SW,partner,1,P110,Professional Subscription,subscription,1,76.75,76.75,USD
O101821,2025-11-25T15:22:41,2025-11-25,C0086,Customer 0086,Consumer,SW,partner,2,P210,Automation Add-on,addon,2,59.36,118.72,USD
O101822,2025-11-25T11:38:59,2025-11-25,C0073,Customer 0073,Mid-Market,SW,web,1,P100,Starter Subscription,subscription,1,27.47,27.47,USD
O101823,2025-11-25T08:36:29,2025-11-25,C0158,Customer 0158,SMB,W,web,1,P210,Automation Add-on,addon,1,62.65,62.65,USD
O101823,2025-11-25T08:36:29,2025-11-25,C0158,Customer 0158,SMB,W,web,2,P120,Enterprise Subscription,subscription,1,195.77,195.77,USD
O101824,2025-11-25T08:21:17,2025-11-25,C0027,Customer 0027,Consumer,MW,mobile,1,P100,Starter Subscription,subscription,1,30.04,30.04,USD
O101824,2025-11-25T08:21:17,2025-11-25,C0027,Customer 0027,Consumer,MW,mobile,2,P110,Professional Subscription,subscription,1,72.92,72.92,USD
O101825,2025-11-25T11:54:12,2025-11-25,C0148,Customer 0148,Consumer,SE,mobile,1,P120,Enterprise Subscription,subscription,1,194.30,194.30,USD
O101826,2025-11-25T13:14:49,2025-11-25,C0113,Customer 0113,Enterprise,MW,mobile,1,P200,Analytics Add-on,addon,1,36.53,36.53,USD
O101826,2025-11-25T13:14:49,2025-11-25,C0113,Customer 0113,Enterprise,MW,mobile,2,P310,Training Package,service,1,309.30,309.30,USD
O101827,2025-11-25T09:01:24,2025-11-25,C0012,Customer 0012,SMB,NE,partner,1,P120,Enterprise Subscription,subscription,1,199.18,199.18,USD
O101828,2025-11-25T14:12:33,2025-11-25,C0141,Customer 0141,SMB,MW,partner,1,P120,Enterprise Subscription,subscription,1,195.08,195.08,USD
O101829,2025-11-25T09:39:02,2025-11-25,C0205,Customer 0205,Consumer,SW,mobile,1,P300,Implementation Package,service,1,500.31,500.31,USD
O101829,2025-11-25T09:39:02,2025-11-25,C0205,Customer 0205,Consumer,SW,mobile,2,P200,Analytics Add-on,addon,1,36.35,36.35,USD
O101830,2025-11-26T16:13:12,2025-11-26,C0023,Customer 0023,Consumer,W,mobile,1,P100,Starter Subscription,subscription,1,28.09,28.09,USD
O101831,2025-11-26T13:21:00,2025-11-26,C0115,Customer 0115,Consumer,MW,web,1,P300,Implementation Package,service,1,484.52,484.52,USD
O101832,2025-11-26T19:04:41,2025-11-26,C0107,Customer 0107,Consumer,MW,web,1,P310,Training Package,service,1,282.56,282.56,USD
O101832,2025-11-26T19:04:41,2025-11-26,C0107,Customer 0107,Consumer,MW,web,2,P300,Implementation Package,service,1,514.92,514.92,USD
O101833,2025-11-26T08:52:46,2025-11-26,C0016,Customer 0016,Enterprise,W,mobile,1,P300,Implementation Package,service,1,499.86,499.86,USD
O101834,2025-11-26T14:21:16,2025-11-26,C0123,Customer 0123,Consumer,W,web,1,P200,Analytics Add-on,addon,1,37.65,37.65,USD
O101835,2025-11-26T18:24:30,2025-11-26,C0058,Customer 0058,SMB,W,web,1,P120,Enterprise Subscription,subscription,1,207.33,207.33,USD
O101836,2025-11-26T17:16:28,2025-11-26,C0220,Customer 0220,Enterprise,SE,web,1,P120,Enterprise Subscription,subscription,1,198.84,198.84,USD
O101837,2025-11-26T16:28:04,2025-11-26,C0038,Customer 0038,Mid-Market,NE,partner,1,P300,Implementation Package,service,1,500.41,500.41,USD
O101838,2025-11-26T16:48:00,2025-11-26,C0210,Customer 0210,SMB,NE,web,1,P210,Automation Add-on,addon,1,60.91,60.91,USD
O101839,2025-11-26T14:10:04,2025-11-26,C0032,Customer 0032,SMB,W,mobile,1,P200,Analytics Add-on,addon,1,37.34,37.34,USD
O101840,2025-11-26T16:08:11,2025-11-26,C0020,Customer 0020,SMB,MW,web,1,P300,Implementation Package,service,1,509.38,509.38,USD
O101841,2025-11-26T17:09:21,2025-11-26,C0118,Customer 0118,SMB,SE,web,1,P110,Professional Subscription,subscription,1,75.11,75.11,USD
O101842,2025-11-26T13:56:20,2025-11-26,C0017,Customer 0017,Enterprise,NE,web,1,P110,Professional Subscription,subscription,1,84.67,84.67,USD
O101843,2025-11-26T13:00:54,2025-11-26,C0090,Customer 0090,Consumer,NE,web,1,P110,Professional Subscription,subscription,1,81.46,81.46,USD
O101844,2025-11-26T11:06:44,2025-11-26,C0011,Customer 0011,SMB,MW,mobile,1,P200,Analytics Add-on,addon,2,39.99,79.98,USD
O101845,2025-11-26T16:43:51,2025-11-26,C0131,Customer 0131,Consumer,SE,partner,1,P210,Automation Add-on,addon,1,56.50,56.50,USD
O101846,2025-11-26T17:18:09,2025-11-26,C0036,Customer 0036,Mid-Market,NE,mobile,1,P310,Training Package,service,1,279.37,279.37,USD
O101846,2025-11-26T17:18:09,2025-11-26,C0036,Customer 0036,Mid-Market,NE,mobile,2,P100,Starter Subscription,subscription,1,30.53,30.53,USD
O101847,2025-11-26T10:46:37,2025-11-26,C0131,Customer 0131,Consumer,SE,mobile,1,P310,Training Package,service,1,314.34,314.34,USD
O101848,2025-11-26T13:43:44,2025-11-26,C0002,Customer 0002,SMB,SE,web,1,P100,Starter Subscription,subscription,1,27.05,27.05,USD
O101849,2025-11-26T17:47:06,2025-11-26,C0122,Customer 0122,Consumer,W,mobile,1,P210,Automation Add-on,addon,1,59.97,59.97,USD
O101849,2025-11-26T17:47:06,2025-11-26,C0122,Customer 0122,Consumer,W,mobile,2,P300,Implementation Package,service,1,464.39,464.39,USD
O101850,2025-11-26T16:00:06,2025-11-26,C0108,Customer 0108,SMB,W,mobile,1,P310,Training Package,service,1,306.73,306.73,USD
O101851,2025-11-26T11:11:50,2025-11-26,C0092,Customer 0092,Mid-Market,W,mobile,1,P300,Implementation Package,service,1,513.14,513.14,USD
O101851,2025-11-26T11:11:50,2025-11-26,C0092,Customer 0092,Mid-Market,W,mobile,2,P110,Professional Subscription,subscription,1,85.29,85.29,USD
O101851,2025-11-26T11:11:50,2025-11-26,C0092,Customer 0092,Mid-Market,W,mobile,3,P120,Enterprise Subscription,subscription,1,200.49,200.49,USD
O101852,2025-11-26T13:57:48,2025-11-26,C0009,Customer 0009,Consumer,NE,mobile,1,P310,Training Package,service,1,307.24,307.24,USD
O101853,2025-11-26T13:43:32,2025-11-26,C0130,Customer 0130,SMB,MW,partner,1,P300,Implementation Package,service,1,462.50,462.50,USD
O101854,2025-11-27T20:35:26,2025-11-27,C0142,Customer 0142,SMB,SW,mobile,1,P210,Automation Add-on,addon,1,60.81,60.81,USD
O101854,2025-11-27T20:35:26,2025-11-27,C0142,Customer 0142,SMB,SW,mobile,2,P120,Enterprise Subscription,subscription,1,197.63,197.63,USD
O101855,2025-11-27T19:42:06,2025-11-27,C0078,Customer 0078,Mid-Market,SW,mobile,1,P300,Implementation Package,service,1,513.53,513.53,USD
O101855,2025-11-27T19:42:06,2025-11-27,C0078,Customer 0078,Mid-Market,SW,mobile,2,P110,Professional Subscription,subscription,1,81.09,81.09,USD
O101856,2025-11-27T19:36:34,2025-11-27,C0200,Customer 0200,Consumer,W,web,1,P310,Training Package,service,1,277.88,277.88,USD
O101857,2025-11-27T19:02:38,2025-11-27,C0193,Customer 0193,Consumer,SW,web,1,P310,Training Package,service,1,281.56,281.56,USD
O101858,2025-11-27T13:40:24,2025-11-27,C0087,Customer 0087,Mid-Market,W,mobile,1,P110,Professional Subscription,subscription,1,81.87,81.87,USD
O101858,2025-11-27T13:40:24,2025-11-27,C0087,Customer 0087,Mid-Market,W,mobile,2,P310,Training Package,service,1,313.30,313.30,USD
O101858,2025-11-27T13:40:24,2025-11-27,C0087,Customer 0087,Mid-Market,W,mobile,3,P210,Automation Add-on,addon,1,57.94,57.94,USD
O101859,2025-11-27T10:33:41,2025-11-27,C0070,Customer 0070,SMB,W,web,1,P200,Analytics Add-on,addon,1,37.95,37.95,USD
O101860,2025-11-27T13:21:05,2025-11-27,C0096,Customer 0096,SMB,W,mobile,1,P300,Implementation Package,service,1,536.90,536.90,USD
O101861,2025-11-27T08:57:09,2025-11-27,C0042,Customer 0042,Consumer,MW,mobile,1,P200,Analytics Add-on,addon,1,37.84,37.84,USD
O101861,2025-11-27T08:57:09,2025-11-27,C0042,Customer 0042,Consumer,MW,mobile,2,P110,Professional Subscription,subscription,1,74.02,74.02,USD
O101862,2025-11-27T09:13:04,2025-11-27,C0030,Customer 0030,Consumer,SW,web,1,P120,Enterprise Subscription,subscription,1,188.97,188.97,USD
O101863,2025-11-27T17:59:41,2025-11-27,C0103,Customer 0103,Consumer,NE,web,1,P210,Automation Add-on,addon,1,60.85,60.85,USD
O101864,2025-11-27T11:36:26,2025-11-27,C0049,Customer 0049,Mid-Market,SE,web,1,P200,Analytics Add-on,addon,2,41.27,82.54,USD
O101864,2025-11-27T11:36:26,2025-11-27,C0049,Customer 0049,Mid-Market,SE,web,2,P100,Starter Subscription,subscription,1,29.00,29.00,USD
O101864,2025-11-27T11:36:26,2025-11-27,C0049,Customer 0049,Mid-Market,SE,web,3,P300,Implementation Package,service,1,462.89,462.89,USD
O101865,2025-11-27T11:07:26,2025-11-27,C0060,Customer 0060,Consumer,MW,partner,1,P200,Analytics Add-on,addon,2,38.82,77.64,USD
O101865,2025-11-27T11:07:26,2025-11-27,C0060,Customer 0060,Consumer,MW,partner,2,P310,Training Package,service,1,307.53,307.53,USD
O101865,2025-11-27T11:07:26,2025-11-27,C0060,Customer 0060,Consumer,MW,partner,3,P210,Automation Add-on,addon,1,59.78,59.78,USD
O101866,2025-11-27T08:58:12,2025-11-27,C0150,Customer 0150,Mid-Market,NE,web,1,P120,Enterprise Subscription,subscription,1,212.88,212.88,USD
O101867,2025-11-27T09:04:56,2025-11-27,C0161,Customer 0161,Mid-Market,SE,partner,1,P210,Automation Add-on,addon,2,57.18,114.36,USD
O101867,2025-11-27T09:04:56,2025-11-27,C0161,Customer 0161,Mid-Market,SE,partner,2,P120,Enterprise Subscription,subscription,1,184.64,184.64,USD
O101868,2025-11-27T08:18:19,2025-11-27,C0110,Customer 0110,Consumer,W,web,1,P300,Implementation Package,service,1,495.69,495.69,USD
O101869,2025-11-27T12:23:44,2025-11-27,C0190,Customer 0190,Consumer,W,web,1,P300,Implementation Package,service,1,510.35,510.35,USD
O101869,2025-11-27T12:23:44,2025-11-27,C0190,Customer 0190,Consumer,W,web,2,P110,Professional Subscription,subscription,1,80.77,80.77,USD
O101870,2025-11-27T19:03:30,2025-11-27,C0201,Customer 0201,Consumer,NE,partner,1,P310,Training Package,service,1,305.26,305.26,USD
O101870,2025-11-27T19:03:30,2025-11-27,C0201,Customer 0201,Consumer,NE,partner,2,P120,Enterprise Subscription,subscription,1,194.97,194.97,USD
O101871,2025-11-27T13:24:28,2025-11-27,C0142,Customer 0142,SMB,SW,mobile,1,P120,Enterprise Subscription,subscription,1,194.73,194.73,USD
O101872,2025-11-27T08:26:18,2025-11-27,C0019,Customer 0019,Consumer,NE,partner,1,P200,Analytics Add-on,addon,1,38.23,38.23,USD
O101873,2025-11-27T11:10:07,2025-11-27,C0147,Customer 0147,Enterprise,W,mobile,1,P300,Implementation Package,service,1,526.10,526.10,USD
O101874,2025-11-27T09:57:47,2025-11-27,C0019,Customer 0019,Consumer,NE,web,1,P300,Implementation Package,service,1,472.70,472.70,USD
O101875,2025-11-27T20:13:17,2025-11-27,C0174,Customer 0174,Mid-Market,SW,partner,1,P200,Analytics Add-on,addon,1,41.51,41.51,USD
O101876,2025-11-27T16:36:12,2025-11-27,C0234,Customer 0234,SMB,SW,mobile,1,P120,Enterprise Subscription,subscription,1,188.31,188.31,USD
O101877,2025-11-27T13:59:10,2025-11-27,C0057,Customer 0057,Mid-Market,W,web,1,P120,Enterprise Subscription,subscription,1,184.49,184.49,USD
O101878,2025-11-27T14:06:25,2025-11-27,C0044,Customer 0044,SMB,NE,mobile,1,P300,Implementation Package,service,1,483.91,483.91,USD
O101879,2025-11-28T18:23:16,2025-11-28,C0167,Customer 0167,Consumer,NE,web,1,P100,Starter Subscription,subscription,1,30.20,30.20,USD
O101880,2025-11-28T18:17:49,2025-11-28,C0102,Customer 0102,Consumer,SW,web,1,P200,Analytics Add-on,addon,2,40.62,81.24,USD
O101880,2025-11-28T18:17:49,2025-11-28,C0102,Customer 0102,Consumer,SW,web,2,P100,Starter Subscription,subscription,1,30.81,30.81,USD
O101880,2025-11-28T18:17:49,2025-11-28,C0102,Customer 0102,Consumer,SW,web,3,P120,Enterprise Subscription,subscription,1,210.85,210.85,USD
O101881,2025-11-28T13:07:11,2025-11-28,C0131,Customer 0131,Consumer,SE,web,1,P300,Implementation Package,service,1,473.34,473.34,USD
O101881,2025-11-28T13:07:11,2025-11-28,C0131,Customer 0131,Consumer,SE,web,2,P200,Analytics Add-on,addon,2,36.36,72.72,USD
O101882,2025-11-28T13:53:33,2025-11-28,C0067,Customer 0067,SMB,NE,partner,1,P310,Training Package,service,1,317.02,317.02,USD
O101883,2025-11-28T14:24:41,2025-11-28,C0134,Customer 0134,SMB,SW,web,1,P100,Starter Subscription,subscription,1,28.91,28.91,USD
O101884,2025-11-28T08:15:57,2025-11-28,C0144,Customer 0144,Consumer,W,web,1,P120,Enterprise Subscription,subscription,1,204.80,204.80,USD
O101884,2025-11-28T08:15:57,2025-11-28,C0144,Customer 0144,Consumer,W,web,2,P110,Professional Subscription,subscription,1,75.41,75.41,USD
O101885,2025-11-28T11:46:46,2025-11-28,C0157,Customer 0157,Consumer,MW,mobile,1,P300,Implementation Package,service,1,476.19,476.19,USD
O101885,2025-11-28T11:46:46,2025-11-28,C0157,Customer 0157,Consumer,MW,mobile,2,P210,Automation Add-on,addon,1,54.56,54.56,USD
O101885,2025-11-28T11:46:46,2025-11-28,C0157,Customer 0157,Consumer,MW,mobile,3,P310,Training Package,service,1,297.63,297.63,USD
O101886,2025-11-28T20:19:21,2025-11-28,C0069,Customer 0069,Consumer,SE,mobile,1,P120,Enterprise Subscription,subscription,1,202.26,202.26,USD
O101887,2025-11-28T20:55:11,2025-11-28,C0049,Customer 0049,Mid-Market,SE,mobile,1,P120,Enterprise Subscription,subscription,1,185.80,185.80,USD
O101887,2025-11-28T20:55:11,2025-11-28,C0049,Customer 0049,Mid-Market,SE,mobile,2,P310,Training Package,service,1,306.90,306.90,USD
O101887,2025-11-28T20:55:11,2025-11-28,C0049,Customer 0049,Mid-Market,SE,mobile,3,P100,Starter Subscription,subscription,1,28.25,28.25,USD
O101888,2025-11-28T18:05:32,2025-11-28,C0017,Customer 0017,Enterprise,NE,web,1,P110,Professional Subscription,subscription,1,78.41,78.41,USD
O101888,2025-11-28T18:05:32,2025-11-28,C0017,Customer 0017,Enterprise,NE,web,2,P300,Implementation Package,service,1,474.51,474.51,USD
O101888,2025-11-28T18:05:32,2025-11-28,C0017,Customer 0017,Enterprise,NE,web,3,P100,Starter Subscription,subscription,1,29.34,29.34,USD
O101889,2025-11-28T10:12:24,2025-11-28,C0048,Customer 0048,Enterprise,SE,web,1,P300,Implementation Package,service,1,504.86,504.86,USD
O101890,2025-11-28T20:17:45,2025-11-28,C0121,Customer 0121,SMB,NE,partner,1,P110,Professional Subscription,subscription,1,73.93,73.93,USD
O101891,2025-11-28T17:59:23,2025-11-28,C0046,Customer 0046,Consumer,W,web,1,P120,Enterprise Subscription,subscription,1,199.19,199.19,USD
O101891,2025-11-28T17:59:23,2025-11-28,C0046,Customer 0046,Consumer,W,web,2,P100,Starter Subscription,subscription,1,27.63,27.63,USD
O101892,2025-11-28T09:44:28,2025-11-28,C0058,Customer 0058,SMB,W,partner,1,P300,Implementation Package,service,1,530.44,530.44,USD
O101892,2025-11-28T09:44:28,2025-11-28,C0058,Customer 0058,SMB,W,partner,2,P100,Starter Subscription,subscription,1,28.45,28.45,USD
O101893,2025-11-28T18:09:02,2025-11-28,C0177,Customer 0177,Consumer,W,web,1,P210,Automation Add-on,addon,2,59.87,119.74,USD
O101894,2025-11-28T11:46:26,2025-11-28,C0083,Customer 0083,Mid-Market,SW,web,1,P210,Automation Add-on,addon,1,55.33,55.33,USD
O101895,2025-11-28T11:24:30,2025-11-28,C0213,Customer 0213,Consumer,W,web,1,P120,Enterprise Subscription,subscription,1,198.49,198.49,USD
O101896,2025-11-28T08:17:05,2025-11-28,C0219,Customer 0219,Consumer,SE,mobile,1,P110,Professional Subscription,subscription,1,73.50,73.50,USD
O101897,2025-11-28T10:40:23,2025-11-28,C0156,Customer 0156,Enterprise,SW,web,1,P200,Analytics Add-on,addon,1,40.87,40.87,USD
O101897,2025-11-28T10:40:23,2025-11-28,C0156,Customer 0156,Enterprise,SW,web,2,P120,Enterprise Subscription,subscription,1,191.37,191.37,USD
O101898,2025-11-28T15:26:52,2025-11-28,C0089,Customer 0089,SMB,NE,mobile,1,P120,Enterprise Subscription,subscription,1,185.91,185.91,USD
O101899,2025-11-28T09:13:09,2025-11-28,C0049,Customer 0049,Mid-Market,SE,mobile,1,P200,Analytics Add-on,addon,1,37.14,37.14,USD
O101899,2025-11-28T09:13:09,2025-11-28,C0049,Customer 0049,Mid-Market,SE,mobile,2,P210,Automation Add-on,addon,1,59.34,59.34,USD
O101899,2025-11-28T09:13:09,2025-11-28,C0049,Customer 0049,Mid-Market,SE,mobile,3,P110,Professional Subscription,subscription,1,81.31,81.31,USD
O101900,2025-11-28T15:44:26,2025-11-28,C0059,Customer 0059,Consumer,W,web,1,P210,Automation Add-on,addon,1,55.20,55.20,USD
O101901,2025-11-28T12:34:26,2025-11-28,C0156,Customer 0156,Enterprise,SW,web,1,P210,Automation Add-on,addon,2,58.64,117.28,USD
O101901,2025-11-28T12:34:26,2025-11-28,C0156,Customer 0156,Enterprise,SW,web,2,P310,Training Package,service,1,282.28,282.28,USD
O101902,2025-11-28T14:29:53,2025-11-28,C0149,Customer 0149,Mid-Market,MW,web,1,P110,Professional Subscription,subscription,1,79.64,79.64,USD
O101903,2025-11-28T18:56:28,2025-11-28,C0203,Customer 0203,SMB,SW,mobile,1,P120,Enterprise Subscription,subscription,1,204.32,204.32,USD
O101903,2025-11-28T18:56:28,2025-11-28,C0203,Customer 0203,SMB,SW,mobile,2,P100,Starter Subscription,subscription,1,26.68,26.68,USD
O101904,2025-11-28T08:17:07,2025-11-28,C0186,Customer 0186,Mid-Market,SE,mobile,1,P100,Starter Subscription,subscription,1,29.06,29.06,USD
O101905,2025-11-28T15:32:12,2025-11-28,C0062,Customer 0062,Consumer,SW,mobile,1,P210,Automation Add-on,addon,1,57.54,57.54,USD
O101906,2025-11-29T08:07:27,2025-11-29,C0054,Customer 0054,Consumer,NE,mobile,1,P310,Training Package,service,1,312.87,312.87,USD
O101907,2025-11-29T16:46:52,2025-11-29,C0029,Customer 0029,Consumer,MW,web,1,P300,Implementation Package,service,1,466.43,466.43,USD
O101907,2025-11-29T16:46:52,2025-11-29,C0029,Customer 0029,Consumer,MW,web,2,P210,Automation Add-on,addon,1,60.61,60.61,USD
O101907,2025-11-29T16:46:52,2025-11-29,C0029,Customer 0029,Consumer,MW,web,3,P110,Professional Subscription,subscription,1,83.86,83.86,USD
O101908,2025-11-29T20:53:42,2025-11-29,C0036,Customer 0036,Mid-Market,NE,mobile,1,P120,Enterprise Subscription,subscription,1,190.71,190.71,USD
O101909,2025-11-29T10:03:14,2025-11-29,C0160,Customer 0160,Mid-Market,SE,web,1,P210,Automation Add-on,addon,1,57.31,57.31,USD
O101909,2025-11-29T10:03:14,2025-11-29,C0160,Customer 0160,Mid-Market,SE,web,2,P100,Starter Subscription,subscription,1,29.50,29.50,USD
O101910,2025-11-29T13:52:13,2025-11-29,C0099,Customer 0099,Enterprise,MW,partner,1,P300,Implementation Package,service,1,463.27,463.27,USD
O101911,2025-11-29T19:57:44,2025-11-29,C0163,Customer 0163,Consumer,MW,partner,1,P300,Implementation Package,service,1,483.25,483.25,USD
O101911,2025-11-29T19:57:44,2025-11-29,C0163,Customer 0163,Consumer,MW,partner,2,P120,Enterprise Subscription,subscription,1,192.89,192.89,USD
O101912,2025-11-29T17:39:03,2025-11-29,C0085,Customer 0085,Mid-Market,SW,web,1,P300,Implementation Package,service,1,506.74,506.74,USD
O101912,2025-11-29T17:39:03,2025-11-29,C0085,Customer 0085,Mid-Market,SW,web,2,P310,Training Package,service,1,322.74,322.74,USD
O101913,2025-11-29T20:56:38,2025-11-29,C0233,Customer 0233,Mid-Market,SE,web,1,P310,Training Package,service,1,314.91,314.91,USD
O101914,2025-11-29T09:29:24,2025-11-29,C0090,Customer 0090,Consumer,NE,web,1,P210,Automation Add-on,addon,1,55.39,55.39,USD
O101914,2025-11-29T09:29:24,2025-11-29,C0090,Customer 0090,Consumer,NE,web,2,P310,Training Package,service,1,282.94,282.94,USD
O101915,2025-11-29T17:57:46,2025-11-29,C0009,Customer 0009,Consumer,NE,mobile,1,P100,Starter Subscription,subscription,1,28.99,28.99,USD
O101915,2025-11-29T17:57:46,2025-11-29,C0009,Customer 0009,Consumer,NE,mobile,2,P120,Enterprise Subscription,subscription,1,212.33,212.33,USD
O101916,2025-11-29T18:31:31,2025-11-29,C0083,Customer 0083,Mid-Market,SW,mobile,1,P210,Automation Add-on,addon,1,62.41,62.41,USD
O101917,2025-11-29T16:29:00,2025-11-29,C0106,Customer 0106,SMB,MW,web,1,P120,Enterprise Subscription,subscription,1,195.11,195.11,USD
O101918,2025-11-29T10:01:40,2025-11-29,C0164,Customer 0164,Consumer,SE,mobile,1,P110,Professional Subscription,subscription,1,74.07,74.07,USD
O101919,2025-11-29T12:37:54,2025-11-29,C0119,Customer 0119,Consumer,SE,web,1,P300,Implementation Package,service,1,466.87,466.87,USD
O101920,2025-11-29T13:09:08,2025-11-29,C0183,Customer 0183,SMB,MW,mobile,1,P300,Implementation Package,service,1,484.76,484.76,USD
O101921,2025-11-29T14:54:01,2025-11-29,C0054,Customer 0054,Consumer,NE,mobile,1,P100,Starter Subscription,subscription,1,28.14,28.14,USD
O101921,2025-11-29T14:54:01,2025-11-29,C0054,Customer 0054,Consumer,NE,mobile,2,P310,Training Package,service,1,275.22,275.22,USD
O101922,2025-11-29T10:05:01,2025-11-29,C0070,Customer 0070,SMB,W,mobile,1,P300,Implementation Package,service,1,499.71,499.71,USD
O101923,2025-11-29T08:36:13,2025-11-29,C0156,Customer 0156,Enterprise,SW,web,1,P310,Training Package,service,1,322.03,322.03,USD
O101923,2025-11-29T08:36:13,2025-11-29,C0156,Customer 0156,Enterprise,SW,web,2,P200,Analytics Add-on,addon,1,41.05,41.05,USD
O101924,2025-11-29T15:47:03,2025-11-29,C0125,Customer 0125,Mid-Market,NE,mobile,1,P310,Training Package,service,1,281.37,281.37,USD
O101925,2025-11-29T09:01:00,2025-11-29,C0109,Customer 0109,Mid-Market,W,web,1,P310,Training Package,service,1,278.76,278.76,USD
O101926,2025-11-29T13:59:40,2025-11-29,C0144,Customer 0144,Consumer,W,mobile,1,P200,Analytics Add-on,addon,1,39.42,39.42,USD
O101927,2025-11-29T10:17:05,2025-11-29,C0061,Customer 0061,Consumer,MW,mobile,1,P300,Implementation Package,service,1,496.23,496.23,USD
O101928,2025-11-30T16:09:11,2025-11-30,C0013,Customer 0013,Consumer,W,partner,1,P210,Automation Add-on,addon,1,60.50,60.50,USD
O101929,2025-11-30T20:06:31,2025-11-30,C0071,Customer 0071,Mid-Market,SW,web,1,P310,Training Package,service,1,312.45,312.45,USD
O101930,2025-11-30T13:47:42,2025-11-30,C0215,Customer 0215,SMB,W,web,1,P300,Implementation Package,service,1,523.50,523.50,USD
O101931,2025-11-30T17:26:35,2025-11-30,C0125,Customer 0125,Mid-Market,NE,web,1,P110,Professional Subscription,subscription,1,73.71,73.71,USD
O101932,2025-11-30T11:24:09,2025-11-30,C0210,Customer 0210,SMB,NE,mobile,1,P310,Training Package,service,1,308.38,308.38,USD
O101933,2025-11-30T13:18:29,2025-11-30,C0037,Customer 0037,SMB,SE,mobile,1,P310,Training Package,service,1,288.90,288.90,USD
O101933,2025-11-30T13:18:29,2025-11-30,C0037,Customer 0037,SMB,SE,mobile,2,P100,Starter Subscription,subscription,1,27.84,27.84,USD
O101934,2025-11-30T13:31:19,2025-11-30,C0206,Customer 0206,Consumer,SW,web,1,P300,Implementation Package,service,1,471.86,471.86,USD
O101934,2025-11-30T13:31:19,2025-11-30,C0206,Customer 0206,Consumer,SW,web,2,P120,Enterprise Subscription,subscription,1,187.37,187.37,USD
O101935,2025-11-30T11:39:13,2025-11-30,C0135,Customer 0135,Mid-Market,SE,web,1,P110,Professional Subscription,subscription,1,82.14,82.14,USD
O101936,2025-11-30T10:14:55,2025-11-30,C0036,Customer 0036,Mid-Market,NE,partner,1,P100,Starter Subscription,subscription,1,30.92,30.92,USD
O101936,2025-11-30T10:14:55,2025-11-30,C0036,Customer 0036,Mid-Market,NE,partner,2,P200,Analytics Add-on,addon,2,38.89,77.78,USD
O101936,2025-11-30T10:14:55,2025-11-30,C0036,Customer 0036,Mid-Market,NE,partner,3,P120,Enterprise Subscription,subscription,1,189.97,189.97,USD
O101937,2025-11-30T13:22:43,2025-11-30,C0118,Customer 0118,SMB,SE,partner,1,P310,Training Package,service,1,321.45,321.45,USD
O101937,2025-11-30T13:22:43,2025-11-30,C0118,Customer 0118,SMB,SE,partner,2,P110,Professional Subscription,subscription,1,84.61,84.61,USD
O101938,2025-11-30T18:05:33,2025-11-30,C0182,Customer 0182,Consumer,MW,web,1,P210,Automation Add-on,addon,2,56.83,113.66,USD
O101939,2025-11-30T18:00:17,2025-11-30,C0033,Customer 0033,SMB,W,web,1,P210,Automation Add-on,addon,1,57.03,57.03,USD
O101939,2025-11-30T18:00:17,2025-11-30,C0033,Customer 0033,SMB,W,web,2,P300,Implementation Package,service,1,481.20,481.20,USD
O101939,2025-11-30T18:00:17,2025-11-30,C0033,Customer 0033,SMB,W,web,3,P110,Professional Subscription,subscription,1,75.16,75.16,USD
O101940,2025-11-30T17:47:01,2025-11-30,C0215,Customer 0215,SMB,W,partner,1,P110,Professional Subscription,subscription,1,73.74,73.74,USD
O101941,2025-11-30T20:10:17,2025-11-30,C0121,Customer 0121,SMB,NE,web,1,P110,Professional Subscription,subscription,1,78.25,78.25,USD
O101941,2025-11-30T20:10:17,2025-11-30,C0121,Customer 0121,SMB,NE,web,2,P100,Starter Subscription,subscription,1,29.33,29.33,USD
O101942,2025-11-30T10:29:28,2025-11-30,C0193,Customer 0193,Consumer,SW,web,1,P310,Training Package,service,1,281.13,281.13,USD
O101943,2025-12-01T15:41:15,2025-12-01,C0239,Customer 0239,Mid-Market,W,web,1,P200,Analytics Add-on,addon,1,40.53,40.53,USD
O101943,2025-12-01T15:41:15,2025-12-01,C0239,Customer 0239,Mid-Market,W,web,2,P300,Implementation Package,service,1,502.74,502.74,USD
O101944,2025-12-01T18:33:59,2025-12-01,C0153,Customer 0153,Consumer,W,web,1,P310,Training Package,service,1,279.21,279.21,USD
O101944,2025-12-01T18:33:59,2025-12-01,C0153,Customer 0153,Consumer,W,web,2,P300,Implementation Package,service,1,471.39,471.39,USD
O101945,2025-12-01T20:25:21,2025-12-01,C0218,Customer 0218,Enterprise,SW,partner,1,P300,Implementation Package,service,1,498.55,498.55,USD
O101945,2025-12-01T20:25:21,2025-12-01,C0218,Customer 0218,Enterprise,SW,partner,2,P120,Enterprise Subscription,subscription,1,190.17,190.17,USD
O101946,2025-12-01T11:28:10,2025-12-01,C0041,Customer 0041,Consumer,NE,partner,1,P200,Analytics Add-on,addon,1,41.29,41.29,USD
O101947,2025-12-01T15:34:03,2025-12-01,C0155,Customer 0155,Consumer,SE,web,1,P100,Starter Subscription,subscription,1,29.54,29.54,USD
O101948,2025-12-01T19:43:20,2025-12-01,C0164,Customer 0164,Consumer,SE,web,1,P100,Starter Subscription,subscription,1,27.11,27.11,USD
O101949,2025-12-01T18:14:27,2025-12-01,C0129,Customer 0129,Consumer,SE,web,1,P210,Automation Add-on,addon,1,57.80,57.80,USD
O101950,2025-12-01T18:33:20,2025-12-01,C0227,Customer 0227,Mid-Market,MW,web,1,P200,Analytics Add-on,addon,2,41.33,82.66,USD
O101950,2025-12-01T18:33:20,2025-12-01,C0227,Customer 0227,Mid-Market,MW,web,2,P210,Automation Add-on,addon,1,63.03,63.03,USD
O101951,2025-12-01T18:36:39,2025-12-01,C0183,Customer 0183,SMB,MW,mobile,1,P110,Professional Subscription,subscription,1,75.41,75.41,USD
O101952,2025-12-01T15:03:23,2025-12-01,C0090,Customer 0090,Consumer,NE,web,1,P210,Automation Add-on,addon,2,56.60,113.20,USD
O101953,2025-12-01T14:31:20,2025-12-01,C0055,Customer 0055,Mid-Market,NE,web,1,P210,Automation Add-on,addon,2,56.38,112.76,USD
O101954,2025-12-01T19:14:30,2025-12-01,C0205,Customer 0205,Consumer,SW,web,1,P200,Analytics Add-on,addon,1,38.67,38.67,USD
O101954,2025-12-01T19:14:30,2025-12-01,C0205,Customer 0205,Consumer,SW,web,2,P210,Automation Add-on,addon,2,55.88,111.76,USD
O101955,2025-12-01T19:55:04,2025-12-01,C0098,Customer 0098,SMB,W,web,1,P100,Starter Subscription,subscription,1,29.12,29.12,USD
O101956,2025-12-01T13:06:54,2025-12-01,C0011,Customer 0011,SMB,MW,mobile,1,P310,Training Package,service,1,278.75,278.75,USD
O101957,2025-12-01T14:16:49,2025-12-01,C0146,Customer 0146,SMB,SW,web,1,P210,Automation Add-on,addon,2,57.93,115.86,USD
O101957,2025-12-01T14:16:49,2025-12-01,C0146,Customer 0146,SMB,SW,web,2,P120,Enterprise Subscription,subscription,1,196.86,196.86,USD
O101957,2025-12-01T14:16:49,2025-12-01,C0146,Customer 0146,SMB,SW,web,3,P310,Training Package,service,1,282.06,282.06,USD
O101958,2025-12-01T19:10:57,2025-12-01,C0237,Customer 0237,Mid-Market,MW,mobile,1,P300,Implementation Package,service,1,532.21,532.21,USD
O101958,2025-12-01T19:10:57,2025-12-01,C0237,Customer 0237,Mid-Market,MW,mobile,2,P110,Professional Subscription,subscription,1,83.22,83.22,USD
O101959,2025-12-01T12:32:28,2025-12-01,C0083,Customer 0083,Mid-Market,SW,web,1,P300,Implementation Package,service,1,535.86,535.86,USD
O101960,2025-12-02T10:11:32,2025-12-02,C0133,Customer 0133,Consumer,SW,mobile,1,P200,Analytics Add-on,addon,1,39.72,39.72,USD
O101961,2025-12-02T18:10:50,2025-12-02,C0009,Customer 0009,Consumer,NE,mobile,1,P300,Implementation Package,service,1,526.49,526.49,USD
O101961,2025-12-02T18:10:50,2025-12-02,C0009,Customer 0009,Consumer,NE,mobile,2,P120,Enterprise Subscription,subscription,1,202.13,202.13,USD
O101962,2025-12-02T11:16:10,2025-12-02,C0089,Customer 0089,SMB,NE,web,1,P110,Professional Subscription,subscription,1,83.33,83.33,USD
O101962,2025-12-02T11:16:10,2025-12-02,C0089,Customer 0089,SMB,NE,web,2,P300,Implementation Package,service,1,500.69,500.69,USD
O101963,2025-12-02T19:01:09,2025-12-02,C0008,Customer 0008,SMB,W,mobile,1,P110,Professional Subscription,subscription,1,77.93,77.93,USD
O101963,2025-12-02T19:01:09,2025-12-02,C0008,Customer 0008,SMB,W,mobile,2,P200,Analytics Add-on,addon,2,37.71,75.42,USD
O101964,2025-12-02T20:48:33,2025-12-02,C0034,Customer 0034,Consumer,SW,mobile,1,P200,Analytics Add-on,addon,1,40.07,40.07,USD
O101964,2025-12-02T20:48:33,2025-12-02,C0034,Customer 0034,Consumer,SW,mobile,2,P120,Enterprise Subscription,subscription,1,192.74,192.74,USD
O101965,2025-12-02T20:33:06,2025-12-02,C0192,Customer 0192,Mid-Market,MW,mobile,1,P110,Professional Subscription,subscription,1,77.15,77.15,USD
O101965,2025-12-02T20:33:06,2025-12-02,C0192,Customer 0192,Mid-Market,MW,mobile,2,P100,Starter Subscription,subscription,1,29.51,29.51,USD
O101966,2025-12-02T08:23:56,2025-12-02,C0094,Customer 0094,Consumer,NE,web,1,P310,Training Package,service,1,280.86,280.86,USD
O101966,2025-12-02T08:23:56,2025-12-02,C0094,Customer 0094,Consumer,NE,web,2,P110,Professional Subscription,subscription,1,82.82,82.82,USD
O101967,2025-12-02T14:21:25,2025-12-02,C0174,Customer 0174,Mid-Market,SW,mobile,1,P300,Implementation Package,service,1,492.06,492.06,USD
O101968,2025-12-02T12:15:05,2025-12-02,C0023,Customer 0023,Consumer,W,mobile,1,P110,Professional Subscription,subscription,1,83.54,83.54,USD
O101969,2025-12-02T14:31:19,2025-12-02,C0017,Customer 0017,Enterprise,NE,mobile,1,P210,Automation Add-on,addon,2,59.90,119.80,USD
O101970,2025-12-02T17:35:37,2025-12-02,C0118,Customer 0118,SMB,SE,web,1,P310,Training Package,service,1,288.85,288.85,USD
O101971,2025-12-02T11:36:47,2025-12-02,C0096,Customer 0096,SMB,W,mobile,1,P120,Enterprise Subscription,subscription,1,197.10,197.10,USD
O101972,2025-12-02T14:44:13,2025-12-02,C0095,Customer 0095,SMB,SE,web,1,P300,Implementation Package,service,1,476.50,476.50,USD
O101972,2025-12-02T14:44:13,2025-12-02,C0095,Customer 0095,SMB,SE,web,2,P310,Training Package,service,1,283.49,283.49,USD
O101973,2025-12-02T17:40:11,2025-12-02,C0214,Customer 0214,Mid-Market,MW,web,1,P200,Analytics Add-on,addon,2,37.81,75.62,USD
O101974,2025-12-02T09:58:03,2025-12-02,C0150,Customer 0150,Mid-Market,NE,partner,1,P120,Enterprise Subscription,subscription,1,211.63,211.63,USD
O101974,2025-12-02T09:58:03,2025-12-02,C0150,Customer 0150,Mid-Market,NE,partner,2,P210,Automation Add-on,addon,1,57.40,57.40,USD
O101975,2025-12-02T18:34:42,2025-12-02,C0108,Customer 0108,SMB,W,mobile,1,P120,Enterprise Subscription,subscription,1,187.96,187.96,USD
O101976,2025-12-02T09:26:18,2025-12-02,C0075,Customer 0075,Consumer,NE,mobile,1,P100,Starter Subscription,subscription,1,30.23,30.23,USD
O101977,2025-12-02T08:45:15,2025-12-02,C0201,Customer 0201,Consumer,NE,mobile,1,P110,Professional Subscription,subscription,1,75.60,75.60,USD
O101978,2025-12-03T18:42:18,2025-12-03,C0021,Customer 0021,Mid-Market,SE,web,1,P120,Enterprise Subscription,subscription,1,212.49,212.49,USD
O101978,2025-12-03T18:42:18,2025-12-03,C0021,Customer 0021,Mid-Market,SE,web,2,P310,Training Package,service,1,284.59,284.59,USD
O101979,2025-12-03T09:32:13,2025-12-03,C0223,Customer 0223,Consumer,MW,web,1,P310,Training Package,service,1,283.45,283.45,USD
O101980,2025-12-03T15:46:24,2025-12-03,C0006,Customer 0006,Consumer,W,web,1,P200,Analytics Add-on,addon,2,39.88,79.76,USD
O101981,2025-12-03T09:11:43,2025-12-03,C0067,Customer 0067,SMB,NE,web,1,P310,Training Package,service,1,284.43,284.43,USD
O101981,2025-12-03T09:11:43,2025-12-03,C0067,Customer 0067,SMB,NE,web,2,P120,Enterprise Subscription,subscription,1,196.96,196.96,USD
O101982,2025-12-03T17:13:45,2025-12-03,C0032,Customer 0032,SMB,W,mobile,1,P110,Professional Subscription,subscription,1,73.71,73.71,USD
O101982,2025-12-03T17:13:45,2025-12-03,C0032,Customer 0032,SMB,W,mobile,2,P200,Analytics Add-on,addon,1,39.04,39.04,USD
O101983,2025-12-03T13:47:08,2025-12-03,C0176,Customer 0176,Mid-Market,SW,web,1,P210,Automation Add-on,addon,1,57.43,57.43,USD
O101984,2025-12-03T18:27:51,2025-12-03,C0126,Customer 0126,SMB,SE,web,1,P120,Enterprise Subscription,subscription,1,190.95,190.95,USD
O101984,2025-12-03T18:27:51,2025-12-03,C0126,Customer 0126,SMB,SE,web,2,P210,Automation Add-on,addon,1,58.27,58.27,USD
O101985,2025-12-03T16:05:55,2025-12-03,C0045,Customer 0045,Consumer,MW,mobile,1,P120,Enterprise Subscription,subscription,1,208.05,208.05,USD
O101985,2025-12-03T16:05:55,2025-12-03,C0045,Customer 0045,Consumer,MW,mobile,2,P100,Starter Subscription,subscription,1,26.79,26.79,USD
O101985,2025-12-03T16:05:55,2025-12-03,C0045,Customer 0045,Consumer,MW,mobile,3,P110,Professional Subscription,subscription,1,75.23,75.23,USD
O101986,2025-12-03T15:13:39,2025-12-03,C0217,Customer 0217,SMB,NE,partner,1,P100,Starter Subscription,subscription,1,30.83,30.83,USD
O101986,2025-12-03T15:13:39,2025-12-03,C0217,Customer 0217,SMB,NE,partner,2,P110,Professional Subscription,subscription,1,84.13,84.13,USD
O101987,2025-12-03T15:50:17,2025-12-03,C0140,Customer 0140,Consumer,NE,web,1,P100,Starter Subscription,subscription,1,28.11,28.11,USD
O101987,2025-12-03T15:50:17,2025-12-03,C0140,Customer 0140,Consumer,NE,web,2,P110,Professional Subscription,subscription,1,74.77,74.77,USD
O101988,2025-12-03T15:40:03,2025-12-03,C0210,Customer 0210,SMB,NE,partner,1,P110,Professional Subscription,subscription,1,85.05,85.05,USD
O101988,2025-12-03T15:40:03,2025-12-03,C0210,Customer 0210,SMB,NE,partner,2,P310,Training Package,service,1,296.16,296.16,USD
O101989,2025-12-03T16:11:30,2025-12-03,C0194,Customer 0194,Consumer,W,mobile,1,P200,Analytics Add-on,addon,1,40.17,40.17,USD
O101990,2025-12-03T12:30:32,2025-12-03,C0239,Customer 0239,Mid-Market,W,mobile,1,P300,Implementation Package,service,1,508.76,508.76,USD
O101991,2025-12-03T11:40:45,2025-12-03,C0205,Customer 0205,Consumer,SW,mobile,1,P100,Starter Subscription,subscription,1,29.18,29.18,USD
O101992,2025-12-03T10:16:06,2025-12-03,C0235,Customer 0235,Consumer,W,web,1,P100,Starter Subscription,subscription,1,28.74,28.74,USD
O101992,2025-12-03T10:16:06,2025-12-03,C0235,Customer 0235,Consumer,W,web,2,P300,Implementation Package,service,1,491.58,491.58,USD
O101993,2025-12-03T08:34:17,2025-12-03,C0019,Customer 0019,Consumer,NE,mobile,1,P300,Implementation Package,service,1,519.37,519.37,USD
O101993,2025-12-03T08:34:17,2025-12-03,C0019,Customer 0019,Consumer,NE,mobile,2,P210,Automation Add-on,addon,2,58.79,117.58,USD
O101993,2025-12-03T08:34:17,2025-12-03,C0019,Customer 0019,Consumer,NE,mobile,3,P110,Professional Subscription,subscription,1,76.48,76.48,USD
O101994,2025-12-03T13:25:48,2025-12-03,C0162,Customer 0162,SMB,W,web,1,P110,Professional Subscription,subscription,1,85.16,85.16,USD
O101995,2025-12-03T20:21:36,2025-12-03,C0134,Customer 0134,SMB,SW,partner,1,P310,Training Package,service,1,276.49,276.49,USD
O101996,2025-12-03T18:09:19,2025-12-03,C0077,Customer 0077,SMB,SE,web,1,P200,Analytics Add-on,addon,2,39.45,78.90,USD
O101996,2025-12-03T18:09:19,2025-12-03,C0077,Customer 0077,SMB,SE,web,2,P100,Starter Subscription,subscription,1,28.92,28.92,USD
O101997,2025-12-03T09:57:30,2025-12-03,C0229,Customer 0229,SMB,SE,mobile,1,P300,Implementation Package,service,1,492.76,492.76,USD
O101997,2025-12-03T09:57:30,2025-12-03,C0229,Customer 0229,SMB,SE,mobile,2,P200,Analytics Add-on,addon,1,37.28,37.28,USD
O101997,2025-12-03T09:57:30,2025-12-03,C0229,Customer 0229,SMB,SE,mobile,3,P210,Automation Add-on,addon,1,60.77,60.77,USD
O101998,2025-12-03T20:32:27,2025-12-03,C0111,Customer 0111,Consumer,NE,web,1,P310,Training Package,service,1,296.21,296.21,USD
O101998,2025-12-03T20:32:27,2025-12-03,C0111,Customer 0111,Consumer,NE,web,2,P110,Professional Subscription,subscription,1,77.38,77.38,USD
O101999,2025-12-03T08:00:08,2025-12-03,C0164,Customer 0164,Consumer,SE,web,1,P310,Training Package,service,1,295.36,295.36,USD
O102000,2025-12-03T20:18:27,2025-12-03,C0108,Customer 0108,SMB,W,partner,1,P210,Automation Add-on,addon,1,61.24,61.24,USD
O102001,2025-12-03T10:10:24,2025-12-03,C0149,Customer 0149,Mid-Market,MW,mobile,1,P210,Automation Add-on,addon,2,60.75,121.50,USD
O102001,2025-12-03T10:10:24,2025-12-03,C0149,Customer 0149,Mid-Market,MW,mobile,2,P200,Analytics Add-on,addon,1,38.17,38.17,USD
O102001,2025-12-03T10:10:24,2025-12-03,C0149,Customer 0149,Mid-Market,MW,mobile,3,P100,Starter Subscription,subscription,1,31.18,31.18,USD
O102002,2025-12-03T08:16:04,2025-12-03,C0095,Customer 0095,SMB,SE,web,1,P120,Enterprise Subscription,subscription,1,207.04,207.04,USD
O102003,2025-12-04T08:03:09,2025-12-04,C0018,Customer 0018,Consumer,MW,web,1,P310,Training Package,service,1,309.34,309.34,USD
O102004,2025-12-04T16:46:50,2025-12-04,C0054,Customer 0054,Consumer,NE,web,1,P210,Automation Add-on,addon,1,57.54,57.54,USD
O102005,2025-12-04T17:15:30,2025-12-04,C0162,Customer 0162,SMB,W,web,1,P300,Implementation Package,service,1,509.52,509.52,USD
O102006,2025-12-04T13:03:34,2025-12-04,C0186,Customer 0186,Mid-Market,SE,web,1,P300,Implementation Package,service,1,471.40,471.40,USD
O102007,2025-12-04T17:14:13,2025-12-04,C0230,Customer 0230,Enterprise,MW,web,1,P200,Analytics Add-on,addon,1,36.15,36.15,USD
O102008,2025-12-04T17:34:52,2025-12-04,C0029,Customer 0029,Consumer,MW,web,1,P110,Professional Subscription,subscription,1,74.47,74.47,USD
O102009,2025-12-04T18:45:44,2025-12-04,C0131,Customer 0131,Consumer,SE,web,1,P310,Training Package,service,1,276.37,276.37,USD
O102009,2025-12-04T18:45:44,2025-12-04,C0131,Customer 0131,Consumer,SE,web,2,P100,Starter Subscription,subscription,1,29.57,29.57,USD
O102010,2025-12-04T12:50:20,2025-12-04,C0058,Customer 0058,SMB,W,web,1,P120,Enterprise Subscription,subscription,1,202.78,202.78,USD
O102011,2025-12-04T08:09:31,2025-12-04,C0009,Customer 0009,Consumer,NE,web,1,P120,Enterprise Subscription,subscription,1,206.71,206.71,USD
O102012,2025-12-04T08:07:59,2025-12-04,C0174,Customer 0174,Mid-Market,SW,web,1,P100,Starter Subscription,subscription,1,30.21,30.21,USD
O102012,2025-12-04T08:07:59,2025-12-04,C0174,Customer 0174,Mid-Market,SW,web,2,P110,Professional Subscription,subscription,1,83.88,83.88,USD
O102013,2025-12-04T10:08:06,2025-12-04,C0055,Customer 0055,Mid-Market,NE,web,1,P210,Automation Add-on,addon,1,56.07,56.07,USD
O102013,2025-12-04T10:08:06,2025-12-04,C0055,Customer 0055,Mid-Market,NE,web,2,P120,Enterprise Subscription,subscription,1,208.61,208.61,USD
O102013,2025-12-04T10:08:06,2025-12-04,C0055,Customer 0055,Mid-Market,NE,web,3,P300,Implementation Package,service,1,504.73,504.73,USD
O102014,2025-12-04T18:43:48,2025-12-04,C0189,Customer 0189,SMB,SW,web,1,P100,Starter Subscription,subscription,1,26.74,26.74,USD
O102015,2025-12-04T16:09:04,2025-12-04,C0059,Customer 0059,Consumer,W,web,1,P200,Analytics Add-on,addon,2,39.52,79.04,USD
O102016,2025-12-04T10:41:26,2025-12-04,C0025,Customer 0025,SMB,W,web,1,P210,Automation Add-on,addon,2,63.71,127.42,USD
O102016,2025-12-04T10:41:26,2025-12-04,C0025,Customer 0025,SMB,W,web,2,P120,Enterprise Subscription,subscription,1,201.14,201.14,USD
O102017,2025-12-04T12:32:29,2025-12-04,C0096,Customer 0096,SMB,W,web,1,P120,Enterprise Subscription,subscription,1,195.79,195.79,USD
O102018,2025-12-04T09:08:53,2025-12-04,C0003,Customer 0003,Consumer,W,partner,1,P310,Training Package,service,1,285.66,285.66,USD
O102018,2025-12-04T09:08:53,2025-12-04,C0003,Customer 0003,Consumer,W,partner,2,P300,Implementation Package,service,1,485.79,485.79,USD
O102019,2025-12-04T11:37:06,2025-12-04,C0180,Customer 0180,SMB,SE,partner,1,P120,Enterprise Subscription,subscription,1,190.27,190.27,USD
O102020,2025-12-04T20:17:31,2025-12-04,C0109,Customer 0109,Mid-Market,W,web,1,P310,Training Package,service,1,284.04,284.04,USD
O102020,2025-12-04T20:17:31,2025-12-04,C0109,Customer 0109,Mid-Market,W,web,2,P120,Enterprise Subscription,subscription,1,204.59,204.59,USD
O102021,2025-12-04T20:14:54,2025-12-04,C0028,Customer 0028,SMB,SE,mobile,1,P210,Automation Add-on,addon,1,55.20,55.20,USD
O102022,2025-12-04T14:48:34,2025-12-04,C0101,Customer 0101,SMB,SE,web,1,P120,Enterprise Subscription,subscription,1,184.38,184.38,USD
O102022,2025-12-04T14:48:34,2025-12-04,C0101,Customer 0101,SMB,SE,web,2,P210,Automation Add-on,addon,1,61.03,61.03,USD
O102023,2025-12-04T09:51:18,2025-12-04,C0236,Customer 0236,Consumer,MW,partner,1,P310,Training Package,service,1,307.12,307.12,USD
O102023,2025-12-04T09:51:18,2025-12-04,C0236,Customer 0236,Consumer,MW,partner,2,P100,Starter Subscription,subscription,1,30.59,30.59,USD
O102023,2025-12-04T09:51:18,2025-12-04,C0236,Customer 0236,Consumer,MW,partner,3,P120,Enterprise Subscription,subscription,1,214.37,214.37,USD
O102024,2025-12-04T10:58:25,2025-12-04,C0107,Customer 0107,Consumer,MW,web,1,P120,Enterprise Subscription,subscription,1,192.33,192.33,USD
O102025,2025-12-05T16:06:53,2025-12-05,C0206,Customer 0206,Consumer,SW,web,1,P200,Analytics Add-on,addon,1,39.06,39.06,USD
O102026,2025-12-05T13:05:40,2025-12-05,C0169,Customer 0169,Consumer,SW,web,1,P110,Professional Subscription,subscription,1,78.13,78.13,USD
O102026,2025-12-05T13:05:40,2025-12-05,C0169,Customer 0169,Consumer,SW,web,2,P120,Enterprise Subscription,subscription,1,209.04,209.04,USD
O102027,2025-12-05T14:35:10,2025-12-05,C0179,Customer 0179,Consumer,SW,partner,1,P210,Automation Add-on,addon,1,60.57,60.57,USD
O102028,2025-12-05T14:06:47,2025-12-05,C0161,Customer 0161,Mid-Market,SE,web,1,P200,Analytics Add-on,addon,1,39.56,39.56,USD
O102029,2025-12-05T12:06:23,2025-12-05,C0033,Customer 0033,SMB,W,partner,1,P200,Analytics Add-on,addon,1,37.82,37.82,USD
O102030,2025-12-05T13:53:11,2025-12-05,C0177,Customer 0177,Consumer,W,web,1,P200,Analytics Add-on,addon,1,37.60,37.60,USD
O102030,2025-12-05T13:53:11,2025-12-05,C0177,Customer 0177,Consumer,W,web,2,P210,Automation Add-on,addon,2,55.31,110.62,USD
O102031,2025-12-05T13:06:19,2025-12-05,C0232,Customer 0232,Mid-Market,W,mobile,1,P210,Automation Add-on,addon,2,60.43,120.86,USD
O102032,2025-12-05T09:24:52,2025-12-05,C0227,Customer 0227,Mid-Market,MW,web,1,P310,Training Package,service,1,297.49,297.49,USD
O102033,2025-12-05T12:22:45,2025-12-05,C0001,Customer 0001,Consumer,NE,mobile,1,P210,Automation Add-on,addon,2,55.07,110.14,USD
O102033,2025-12-05T12:22:45,2025-12-05,C0001,Customer 0001,Consumer,NE,mobile,2,P100,Starter Subscription,subscription,1,29.06,29.06,USD
O102034,2025-12-05T13:03:16,2025-12-05,C0157,Customer 0157,Consumer,MW,mobile,1,P300,Implementation Package,service,1,489.89,489.89,USD
O102035,2025-12-05T20:22:55,2025-12-05,C0204,Customer 0204,SMB,MW,web,1,P200,Analytics Add-on,addon,1,36.48,36.48,USD
O102035,2025-12-05T20:22:55,2025-12-05,C0204,Customer 0204,SMB,MW,web,2,P110,Professional Subscription,subscription,1,81.24,81.24,USD
O102035,2025-12-05T20:22:55,2025-12-05,C0204,Customer 0204,SMB,MW,web,3,P120,Enterprise Subscription,subscription,1,194.12,194.12,USD
O102036,2025-12-05T09:44:12,2025-12-05,C0158,Customer 0158,SMB,W,web,1,P300,Implementation Package,service,1,463.02,463.02,USD
O102037,2025-12-05T10:09:20,2025-12-05,C0145,Customer 0145,Mid-Market,W,web,1,P310,Training Package,service,1,298.34,298.34,USD
O102038,2025-12-05T17:42:21,2025-12-05,C0228,Customer 0228,Consumer,SW,partner,1,P110,Professional Subscription,subscription,1,78.09,78.09,USD
O102039,2025-12-05T12:47:32,2025-12-05,C0078,Customer 0078,Mid-Market,SW,web,1,P120,Enterprise Subscription,subscription,1,207.77,207.77,USD
O102039,2025-12-05T12:47:32,2025-12-05,C0078,Customer 0078,Mid-Market,SW,web,2,P300,Implementation Package,service,1,485.55,485.55,USD
O102040,2025-12-05T11:59:48,2025-12-05,C0177,Customer 0177,Consumer,W,web,1,P120,Enterprise Subscription,subscription,1,189.31,189.31,USD
O102040,2025-12-05T11:59:48,2025-12-05,C0177,Customer 0177,Consumer,W,web,2,P100,Starter Subscription,subscription,1,31.25,31.25,USD
O102040,2025-12-05T11:59:48,2025-12-05,C0177,Customer 0177,Consumer,W,web,3,P200,Analytics Add-on,addon,1,38.50,38.50,USD
O102041,2025-12-05T09:02:51,2025-12-05,C0171,Customer 0171,Consumer,NE,web,1,P110,Professional Subscription,subscription,1,83.93,83.93,USD
O102042,2025-12-05T12:20:12,2025-12-05,C0076,Customer 0076,Mid-Market,MW,partner,1,P300,Implementation Package,service,1,461.98,461.98,USD
O102043,2025-12-05T13:22:50,2025-12-05,C0049,Customer 0049,Mid-Market,SE,web,1,P100,Starter Subscription,subscription,1,27.57,27.57,USD
O102043,2025-12-05T13:22:50,2025-12-05,C0049,Customer 0049,Mid-Market,SE,web,2,P110,Professional Subscription,subscription,1,77.57,77.57,USD
O102044,2025-12-05T14:40:49,2025-12-05,C0121,Customer 0121,SMB,NE,web,1,P110,Professional Subscription,subscription,1,83.79,83.79,USD
O102045,2025-12-05T16:06:36,2025-12-05,C0171,Customer 0171,Consumer,NE,partner,1,P300,Implementation Package,service,1,504.44,504.44,USD
O102046,2025-12-06T15:13:21,2025-12-06,C0236,Customer 0236,Consumer,MW,web,1,P200,Analytics Add-on,addon,1,36.69,36.69,USD
O102047,2025-12-06T11:05:01,2025-12-06,C0192,Customer 0192,Mid-Market,MW,web,1,P100,Starter Subscription,subscription,1,29.76,29.76,USD
O102048,2025-12-06T16:19:13,2025-12-06,C0085,Customer 0085,Mid-Market,SW,web,1,P100,Starter Subscription,subscription,1,27.89,27.89,USD
O102049,2025-12-06T17:37:07,2025-12-06,C0213,Customer 0213,Consumer,W,web,1,P120,Enterprise Subscription,subscription,1,186.39,186.39,USD
O102049,2025-12-06T17:37:07,2025-12-06,C0213,Customer 0213,Consumer,W,web,2,P300,Implementation Package,service,1,459.25,459.25,USD
O102050,2025-12-06T09:56:11,2025-12-06,C0066,Customer 0066,Consumer,NE,web,1,P200,Analytics Add-on,addon,1,37.88,37.88,USD
O102051,2025-12-06T11:59:36,2025-12-06,C0173,Customer 0173,SMB,SE,mobile,1,P310,Training Package,service,1,300.34,300.34,USD
O102051,2025-12-06T11:59:36,2025-12-06,C0173,Customer 0173,SMB,SE,mobile,2,P200,Analytics Add-on,addon,1,40.57,40.57,USD
O102052,2025-12-06T09:59:16,2025-12-06,C0100,Customer 0100,Consumer,MW,partner,1,P210,Automation Add-on,addon,2,61.87,123.74,USD
O102052,2025-12-06T09:59:16,2025-12-06,C0100,Customer 0100,Consumer,MW,partner,2,P100,Starter Subscription,subscription,1,26.69,26.69,USD
O102053,2025-12-06T15:03:08,2025-12-06,C0031,Customer 0031,Mid-Market,MW,mobile,1,P110,Professional Subscription,subscription,1,75.70,75.70,USD
O102054,2025-12-06T10:21:24,2025-12-06,C0052,Customer 0052,SMB,MW,mobile,1,P120,Enterprise Subscription,subscription,1,207.39,207.39,USD
O102054,2025-12-06T10:21:24,2025-12-06,C0052,Customer 0052,SMB,MW,mobile,2,P200,Analytics Add-on,addon,1,37.07,37.07,USD
O102055,2025-12-06T09:23:19,2025-12-06,C0051,Customer 0051,Enterprise,SW,partner,1,P310,Training Package,service,1,304.50,304.50,USD
O102056,2025-12-06T14:31:05,2025-12-06,C0098,Customer 0098,SMB,W,web,1,P300,Implementation Package,service,1,474.71,474.71,USD
O102057,2025-12-06T17:36:13,2025-12-06,C0196,Customer 0196,SMB,SW,mobile,1,P200,Analytics Add-on,addon,1,41.95,41.95,USD
O102058,2025-12-06T19:41:04,2025-12-06,C0202,Customer 0202,Mid-Market,SW,web,1,P120,Enterprise Subscription,subscription,1,191.40,191.40,USD
O102059,2025-12-06T18:25:12,2025-12-06,C0155,Customer 0155,Consumer,SE,mobile,1,P120,Enterprise Subscription,subscription,1,188.40,188.40,USD
O102060,2025-12-06T14:30:42,2025-12-06,C0157,Customer 0157,Consumer,MW,web,1,P310,Training Package,service,1,319.43,319.43,USD
O102061,2025-12-06T12:54:38,2025-12-06,C0019,Customer 0019,Consumer,NE,web,1,P210,Automation Add-on,addon,1,55.41,55.41,USD
O102062,2025-12-06T08:36:58,2025-12-06,C0193,Customer 0193,Consumer,SW,web,1,P120,Enterprise Subscription,subscription,1,202.66,202.66,USD
O102063,2025-12-06T10:30:13,2025-12-06,C0013,Customer 0013,Consumer,W,web,1,P110,Professional Subscription,subscription,1,83.72,83.72,USD
O102063,2025-12-06T10:30:13,2025-12-06,C0013,Customer 0013,Consumer,W,web,2,P310,Training Package,service,1,305.00,305.00,USD
O102064,2025-12-06T16:39:43,2025-12-06,C0148,Customer 0148,Consumer,SE,web,1,P100,Starter Subscription,subscription,1,31.12,31.12,USD
O102065,2025-12-06T09:19:16,2025-12-06,C0085,Customer 0085,Mid-Market,SW,mobile,1,P200,Analytics Add-on,addon,1,37.57,37.57,USD
O102065,2025-12-06T09:19:16,2025-12-06,C0085,Customer 0085,Mid-Market,SW,mobile,2,P120,Enterprise Subscription,subscription,1,183.83,183.83,USD
O102066,2025-12-06T11:00:48,2025-12-06,C0017,Customer 0017,Enterprise,NE,web,1,P300,Implementation Package,service,1,476.52,476.52,USD
O102067,2025-12-06T20:17:36,2025-12-06,C0117,Customer 0117,Consumer,MW,partner,1,P120,Enterprise Subscription,subscription,1,192.09,192.09,USD
O102068,2025-12-07T18:26:51,2025-12-07,C0055,Customer 0055,Mid-Market,NE,web,1,P210,Automation Add-on,addon,2,61.52,123.04,USD
O102068,2025-12-07T18:26:51,2025-12-07,C0055,Customer 0055,Mid-Market,NE,web,2,P300,Implementation Package,service,1,537.46,537.46,USD
O102069,2025-12-07T08:15:30,2025-12-07,C0020,Customer 0020,SMB,MW,web,1,P200,Analytics Add-on,addon,2,37.97,75.94,USD
O102070,2025-12-07T14:52:32,2025-12-07,C0112,Customer 0112,SMB,NE,web,1,P310,Training Package,service,1,284.17,284.17,USD
O102071,2025-12-07T13:40:50,2025-12-07,C0228,Customer 0228,Consumer,SW,mobile,1,P110,Professional Subscription,subscription,1,79.13,79.13,USD
O102072,2025-12-07T14:25:03,2025-12-07,C0210,Customer 0210,SMB,NE,web,1,P210,Automation Add-on,addon,2,55.98,111.96,USD
O102073,2025-12-07T18:35:01,2025-12-07,C0001,Customer 0001,Consumer,NE,web,1,P100,Starter Subscription,subscription,1,27.68,27.68,USD
O102074,2025-12-07T08:59:05,2025-12-07,C0195,Customer 0195,Consumer,SW,mobile,1,P300,Implementation Package,service,1,517.39,517.39,USD
O102075,2025-12-07T15:00:24,2025-12-07,C0019,Customer 0019,Consumer,NE,mobile,1,P300,Implementation Package,service,1,516.83,516.83,USD
O102076,2025-12-07T12:03:20,2025-12-07,C0066,Customer 0066,Consumer,NE,web,1,P120,Enterprise Subscription,subscription,1,198.95,198.95,USD
O102077,2025-12-07T11:04:57,2025-12-07,C0222,Customer 0222,Consumer,NE,mobile,1,P100,Starter Subscription,subscription,1,29.92,29.92,USD
O102078,2025-12-07T20:51:19,2025-12-07,C0014,Customer 0014,Consumer,SW,web,1,P120,Enterprise Subscription,subscription,1,197.62,197.62,USD
O102078,2025-12-07T20:51:19,2025-12-07,C0014,Customer 0014,Consumer,SW,web,2,P300,Implementation Package,service,1,525.10,525.10,USD
O102079,2025-12-07T09:08:02,2025-12-07,C0022,Customer 0022,SMB,NE,partner,1,P210,Automation Add-on,addon,2,60.48,120.96,USD
O102080,2025-12-07T13:55:52,2025-12-07,C0049,Customer 0049,Mid-Market,SE,mobile,1,P300,Implementation Package,service,1,501.84,501.84,USD
O102080,2025-12-07T13:55:52,2025-12-07,C0049,Customer 0049,Mid-Market,SE,mobile,2,P120,Enterprise Subscription,subscription,1,209.84,209.84,USD
O102081,2025-12-07T19:15:14,2025-12-07,C0017,Customer 0017,Enterprise,NE,partner,1,P310,Training Package,service,1,285.47,285.47,USD
O102082,2025-12-07T20:38:02,2025-12-07,C0190,Customer 0190,Consumer,W,mobile,1,P110,Professional Subscription,subscription,1,84.27,84.27,USD
O102082,2025-12-07T20:38:02,2025-12-07,C0190,Customer 0190,Consumer,W,mobile,2,P300,Implementation Package,service,1,517.80,517.80,USD
O102083,2025-12-07T09:29:58,2025-12-07,C0227,Customer 0227,Mid-Market,MW,mobile,1,P210,Automation Add-on,addon,1,61.04,61.04,USD
O102084,2025-12-07T13:02:50,2025-12-07,C0010,Customer 0010,Consumer,MW,web,1,P120,Enterprise Subscription,subscription,1,193.34,193.34,USD
O102084,2025-12-07T13:02:50,2025-12-07,C0010,Customer 0010,Consumer,MW,web,2,P310,Training Package,service,1,282.88,282.88,USD
O102084,2025-12-07T13:02:50,2025-12-07,C0010,Customer 0010,Consumer,MW,web,3,P100,Starter Subscription,subscription,1,28.05,28.05,USD
O102085,2025-12-08T12:53:39,2025-12-08,C0062,Customer 0062,Consumer,SW,mobile,1,P310,Training Package,service,1,285.21,285.21,USD
O102085,2025-12-08T12:53:39,2025-12-08,C0062,Customer 0062,Consumer,SW,mobile,2,P120,Enterprise Subscription,subscription,1,214.44,214.44,USD
O102086,2025-12-08T16:42:36,2025-12-08,C0013,Customer 0013,Consumer,W,web,1,P310,Training Package,service,1,289.27,289.27,USD
O102087,2025-12-08T08:36:39,2025-12-08,C0239,Customer 0239,Mid-Market,W,web,1,P210,Automation Add-on,addon,2,63.04,126.08,USD
O102087,2025-12-08T08:36:39,2025-12-08,C0239,Customer 0239,Mid-Market,W,web,2,P310,Training Package,service,1,305.37,305.37,USD
O102088,2025-12-08T19:40:38,2025-12-08,C0015,Customer 0015,SMB,SW,web,1,P120,Enterprise Subscription,subscription,1,197.52,197.52,USD
O102089,2025-12-08T15:20:34,2025-12-08,C0030,Customer 0030,Consumer,SW,mobile,1,P210,Automation Add-on,addon,2,60.89,121.78,USD
O102089,2025-12-08T15:20:34,2025-12-08,C0030,Customer 0030,Consumer,SW,mobile,2,P110,Professional Subscription,subscription,1,76.73,76.73,USD
O102090,2025-12-08T13:26:31,2025-12-08,C0235,Customer 0235,Consumer,W,web,1,P200,Analytics Add-on,addon,1,37.16,37.16,USD
O102090,2025-12-08T13:26:31,2025-12-08,C0235,Customer 0235,Consumer,W,web,2,P310,Training Package,service,1,283.99,283.99,USD
O102090,2025-12-08T13:26:31,2025-12-08,C0235,Customer 0235,Consumer,W,web,3,P210,Automation Add-on,addon,1,63.41,63.41,USD
O102091,2025-12-08T09:49:44,2025-12-08,C0094,Customer 0094,Consumer,NE,mobile,1,P200,Analytics Add-on,addon,2,37.39,74.78,USD
O102092,2025-12-08T16:25:15,2025-12-08,C0124,Customer 0124,SMB,SE,web,1,P120,Enterprise Subscription,subscription,1,200.90,200.90,USD
O102092,2025-12-08T16:25:15,2025-12-08,C0124,Customer 0124,SMB,SE,web,2,P310,Training Package,service,1,297.97,297.97,USD
O102093,2025-12-08T16:32:50,2025-12-08,C0171,Customer 0171,Consumer,NE,web,1,P300,Implementation Package,service,1,516.13,516.13,USD
O102094,2025-12-08T19:25:54,2025-12-08,C0137,Customer 0137,Mid-Market,NE,web,1,P110,Professional Subscription,subscription,1,73.77,73.77,USD
O102095,2025-12-08T20:06:58,2025-12-08,C0081,Customer 0081,SMB,W,mobile,1,P200,Analytics Add-on,addon,1,40.77,40.77,USD
O102096,2025-12-08T19:55:10,2025-12-08,C0095,Customer 0095,SMB,SE,web,1,P300,Implementation Package,service,1,469.76,469.76,USD
O102097,2025-12-08T09:05:13,2025-12-08,C0184,Customer 0184,SMB,MW,mobile,1,P100,Starter Subscription,subscription,1,27.34,27.34,USD
O102098,2025-12-08T11:08:42,2025-12-08,C0018,Customer 0018,Consumer,MW,mobile,1,P310,Training Package,service,1,314.47,314.47,USD
O102099,2025-12-08T20:29:57,2025-12-08,C0148,Customer 0148,Consumer,SE,web,1,P120,Enterprise Subscription,subscription,1,196.68,196.68,USD
O102100,2025-12-08T12:29:33,2025-12-08,C0147,Customer 0147,Enterprise,W,web,1,P200,Analytics Add-on,addon,1,41.63,41.63,USD
O102101,2025-12-08T15:19:37,2025-12-08,C0045,Customer 0045,Consumer,MW,web,1,P100,Starter Subscription,subscription,1,29.41,29.41,USD
O102102,2025-12-08T16:17:02,2025-12-08,C0099,Customer 0099,Enterprise,MW,web,1,P300,Implementation Package,service,1,512.51,512.51,USD
O102102,2025-12-08T16:17:02,2025-12-08,C0099,Customer 0099,Enterprise,MW,web,2,P200,Analytics Add-on,addon,1,42.10,42.10,USD
O102103,2025-12-08T12:15:10,2025-12-08,C0192,Customer 0192,Mid-Market,MW,web,1,P210,Automation Add-on,addon,1,63.69,63.69,USD
O102103,2025-12-08T12:15:10,2025-12-08,C0192,Customer 0192,Mid-Market,MW,web,2,P120,Enterprise Subscription,subscription,1,190.06,190.06,USD
O102103,2025-12-08T12:15:10,2025-12-08,C0192,Customer 0192,Mid-Market,MW,web,3,P200,Analytics Add-on,addon,1,40.98,40.98,USD
O102104,2025-12-08T16:11:04,2025-12-08,C0088,Customer 0088,Consumer,SE,mobile,1,P120,Enterprise Subscription,subscription,1,202.26,202.26,USD
O102104,2025-12-08T16:11:04,2025-12-08,C0088,Customer 0088,Consumer,SE,mobile,2,P310,Training Package,service,1,304.39,304.39,USD
O102105,2025-12-08T15:57:03,2025-12-08,C0106,Customer 0106,SMB,MW,web,1,P300,Implementation Package,service,1,517.40,517.40,USD
O102105,2025-12-08T15:57:03,2025-12-08,C0106,Customer 0106,SMB,MW,web,2,P310,Training Package,service,1,309.51,309.51,USD
O102106,2025-12-09T12:20:38,2025-12-09,C0206,Customer 0206,Consumer,SW,mobile,1,P110,Professional Subscription,subscription,1,79.91,79.91,USD
O102107,2025-12-09T10:31:40,2025-12-09,C0215,Customer 0215,SMB,W,web,1,P120,Enterprise Subscription,subscription,1,188.95,188.95,USD
O102108,2025-12-09T18:07:36,2025-12-09,C0175,Customer 0175,Enterprise,W,mobile,1,P310,Training Package,service,1,285.63,285.63,USD
O102108,2025-12-09T18:07:36,2025-12-09,C0175,Customer 0175,Enterprise,W,mobile,2,P120,Enterprise Subscription,subscription,1,204.16,204.16,USD
O102109,2025-12-09T11:36:45,2025-12-09,C0151,Customer 0151,Consumer,W,web,1,P100,Starter Subscription,subscription,1,29.13,29.13,USD
O102109,2025-12-09T11:36:45,2025-12-09,C0151,Customer 0151,Consumer,W,web,2,P210,Automation Add-on,addon,1,58.29,58.29,USD
O102109,2025-12-09T11:36:45,2025-12-09,C0151,Customer 0151,Consumer,W,web,3,P300,Implementation Package,service,1,464.74,464.74,USD
O102110,2025-12-09T16:40:46,2025-12-09,C0132,Customer 0132,SMB,NE,web,1,P200,Analytics Add-on,addon,1,37.02,37.02,USD
O102111,2025-12-09T19:44:43,2025-12-09,C0239,Customer 0239,Mid-Market,W,web,1,P120,Enterprise Subscription,subscription,1,204.13,204.13,USD
O102111,2025-12-09T19:44:43,2025-12-09,C0239,Customer 0239,Mid-Market,W,web,2,P100,Starter Subscription,subscription,1,31.06,31.06,USD
O102112,2025-12-09T19:07:13,2025-12-09,C0215,Customer 0215,SMB,W,mobile,1,P120,Enterprise Subscription,subscription,1,199.34,199.34,USD
O102112,2025-12-09T19:07:13,2025-12-09,C0215,Customer 0215,SMB,W,mobile,2,P110,Professional Subscription,subscription,1,78.86,78.86,USD
O102112,2025-12-09T19:07:13,2025-12-09,C0215,Customer 0215,SMB,W,mobile,3,P200,Analytics Add-on,addon,1,35.99,35.99,USD
O102113,2025-12-09T09:21:17,2025-12-09,C0012,Customer 0012,SMB,NE,web,1,P120,Enterprise Subscription,subscription,1,197.78,197.78,USD
O102114,2025-12-09T11:40:13,2025-12-09,C0160,Customer 0160,Mid-Market,SE,partner,1,P210,Automation Add-on,addon,1,56.97,56.97,USD
O102115,2025-12-09T13:06:44,2025-12-09,C0118,Customer 0118,SMB,SE,web,1,P310,Training Package,service,1,285.77,285.77,USD
O102116,2025-12-09T09:35:19,2025-12-09,C0077,Customer 0077,SMB,SE,web,1,P200,Analytics Add-on,addon,2,37.63,75.26,USD
O102117,2025-12-09T15:36:14,2025-12-09,C0048,Customer 0048,Enterprise,SE,web,1,P110,Professional Subscription,subscription,1,83.78,83.78,USD
O102118,2025-12-09T17:23:24,2025-12-09,C0003,Customer 0003,Consumer,W,web,1,P100,Starter Subscription,subscription,1,30.67,30.67,USD
O102118,2025-12-09T17:23:24,2025-12-09,C0003,Customer 0003,Consumer,W,web,2,P300,Implementation Package,service,1,474.00,474.00,USD
O102119,2025-12-09T14:37:06,2025-12-09,C0152,Customer 0152,Consumer,MW,web,1,P300,Implementation Package,service,1,496.99,496.99,USD
O102120,2025-12-09T08:42:44,2025-12-09,C0137,Customer 0137,Mid-Market,NE,mobile,1,P120,Enterprise Subscription,subscription,1,203.02,203.02,USD
O102120,2025-12-09T08:42:44,2025-12-09,C0137,Customer 0137,Mid-Market,NE,mobile,2,P200,Analytics Add-on,addon,1,37.46,37.46,USD
O102121,2025-12-09T20:13:18,2025-12-09,C0130,Customer 0130,SMB,MW,web,1,P300,Implementation Package,service,1,509.08,509.08,USD
O102122,2025-12-09T12:02:11,2025-12-09,C0058,Customer 0058,SMB,W,web,1,P310,Training Package,service,1,278.24,278.24,USD
O102122,2025-12-09T12:02:11,2025-12-09,C0058,Customer 0058,SMB,W,web,2,P110,Professional Subscription,subscription,1,76.61,76.61,USD
O102122,2025-12-09T12:02:11,2025-12-09,C0058,Customer 0058,SMB,W,web,3,P200,Analytics Add-on,addon,1,40.60,40.60,USD
O102123,2025-12-09T08:05:05,2025-12-09,C0066,Customer 0066,Consumer,NE,mobile,1,P310,Training Package,service,1,302.38,302.38,USD
O102123,2025-12-09T08:05:05,2025-12-09,C0066,Customer 0066,Consumer,NE,mobile,2,P300,Implementation Package,service,1,467.78,467.78,USD
O102124,2025-12-09T19:40:34,2025-12-09,C0232,Customer 0232,Mid-Market,W,mobile,1,P200,Analytics Add-on,addon,1,39.76,39.76,USD
O102125,2025-12-09T13:27:07,2025-12-09,C0097,Customer 0097,Enterprise,NE,mobile,1,P310,Training Package,service,1,312.34,312.34,USD
O102126,2025-12-09T20:24:22,2025-12-09,C0179,Customer 0179,Consumer,SW,web,1,P120,Enterprise Subscription,subscription,1,194.90,194.90,USD
O102126,2025-12-09T20:24:22,2025-12-09,C0179,Customer 0179,Consumer,SW,web,2,P210,Automation Add-on,addon,2,58.53,117.06,USD
O102126,2025-12-09T20:24:22,2025-12-09,C0179,Customer 0179,Consumer,SW,web,3,P200,Analytics Add-on,addon,2,41.83,83.66,USD
O102127,2025-12-09T09:59:42,2025-12-09,C0177,Customer 0177,Consumer,W,mobile,1,P210,Automation Add-on,addon,2,58.10,116.20,USD
O102128,2025-12-09T20:28:43,2025-12-09,C0132,Customer 0132,SMB,NE,mobile,1,P300,Implementation Package,service,1,499.63,499.63,USD
O102129,2025-12-09T19:37:46,2025-12-09,C0154,Customer 0154,SMB,SW,web,1,P210,Automation Add-on,addon,1,58.22,58.22,USD
O102129,2025-12-09T19:37:46,2025-12-09,C0154,Customer 0154,SMB,SW,web,2,P300,Implementation Package,service,1,474.12,474.12,USD
O102130,2025-12-09T17:33:40,2025-12-09,C0076,Customer 0076,Mid-Market,MW,web,1,P110,Professional Subscription,subscription,1,75.92,75.92,USD
O102131,2025-12-10T09:23:55,2025-12-10,C0217,Customer 0217,SMB,NE,partner,1,P100,Starter Subscription,subscription,1,26.97,26.97,USD
O102132,2025-12-10T13:02:12,2025-12-10,C0009,Customer 0009,Consumer,NE,partner,1,P310,Training Package,service,1,319.26,319.26,USD
O102133,2025-12-10T13:23:37,2025-12-10,C0240,Customer 0240,Consumer,W,web,1,P310,Training Package,service,1,310.77,310.77,USD
O102133,2025-12-10T13:23:37,2025-12-10,C0240,Customer 0240,Consumer,W,web,2,P120,Enterprise Subscription,subscription,1,185.85,185.85,USD
O102134,2025-12-10T09:36:05,2025-12-10,C0001,Customer 0001,Consumer,NE,web,1,P120,Enterprise Subscription,subscription,1,197.76,197.76,USD
O102135,2025-12-10T17:04:43,2025-12-10,C0198,Customer 0198,SMB,SW,mobile,1,P100,Starter Subscription,subscription,1,29.33,29.33,USD
O102136,2025-12-10T17:06:55,2025-12-10,C0168,Customer 0168,Mid-Market,W,web,1,P310,Training Package,service,1,321.93,321.93,USD
O102136,2025-12-10T17:06:55,2025-12-10,C0168,Customer 0168,Mid-Market,W,web,2,P120,Enterprise Subscription,subscription,1,190.58,190.58,USD
O102137,2025-12-10T16:27:23,2025-12-10,C0035,Customer 0035,SMB,SE,web,1,P100,Starter Subscription,subscription,1,30.68,30.68,USD
O102137,2025-12-10T16:27:23,2025-12-10,C0035,Customer 0035,SMB,SE,web,2,P300,Implementation Package,service,1,507.59,507.59,USD
O102138,2025-12-10T18:45:36,2025-12-10,C0032,Customer 0032,SMB,W,web,1,P310,Training Package,service,1,279.16,279.16,USD
O102139,2025-12-10T19:19:22,2025-12-10,C0036,Customer 0036,Mid-Market,NE,mobile,1,P310,Training Package,service,1,309.46,309.46,USD
O102139,2025-12-10T19:19:22,2025-12-10,C0036,Customer 0036,Mid-Market,NE,mobile,2,P120,Enterprise Subscription,subscription,1,214.83,214.83,USD
O102140,2025-12-10T08:13:33,2025-12-10,C0125,Customer 0125,Mid-Market,NE,web,1,P300,Implementation Package,service,1,535.78,535.78,USD
O102140,2025-12-10T08:13:33,2025-12-10,C0125,Customer 0125,Mid-Market,NE,web,2,P310,Training Package,service,1,317.73,317.73,USD
O102141,2025-12-10T16:17:30,2025-12-10,C0209,Customer 0209,SMB,NE,web,1,P120,Enterprise Subscription,subscription,1,197.90,197.90,USD
O102142,2025-12-10T16:48:14,2025-12-10,C0170,Customer 0170,Mid-Market,SE,web,1,P210,Automation Add-on,addon,2,57.76,115.52,USD
O102143,2025-12-10T10:22:50,2025-12-10,C0109,Customer 0109,Mid-Market,W,mobile,1,P200,Analytics Add-on,addon,1,37.05,37.05,USD
O102144,2025-12-10T20:43:43,2025-12-10,C0224,Customer 0224,Mid-Market,MW,web,1,P200,Analytics Add-on,addon,2,36.71,73.42,USD
O102145,2025-12-10T10:40:07,2025-12-10,C0092,Customer 0092,Mid-Market,W,web,1,P210,Automation Add-on,addon,1,56.13,56.13,USD
O102145,2025-12-10T10:40:07,2025-12-10,C0092,Customer 0092,Mid-Market,W,web,2,P120,Enterprise Subscription,subscription,1,194.08,194.08,USD
O102146,2025-12-10T20:08:54,2025-12-10,C0144,Customer 0144,Consumer,W,web,1,P310,Training Package,service,1,302.38,302.38,USD
O102147,2025-12-10T20:22:03,2025-12-10,C0028,Customer 0028,SMB,SE,partner,1,P110,Professional Subscription,subscription,1,76.39,76.39,USD
O102148,2025-12-10T10:08:41,2025-12-10,C0200,Customer 0200,Consumer,W,partner,1,P200,Analytics Add-on,addon,1,36.01,36.01,USD
O102149,2025-12-10T17:27:32,2025-12-10,C0155,Customer 0155,Consumer,SE,web,1,P120,Enterprise Subscription,subscription,1,205.32,205.32,USD
O102149,2025-12-10T17:27:32,2025-12-10,C0155,Customer 0155,Consumer,SE,web,2,P110,Professional Subscription,subscription,1,85.14,85.14,USD
O102150,2025-12-10T15:05:38,2025-12-10,C0012,Customer 0012,SMB,NE,mobile,1,P300,Implementation Package,service,1,532.62,532.62,USD
O102150,2025-12-10T15:05:38,2025-12-10,C0012,Customer 0012,SMB,NE,mobile,2,P310,Training Package,service,1,286.19,286.19,USD
O102151,2025-12-10T19:59:34,2025-12-10,C0137,Customer 0137,Mid-Market,NE,mobile,1,P110,Professional Subscription,subscription,1,83.02,83.02,USD
O102152,2025-12-10T19:33:48,2025-12-10,C0029,Customer 0029,Consumer,MW,web,1,P210,Automation Add-on,addon,2,60.98,121.96,USD
O102152,2025-12-10T19:33:48,2025-12-10,C0029,Customer 0029,Consumer,MW,web,2,P120,Enterprise Subscription,subscription,1,186.73,186.73,USD
O102153,2025-12-10T20:28:57,2025-12-10,C0056,Customer 0056,Consumer,SE,web,1,P300,Implementation Package,service,1,504.34,504.34,USD
O102153,2025-12-10T20:28:57,2025-12-10,C0056,Customer 0056,Consumer,SE,web,2,P100,Starter Subscription,subscription,1,26.95,26.95,USD
O102153,2025-12-10T20:28:57,2025-12-10,C0056,Customer 0056,Consumer,SE,web,3,P310,Training Package,service,1,280.68,280.68,USD
O102154,2025-12-10T19:20:05,2025-12-10,C0211,Customer 0211,SMB,NE,mobile,1,P300,Implementation Package,service,1,468.70,468.70,USD
O102154,2025-12-10T19:20:05,2025-12-10,C0211,Customer 0211,SMB,NE,mobile,2,P210,Automation Add-on,addon,2,58.88,117.76,USD
O102155,2025-12-10T09:02:00,2025-12-10,C0225,Customer 0225,Enterprise,MW,web,1,P210,Automation Add-on,addon,2,55.16,110.32,USD
O102156,2025-12-10T12:01:33,2025-12-10,C0111,Customer 0111,Consumer,NE,web,1,P100,Starter Subscription,subscription,1,26.95,26.95,USD
O102157,2025-12-10T16:12:38,2025-12-10,C0183,Customer 0183,SMB,MW,web,1,P310,Training Package,service,1,315.37,315.37,USD
O102158,2025-12-10T16:55:24,2025-12-10,C0190,Customer 0190,Consumer,W,partner,1,P300,Implementation Package,service,1,473.12,473.12,USD
O102158,2025-12-10T16:55:24,2025-12-10,C0190,Customer 0190,Consumer,W,partner,2,P110,Professional Subscription,subscription,1,73.70,73.70,USD
O102159,2025-12-10T10:47:28,2025-12-10,C0030,Customer 0030,Consumer,SW,web,1,P120,Enterprise Subscription,subscription,1,210.19,210.19,USD
O102160,2025-12-11T12:51:28,2025-12-11,C0140,Customer 0140,Consumer,NE,mobile,1,P120,Enterprise Subscription,subscription,1,195.53,195.53,USD
O102160,2025-12-11T12:51:28,2025-12-11,C0140,Customer 0140,Consumer,NE,mobile,2,P100,Starter Subscription,subscription,1,27.86,27.86,USD
O102160,2025-12-11T12:51:28,2025-12-11,C0140,Customer 0140,Consumer,NE,mobile,3,P210,Automation Add-on,addon,2,54.45,108.90,USD
O102161,2025-12-11T09:26:22,2025-12-11,C0213,Customer 0213,Consumer,W,web,1,P210,Automation Add-on,addon,2,63.49,126.98,USD
O102161,2025-12-11T09:26:22,2025-12-11,C0213,Customer 0213,Consumer,W,web,2,P200,Analytics Add-on,addon,2,36.18,72.36,USD
O102161,2025-12-11T09:26:22,2025-12-11,C0213,Customer 0213,Consumer,W,web,3,P110,Professional Subscription,subscription,1,84.06,84.06,USD
O102162,2025-12-11T09:08:17,2025-12-11,C0017,Customer 0017,Enterprise,NE,web,1,P200,Analytics Add-on,addon,1,39.32,39.32,USD
O102163,2025-12-11T09:29:40,2025-12-11,C0001,Customer 0001,Consumer,NE,partner,1,P200,Analytics Add-on,addon,1,37.98,37.98,USD
O102164,2025-12-11T16:08:13,2025-12-11,C0172,Customer 0172,SMB,W,web,1,P110,Professional Subscription,subscription,1,80.61,80.61,USD
O102164,2025-12-11T16:08:13,2025-12-11,C0172,Customer 0172,SMB,W,web,2,P300,Implementation Package,service,1,463.67,463.67,USD
O102165,2025-12-11T11:07:48,2025-12-11,C0057,Customer 0057,Mid-Market,W,web,1,P300,Implementation Package,service,1,499.57,499.57,USD
O102166,2025-12-11T19:55:59,2025-12-11,C0211,Customer 0211,SMB,NE,mobile,1,P210,Automation Add-on,addon,1,61.38,61.38,USD
O102167,2025-12-11T20:52:43,2025-12-11,C0068,Customer 0068,SMB,SE,web,1,P310,Training Package,service,1,311.12,311.12,USD
O102168,2025-12-11T19:45:21,2025-12-11,C0069,Customer 0069,Consumer,SE,mobile,1,P200,Analytics Add-on,addon,1,41.67,41.67,USD
O102168,2025-12-11T19:45:21,2025-12-11,C0069,Customer 0069,Consumer,SE,mobile,2,P300,Implementation Package,service,1,519.38,519.38,USD
O102169,2025-12-11T10:13:00,2025-12-11,C0185,Customer 0185,SMB,SE,web,1,P120,Enterprise Subscription,subscription,1,214.22,214.22,USD
O102170,2025-12-11T09:51:38,2025-12-11,C0235,Customer 0235,Consumer,W,mobile,1,P300,Implementation Package,service,1,471.84,471.84,USD
O102171,2025-12-11T19:44:50,2025-12-11,C0163,Customer 0163,Consumer,MW,web,1,P200,Analytics Add-on,addon,1,36.35,36.35,USD
O102171,2025-12-11T19:44:50,2025-12-11,C0163,Customer 0163,Consumer,MW,web,2,P300,Implementation Package,service,1,465.29,465.29,USD
O102172,2025-12-11T15:43:40,2025-12-11,C0054,Customer 0054,Consumer,NE,web,1,P300,Implementation Package,service,1,521.26,521.26,USD
O102173,2025-12-11T19:45:27,2025-12-11,C0154,Customer 0154,SMB,SW,web,1,P200,Analytics Add-on,addon,1,37.83,37.83,USD
O102174,2025-12-11T20:29:34,2025-12-11,C0174,Customer 0174,Mid-Market,SW,mobile,1,P110,Professional Subscription,subscription,1,74.51,74.51,USD
O102175,2025-12-11T12:21:05,2025-12-11,C0080,Customer 0080,Mid-Market,W,mobile,1,P300,Implementation Package,service,1,488.46,488.46,USD
O102176,2025-12-11T16:08:28,2025-12-11,C0060,Customer 0060,Consumer,MW,web,1,P200,Analytics Add-on,addon,1,41.76,41.76,USD
O102177,2025-12-11T14:50:29,2025-12-11,C0211,Customer 0211,SMB,NE,web,1,P110,Professional Subscription,subscription,1,84.61,84.61,USD
O102177,2025-12-11T14:50:29,2025-12-11,C0211,Customer 0211,SMB,NE,web,2,P100,Starter Subscription,subscription,1,31.15,31.15,USD
O102178,2025-12-11T18:37:12,2025-12-11,C0201,Customer 0201,Consumer,NE,web,1,P300,Implementation Package,service,1,504.14,504.14,USD
O102179,2025-12-11T13:06:43,2025-12-11,C0031,Customer 0031,Mid-Market,MW,web,1,P200,Analytics Add-on,addon,2,37.96,75.92,USD
O102180,2025-12-11T13:13:41,2025-12-11,C0116,Customer 0116,Mid-Market,NE,web,1,P200,Analytics Add-on,addon,2,37.21,74.42,USD
O102181,2025-12-11T10:41:59,2025-12-11,C0180,Customer 0180,SMB,SE,web,1,P110,Professional Subscription,subscription,1,84.74,84.74,USD
O102181,2025-12-11T10:41:59,2025-12-11,C0180,Customer 0180,SMB,SE,web,2,P300,Implementation Package,service,1,483.73,483.73,USD
O102182,2025-12-11T14:28:18,2025-12-11,C0182,Customer 0182,Consumer,MW,web,1,P300,Implementation Package,service,1,534.53,534.53,USD
O102182,2025-12-11T14:28:18,2025-12-11,C0182,Customer 0182,Consumer,MW,web,2,P100,Starter Subscription,subscription,1,29.76,29.76,USD
O102182,2025-12-11T14:28:18,2025-12-11,C0182,Customer 0182,Consumer,MW,web,3,P210,Automation Add-on,addon,1,56.37,56.37,USD
O102183,2025-12-11T11:29:03,2025-12-11,C0149,Customer 0149,Mid-Market,MW,web,1,P200,Analytics Add-on,addon,1,36.02,36.02,USD
O102183,2025-12-11T11:29:03,2025-12-11,C0149,Customer 0149,Mid-Market,MW,web,2,P120,Enterprise Subscription,subscription,1,203.13,203.13,USD
O102184,2025-12-11T20:49:56,2025-12-11,C0167,Customer 0167,Consumer,NE,mobile,1,P310,Training Package,service,1,291.91,291.91,USD
O102185,2025-12-11T17:36:12,2025-12-11,C0201,Customer 0201,Consumer,NE,partner,1,P310,Training Package,service,1,309.95,309.95,USD
O102186,2025-12-11T12:55:48,2025-12-11,C0027,Customer 0027,Consumer,MW,web,1,P110,Professional Subscription,subscription,1,78.31,78.31,USD
O102186,2025-12-11T12:55:48,2025-12-11,C0027,Customer 0027,Consumer,MW,web,2,P300,Implementation Package,service,1,495.85,495.85,USD
O102187,2025-12-11T17:14:38,2025-12-11,C0146,Customer 0146,SMB,SW,partner,1,P210,Automation Add-on,addon,2,62.25,124.50,USD
O102188,2025-12-11T12:40:02,2025-12-11,C0134,Customer 0134,SMB,SW,web,1,P200,Analytics Add-on,addon,1,35.92,35.92,USD
O102188,2025-12-11T12:40:02,2025-12-11,C0134,Customer 0134,SMB,SW,web,2,P100,Starter Subscription,subscription,1,29.06,29.06,USD
O102189,2025-12-11T14:44:15,2025-12-11,C0123,Customer 0123,Consumer,W,web,1,P300,Implementation Package,service,1,483.82,483.82,USD
O102189,2025-12-11T14:44:15,2025-12-11,C0123,Customer 0123,Consumer,W,web,2,P210,Automation Add-on,addon,2,59.91,119.82,USD
O102190,2025-12-11T14:48:28,2025-12-11,C0189,Customer 0189,SMB,SW,mobile,1,P110,Professional Subscription,subscription,1,78.28,78.28,USD
O102190,2025-12-11T14:48:28,2025-12-11,C0189,Customer 0189,SMB,SW,mobile,2,P300,Implementation Package,service,1,489.25,489.25,USD
O102191,2025-12-11T16:10:20,2025-12-11,C0126,Customer 0126,SMB,SE,web,1,P300,Implementation Package,service,1,518.13,518.13,USD
O102192,2025-12-11T09:17:04,2025-12-11,C0198,Customer 0198,SMB,SW,web,1,P110,Professional Subscription,subscription,1,73.25,73.25,USD
O102193,2025-12-12T09:11:16,2025-12-12,C0190,Customer 0190,Consumer,W,web,1,P110,Professional Subscription,subscription,1,83.50,83.50,USD
O102193,2025-12-12T09:11:16,2025-12-12,C0190,Customer 0190,Consumer,W,web,2,P120,Enterprise Subscription,subscription,1,198.29,198.29,USD
O102194,2025-12-12T10:21:17,2025-12-12,C0074,Customer 0074,Mid-Market,NE,web,1,P200,Analytics Add-on,addon,1,41.79,41.79,USD
O102195,2025-12-12T15:01:32,2025-12-12,C0166,Customer 0166,SMB,SE,partner,1,P110,Professional Subscription,subscription,1,82.22,82.22,USD
O102195,2025-12-12T15:01:32,2025-12-12,C0166,Customer 0166,SMB,SE,partner,2,P310,Training Package,service,1,288.31,288.31,USD
O102195,2025-12-12T15:01:32,2025-12-12,C0166,Customer 0166,SMB,SE,partner,3,P120,Enterprise Subscription,subscription,1,190.42,190.42,USD
O102196,2025-12-12T16:12:26,2025-12-12,C0116,Customer 0116,Mid-Market,NE,mobile,1,P210,Automation Add-on,addon,1,60.11,60.11,USD
O102196,2025-12-12T16:12:26,2025-12-12,C0116,Customer 0116,Mid-Market,NE,mobile,2,P300,Implementation Package,service,1,482.72,482.72,USD
O102197,2025-12-12T08:43:01,2025-12-12,C0038,Customer 0038,Mid-Market,NE,web,1,P210,Automation Add-on,addon,2,54.36,108.72,USD
O102197,2025-12-12T08:43:01,2025-12-12,C0038,Customer 0038,Mid-Market,NE,web,2,P200,Analytics Add-on,addon,2,38.89,77.78,USD
O102198,2025-12-12T10:14:10,2025-12-12,C0184,Customer 0184,SMB,MW,web,1,P120,Enterprise Subscription,subscription,1,187.48,187.48,USD
O102199,2025-12-12T18:10:13,2025-12-12,C0043,Customer 0043,Mid-Market,MW,mobile,1,P110,Professional Subscription,subscription,1,79.03,79.03,USD
O102200,2025-12-12T10:05:49,2025-12-12,C0175,Customer 0175,Enterprise,W,web,1,P310,Training Package,service,1,287.39,287.39,USD
O102200,2025-12-12T10:05:49,2025-12-12,C0175,Customer 0175,Enterprise,W,web,2,P120,Enterprise Subscription,subscription,1,187.26,187.26,USD
O102201,2025-12-12T16:13:50,2025-12-12,C0014,Customer 0014,Consumer,SW,partner,1,P310,Training Package,service,1,282.02,282.02,USD
O102201,2025-12-12T16:13:50,2025-12-12,C0014,Customer 0014,Consumer,SW,partner,2,P110,Professional Subscription,subscription,1,73.32,73.32,USD
O102202,2025-12-12T20:23:32,2025-12-12,C0124,Customer 0124,SMB,SE,web,1,P200,Analytics Add-on,addon,1,40.42,40.42,USD
O102203,2025-12-12T15:47:56,2025-12-12,C0044,Customer 0044,SMB,NE,web,1,P300,Implementation Package,service,1,531.05,531.05,USD
O102204,2025-12-12T08:05:30,2025-12-12,C0039,Customer 0039,Mid-Market,SW,partner,1,P100,Starter Subscription,subscription,1,27.20,27.20,USD
O102204,2025-12-12T08:05:30,2025-12-12,C0039,Customer 0039,Mid-Market,SW,partner,2,P310,Training Package,service,1,290.45,290.45,USD
O102205,2025-12-12T09:44:25,2025-12-12,C0126,Customer 0126,SMB,SE,web,1,P310,Training Package,service,1,310.41,310.41,USD
O102206,2025-12-12T11:39:40,2025-12-12,C0208,Customer 0208,Consumer,NE,web,1,P110,Professional Subscription,subscription,1,84.60,84.60,USD
O102206,2025-12-12T11:39:40,2025-12-12,C0208,Customer 0208,Consumer,NE,web,2,P210,Automation Add-on,addon,1,56.08,56.08,USD
O102207,2025-12-12T10:44:11,2025-12-12,C0059,Customer 0059,Consumer,W,mobile,1,P310,Training Package,service,1,298.09,298.09,USD
O102208,2025-12-12T15:35:26,2025-12-12,C0213,Customer 0213,Consumer,W,partner,1,P310,Training Package,service,1,278.12,278.12,USD
O102208,2025-12-12T15:35:26,2025-12-12,C0213,Customer 0213,Consumer,W,partner,2,P110,Professional Subscription,subscription,1,77.58,77.58,USD
O102208,2025-12-12T15:35:26,2025-12-12,C0213,Customer 0213,Consumer,W,partner,3,P210,Automation Add-on,addon,1,62.90,62.90,USD
O102209,2025-12-12T13:56:29,2025-12-12,C0083,Customer 0083,Mid-Market,SW,web,1,P210,Automation Add-on,addon,1,59.24,59.24,USD
O102209,2025-12-12T13:56:29,2025-12-12,C0083,Customer 0083,Mid-Market,SW,web,2,P300,Implementation Package,service,1,469.90,469.90,USD
O102210,2025-12-12T09:46:24,2025-12-12,C0074,Customer 0074,Mid-Market,NE,web,1,P210,Automation Add-on,addon,1,58.64,58.64,USD
O102210,2025-12-12T09:46:24,2025-12-12,C0074,Customer 0074,Mid-Market,NE,web,2,P110,Professional Subscription,subscription,1,82.25,82.25,USD
O102211,2025-12-12T16:31:06,2025-12-12,C0153,Customer 0153,Consumer,W,web,1,P200,Analytics Add-on,addon,1,39.71,39.71,USD
O102212,2025-12-12T14:13:30,2025-12-12,C0188,Customer 0188,Mid-Market,SW,mobile,1,P210,Automation Add-on,addon,1,60.69,60.69,USD
O102213,2025-12-12T19:22:46,2025-12-12,C0169,Customer 0169,Consumer,SW,partner,1,P200,Analytics Add-on,addon,1,39.12,39.12,USD
O102213,2025-12-12T19:22:46,2025-12-12,C0169,Customer 0169,Consumer,SW,partner,2,P110,Professional Subscription,subscription,1,78.93,78.93,USD
O102214,2025-12-12T14:38:34,2025-12-12,C0121,Customer 0121,SMB,NE,partner,1,P200,Analytics Add-on,addon,1,41.01,41.01,USD
O102215,2025-12-12T14:13:20,2025-12-12,C0230,Customer 0230,Enterprise,MW,mobile,1,P310,Training Package,service,1,292.56,292.56,USD
O102215,2025-12-12T14:13:20,2025-12-12,C0230,Customer 0230,Enterprise,MW,mobile,2,P210,Automation Add-on,addon,1,54.99,54.99,USD
O102215,2025-12-12T14:13:20,2025-12-12,C0230,Customer 0230,Enterprise,MW,mobile,3,P100,Starter Subscription,subscription,1,27.48,27.48,USD
O102216,2025-12-12T16:16:01,2025-12-12,C0227,Customer 0227,Mid-Market,MW,mobile,1,P110,Professional Subscription,subscription,1,77.17,77.17,USD
O102217,2025-12-12T08:39:39,2025-12-12,C0069,Customer 0069,Consumer,SE,web,1,P120,Enterprise Subscription,subscription,1,198.58,198.58,USD
O102217,2025-12-12T08:39:39,2025-12-12,C0069,Customer 0069,Consumer,SE,web,2,P100,Starter Subscription,subscription,1,30.79,30.79,USD
O102217,2025-12-12T08:39:39,2025-12-12,C0069,Customer 0069,Consumer,SE,web,3,P110,Professional Subscription,subscription,1,81.30,81.30,USD
O102218,2025-12-12T14:22:15,2025-12-12,C0192,Customer 0192,Mid-Market,MW,mobile,1,P210,Automation Add-on,addon,1,54.65,54.65,USD
O102219,2025-12-12T20:46:42,2025-12-12,C0121,Customer 0121,SMB,NE,mobile,1,P110,Professional Subscription,subscription,1,76.93,76.93,USD
O102220,2025-12-13T08:15:43,2025-12-13,C0161,Customer 0161,Mid-Market,SE,web,1,P210,Automation Add-on,addon,1,57.40,57.40,USD
O102221,2025-12-13T12:00:38,2025-12-13,C0237,Customer 0237,Mid-Market,MW,mobile,1,P100,Starter Subscription,subscription,1,27.65,27.65,USD
O102221,2025-12-13T12:00:38,2025-12-13,C0237,Customer 0237,Mid-Market,MW,mobile,2,P200,Analytics Add-on,addon,2,36.73,73.46,USD
O102222,2025-12-13T16:17:35,2025-12-13,C0192,Customer 0192,Mid-Market,MW,web,1,P120,Enterprise Subscription,subscription,1,208.80,208.80,USD
O102222,2025-12-13T16:17:35,2025-12-13,C0192,Customer 0192,Mid-Market,MW,web,2,P210,Automation Add-on,addon,2,56.39,112.78,USD
O102222,2025-12-13T16:17:35,2025-12-13,C0192,Customer 0192,Mid-Market,MW,web,3,P110,Professional Subscription,subscription,1,76.83,76.83,USD
O102223,2025-12-13T08:30:00,2025-12-13,C0101,Customer 0101,SMB,SE,mobile,1,P120,Enterprise Subscription,subscription,1,193.82,193.82,USD
O102223,2025-12-13T08:30:00,2025-12-13,C0101,Customer 0101,SMB,SE,mobile,2,P110,Professional Subscription,subscription,1,81.50,81.50,USD
O102224,2025-12-13T20:11:26,2025-12-13,C0027,Customer 0027,Consumer,MW,web,1,P300,Implementation Package,service,1,507.68,507.68,USD
O102225,2025-12-13T15:18:41,2025-12-13,C0142,Customer 0142,SMB,SW,web,1,P310,Training Package,service,1,283.72,283.72,USD
O102226,2025-12-13T12:34:50,2025-12-13,C0049,Customer 0049,Mid-Market,SE,web,1,P310,Training Package,service,1,320.25,320.25,USD
O102227,2025-12-13T14:25:56,2025-12-13,C0042,Customer 0042,Consumer,MW,mobile,1,P100,Starter Subscription,subscription,1,29.18,29.18,USD
O102228,2025-12-13T20:12:55,2025-12-13,C0145,Customer 0145,Mid-Market,W,web,1,P120,Enterprise Subscription,subscription,1,205.19,205.19,USD
O102229,2025-12-13T15:39:28,2025-12-13,C0067,Customer 0067,SMB,NE,partner,1,P100,Starter Subscription,subscription,1,26.78,26.78,USD
O102229,2025-12-13T15:39:28,2025-12-13,C0067,Customer 0067,SMB,NE,partner,2,P210,Automation Add-on,addon,1,62.25,62.25,USD
O102230,2025-12-13T19:39:58,2025-12-13,C0079,Customer 0079,SMB,SE,mobile,1,P200,Analytics Add-on,addon,1,40.22,40.22,USD
O102230,2025-12-13T19:39:58,2025-12-13,C0079,Customer 0079,SMB,SE,mobile,2,P110,Professional Subscription,subscription,1,82.52,82.52,USD
O102231,2025-12-13T17:29:55,2025-12-13,C0019,Customer 0019,Consumer,NE,web,1,P100,Starter Subscription,subscription,1,28.42,28.42,USD
O102232,2025-12-13T14:16:36,2025-12-13,C0144,Customer 0144,Consumer,W,web,1,P100,Starter Subscription,subscription,1,29.22,29.22,USD
O102232,2025-12-13T14:16:36,2025-12-13,C0144,Customer 0144,Consumer,W,web,2,P200,Analytics Add-on,addon,1,36.47,36.47,USD
O102233,2025-12-13T15:22:06,2025-12-13,C0057,Customer 0057,Mid-Market,W,web,1,P210,Automation Add-on,addon,2,61.23,122.46,USD
O102234,2025-12-13T18:01:04,2025-12-13,C0168,Customer 0168,Mid-Market,W,web,1,P300,Implementation Package,service,1,523.67,523.67,USD
O102234,2025-12-13T18:01:04,2025-12-13,C0168,Customer 0168,Mid-Market,W,web,2,P210,Automation Add-on,addon,1,63.01,63.01,USD
O102235,2025-12-13T09:00:08,2025-12-13,C0198,Customer 0198,SMB,SW,web,1,P210,Automation Add-on,addon,2,58.78,117.56,USD
O102235,2025-12-13T09:00:08,2025-12-13,C0198,Customer 0198,SMB,SW,web,2,P310,Training Package,service,1,305.29,305.29,USD
O102236,2025-12-13T15:22:09,2025-12-13,C0156,Customer 0156,Enterprise,SW,web,1,P210,Automation Add-on,addon,2,58.35,116.70,USD
O102236,2025-12-13T15:22:09,2025-12-13,C0156,Customer 0156,Enterprise,SW,web,2,P120,Enterprise Subscription,subscription,1,192.62,192.62,USD
O102237,2025-12-13T11:38:46,2025-12-13,C0128,Customer 0128,Consumer,SE,web,1,P310,Training Package,service,1,313.75,313.75,USD
O102238,2025-12-13T13:05:29,2025-12-13,C0227,Customer 0227,Mid-Market,MW,partner,1,P100,Starter Subscription,subscription,1,28.84,28.84,USD
O102238,2025-12-13T13:05:29,2025-12-13,C0227,Customer 0227,Mid-Market,MW,partner,2,P120,Enterprise Subscription,subscription,1,183.82,183.82,USD
O102239,2025-12-13T20:10:55,2025-12-13,C0196,Customer 0196,SMB,SW,web,1,P310,Training Package,service,1,312.60,312.60,USD
O102240,2025-12-13T19:18:57,2025-12-13,C0084,Customer 0084,Consumer,NE,partner,1,P300,Implementation Package,service,1,472.29,472.29,USD
O102241,2025-12-13T20:15:52,2025-12-13,C0230,Customer 0230,Enterprise,MW,web,1,P310,Training Package,service,1,308.42,308.42,USD
O102241,2025-12-13T20:15:52,2025-12-13,C0230,Customer 0230,Enterprise,MW,web,2,P200,Analytics Add-on,addon,1,40.43,40.43,USD
O102242,2025-12-13T13:44:27,2025-12-13,C0086,Customer 0086,Consumer,SW,mobile,1,P120,Enterprise Subscription,subscription,1,201.59,201.59,USD
O102242,2025-12-13T13:44:27,2025-12-13,C0086,Customer 0086,Consumer,SW,mobile,2,P110,Professional Subscription,subscription,1,78.93,78.93,USD
O102243,2025-12-13T09:17:38,2025-12-13,C0203,Customer 0203,SMB,SW,web,1,P120,Enterprise Subscription,subscription,1,188.86,188.86,USD
O102244,2025-12-13T16:24:45,2025-12-13,C0063,Customer 0063,SMB,NE,partner,1,P310,Training Package,service,1,286.04,286.04,USD
O102245,2025-12-13T13:34:22,2025-12-13,C0112,Customer 0112,SMB,NE,web,1,P310,Training Package,service,1,295.70,295.70,USD
O102246,2025-12-13T09:58:17,2025-12-13,C0136,Customer 0136,SMB,SE,mobile,1,P300,Implementation Package,service,1,509.98,509.98,USD
O102246,2025-12-13T09:58:17,2025-12-13,C0136,Customer 0136,SMB,SE,mobile,2,P120,Enterprise Subscription,subscription,1,187.12,187.12,USD
O102247,2025-12-13T20:48:38,2025-12-13,C0103,Customer 0103,Consumer,NE,partner,1,P100,Starter Subscription,subscription,1,29.25,29.25,USD
O102247,2025-12-13T20:48:38,2025-12-13,C0103,Customer 0103,Consumer,NE,partner,2,P120,Enterprise Subscription,subscription,1,202.44,202.44,USD
O102248,2025-12-14T12:11:03,2025-12-14,C0224,Customer 0224,Mid-Market,MW,web,1,P100,Starter Subscription,subscription,1,30.29,30.29,USD
O102249,2025-12-14T15:45:06,2025-12-14,C0045,Customer 0045,Consumer,MW,web,1,P200,Analytics Add-on,addon,1,38.00,38.00,USD
O102249,2025-12-14T15:45:06,2025-12-14,C0045,Customer 0045,Consumer,MW,web,2,P110,Professional Subscription,subscription,1,78.39,78.39,USD
O102250,2025-12-14T19:24:48,2025-12-14,C0135,Customer 0135,Mid-Market,SE,partner,1,P100,Starter Subscription,subscription,1,29.71,29.71,USD
O102251,2025-12-14T13:41:54,2025-12-14,C0061,Customer 0061,Consumer,MW,mobile,1,P120,Enterprise Subscription,subscription,1,197.39,197.39,USD
O102251,2025-12-14T13:41:54,2025-12-14,C0061,Customer 0061,Consumer,MW,mobile,2,P300,Implementation Package,service,1,527.28,527.28,USD
O102251,2025-12-14T13:41:54,2025-12-14,C0061,Customer 0061,Consumer,MW,mobile,3,P100,Starter Subscription,subscription,1,27.86,27.86,USD
O102252,2025-12-14T20:29:53,2025-12-14,C0003,Customer 0003,Consumer,W,web,1,P310,Training Package,service,1,296.16,296.16,USD
O102253,2025-12-14T20:46:46,2025-12-14,C0050,Customer 0050,Consumer,W,mobile,1,P120,Enterprise Subscription,subscription,1,194.25,194.25,USD
O102254,2025-12-14T08:26:13,2025-12-14,C0050,Customer 0050,Consumer,W,mobile,1,P310,Training Package,service,1,309.82,309.82,USD
O102255,2025-12-14T12:33:26,2025-12-14,C0033,Customer 0033,SMB,W,web,1,P310,Training Package,service,1,283.02,283.02,USD
O102255,2025-12-14T12:33:26,2025-12-14,C0033,Customer 0033,SMB,W,web,2,P300,Implementation Package,service,1,530.76,530.76,USD
O102255,2025-12-14T12:33:26,2025-12-14,C0033,Customer 0033,SMB,W,web,3,P110,Professional Subscription,subscription,1,83.41,83.41,USD
O102256,2025-12-14T15:56:00,2025-12-14,C0057,Customer 0057,Mid-Market,W,web,1,P300,Implementation Package,service,1,498.29,498.29,USD
O102256,2025-12-14T15:56:00,2025-12-14,C0057,Customer 0057,Mid-Market,W,web,2,P310,Training Package,service,1,291.10,291.10,USD
O102257,2025-12-14T11:43:52,2025-12-14,C0049,Customer 0049,Mid-Market,SE,web,1,P210,Automation Add-on,addon,1,62.96,62.96,USD
O102257,2025-12-14T11:43:52,2025-12-14,C0049,Customer 0049,Mid-Market,SE,web,2,P120,Enterprise Subscription,subscription,1,209.94,209.94,USD
O102258,2025-12-14T14:46:39,2025-12-14,C0130,Customer 0130,SMB,MW,partner,1,P210,Automation Add-on,addon,1,59.40,59.40,USD
O102258,2025-12-14T14:46:39,2025-12-14,C0130,Customer 0130,SMB,MW,partner,2,P310,Training Package,service,1,316.94,316.94,USD
O102259,2025-12-14T14:25:14,2025-12-14,C0102,Customer 0102,Consumer,SW,web,1,P310,Training Package,service,1,299.58,299.58,USD
O102260,2025-12-14T17:07:04,2025-12-14,C0171,Customer 0171,Consumer,NE,partner,1,P120,Enterprise Subscription,subscription,1,194.90,194.90,USD
O102260,2025-12-14T17:07:04,2025-12-14,C0171,Customer 0171,Consumer,NE,partner,2,P100,Starter Subscription,subscription,1,27.93,27.93,USD
O102260,2025-12-14T17:07:04,2025-12-14,C0171,Customer 0171,Consumer,NE,partner,3,P200,Analytics Add-on,addon,1,38.36,38.36,USD
O102261,2025-12-14T17:13:14,2025-12-14,C0043,Customer 0043,Mid-Market,MW,web,1,P200,Analytics Add-on,addon,1,37.97,37.97,USD
O102261,2025-12-14T17:13:14,2025-12-14,C0043,Customer 0043,Mid-Market,MW,web,2,P120,Enterprise Subscription,subscription,1,200.02,200.02,USD
O102262,2025-12-14T13:42:48,2025-12-14,C0210,Customer 0210,SMB,NE,web,1,P210,Automation Add-on,addon,2,60.73,121.46,USD
O102263,2025-12-14T17:14:59,2025-12-14,C0165,Customer 0165,Mid-Market,SE,web,1,P120,Enterprise Subscription,subscription,1,203.43,203.43,USD
O102264,2025-12-14T12:16:53,2025-12-14,C0158,Customer 0158,SMB,W,web,1,P110,Professional Subscription,subscription,1,77.66,77.66,USD
O102265,2025-12-14T19:38:34,2025-12-14,C0184,Customer 0184,SMB,MW,mobile,1,P100,Starter Subscription,subscription,1,30.93,30.93,USD
O102265,2025-12-14T19:38:34,2025-12-14,C0184,Customer 0184,SMB,MW,mobile,2,P310,Training Package,service,1,288.89,288.89,USD
O102266,2025-12-14T11:22:28,2025-12-14,C0191,Customer 0191,SMB,W,mobile,1,P100,Starter Subscription,subscription,1,29.26,29.26,USD
O102267,2025-12-14T10:25:49,2025-12-14,C0118,Customer 0118,SMB,SE,partner,1,P120,Enterprise Subscription,subscription,1,184.75,184.75,USD
O102268,2025-12-14T12:42:02,2025-12-14,C0083,Customer 0083,Mid-Market,SW,mobile,1,P110,Professional Subscription,subscription,1,82.10,82.10,USD
O102269,2025-12-15T19:25:09,2025-12-15,C0011,Customer 0011,SMB,MW,web,1,P110,Professional Subscription,subscription,1,77.63,77.63,USD
O102270,2025-12-15T14:07:17,2025-12-15,C0066,Customer 0066,Consumer,NE,web,1,P210,Automation Add-on,addon,2,62.49,124.98,USD
O102270,2025-12-15T14:07:17,2025-12-15,C0066,Customer 0066,Consumer,NE,web,2,P110,Professional Subscription,subscription,1,80.64,80.64,USD
O102271,2025-12-15T17:36:36,2025-12-15,C0224,Customer 0224,Mid-Market,MW,web,1,P100,Starter Subscription,subscription,1,27.83,27.83,USD
O102272,2025-12-15T15:18:25,2025-12-15,C0006,Customer 0006,Consumer,W,mobile,1,P100,Starter Subscription,subscription,1,30.56,30.56,USD
O102272,2025-12-15T15:18:25,2025-12-15,C0006,Customer 0006,Consumer,W,mobile,2,P120,Enterprise Subscription,subscription,1,193.84,193.84,USD
O102273,2025-12-15T11:31:38,2025-12-15,C0015,Customer 0015,SMB,SW,mobile,1,P210,Automation Add-on,addon,1,60.35,60.35,USD
O102273,2025-12-15T11:31:38,2025-12-15,C0015,Customer 0015,SMB,SW,mobile,2,P110,Professional Subscription,subscription,1,78.32,78.32,USD
O102273,2025-12-15T11:31:38,2025-12-15,C0015,Customer 0015,SMB,SW,mobile,3,P100,Starter Subscription,subscription,1,31.03,31.03,USD
O102274,2025-12-15T10:39:09,2025-12-15,C0159,Customer 0159,Consumer,SW,partner,1,P110,Professional Subscription,subscription,1,78.29,78.29,USD
O102275,2025-12-15T11:05:15,2025-12-15,C0144,Customer 0144,Consumer,W,web,1,P300,Implementation Package,service,1,476.49,476.49,USD
O102275,2025-12-15T11:05:15,2025-12-15,C0144,Customer 0144,Consumer,W,web,2,P310,Training Package,service,1,287.03,287.03,USD
O102276,2025-12-15T13:56:57,2025-12-15,C0227,Customer 0227,Mid-Market,MW,web,1,P300,Implementation Package,service,1,467.68,467.68,USD
O102276,2025-12-15T13:56:57,2025-12-15,C0227,Customer 0227,Mid-Market,MW,web,2,P120,Enterprise Subscription,subscription,1,186.62,186.62,USD
O102276,2025-12-15T13:56:57,2025-12-15,C0227,Customer 0227,Mid-Market,MW,web,3,P210,Automation Add-on,addon,1,54.39,54.39,USD
O102277,2025-12-15T17:50:33,2025-12-15,C0144,Customer 0144,Consumer,W,mobile,1,P200,Analytics Add-on,addon,1,40.42,40.42,USD
O102277,2025-12-15T17:50:33,2025-12-15,C0144,Customer 0144,Consumer,W,mobile,2,P110,Professional Subscription,subscription,1,74.47,74.47,USD
O102277,2025-12-15T17:50:33,2025-12-15,C0144,Customer 0144,Consumer,W,mobile,3,P300,Implementation Package,service,1,530.53,530.53,USD
O102278,2025-12-15T20:19:05,2025-12-15,C0154,Customer 0154,SMB,SW,mobile,1,P210,Automation Add-on,addon,1,58.77,58.77,USD
O102279,2025-12-15T10:59:15,2025-12-15,C0208,Customer 0208,Consumer,NE,partner,1,P100,Starter Subscription,subscription,1,31.24,31.24,USD
O102279,2025-12-15T10:59:15,2025-12-15,C0208,Customer 0208,Consumer,NE,partner,2,P300,Implementation Package,service,1,483.10,483.10,USD
O102279,2025-12-15T10:59:15,2025-12-15,C0208,Customer 0208,Consumer,NE,partner,3,P110,Professional Subscription,subscription,1,77.08,77.08,USD
O102280,2025-12-15T15:59:27,2025-12-15,C0177,Customer 0177,Consumer,W,mobile,1,P110,Professional Subscription,subscription,1,79.80,79.80,USD
O102281,2025-12-15T10:13:03,2025-12-15,C0163,Customer 0163,Consumer,MW,web,1,P200,Analytics Add-on,addon,1,39.36,39.36,USD
O102282,2025-12-15T18:41:37,2025-12-15,C0077,Customer 0077,SMB,SE,mobile,1,P100,Starter Subscription,subscription,1,30.15,30.15,USD
O102282,2025-12-15T18:41:37,2025-12-15,C0077,Customer 0077,SMB,SE,mobile,2,P200,Analytics Add-on,addon,1,41.59,41.59,USD
O102283,2025-12-15T12:18:07,2025-12-15,C0224,Customer 0224,Mid-Market,MW,web,1,P120,Enterprise Subscription,subscription,1,203.84,203.84,USD
O102283,2025-12-15T12:18:07,2025-12-15,C0224,Customer 0224,Mid-Market,MW,web,2,P210,Automation Add-on,addon,1,60.73,60.73,USD
O102284,2025-12-15T10:29:19,2025-12-15,C0112,Customer 0112,SMB,NE,mobile,1,P310,Training Package,service,1,297.73,297.73,USD
O102284,2025-12-15T10:29:19,2025-12-15,C0112,Customer 0112,SMB,NE,mobile,2,P120,Enterprise Subscription,subscription,1,184.78,184.78,USD
O102285,2025-12-15T13:28:46,2025-12-15,C0171,Customer 0171,Consumer,NE,web,1,P120,Enterprise Subscription,subscription,1,206.11,206.11,USD
O102286,2025-12-15T13:00:54,2025-12-15,C0061,Customer 0061,Consumer,MW,partner,1,P110,Professional Subscription,subscription,1,77.24,77.24,USD
O102287,2025-12-15T10:00:40,2025-12-15,C0229,Customer 0229,SMB,SE,web,1,P210,Automation Add-on,addon,2,57.08,114.16,USD
O102288,2025-12-15T12:27:07,2025-12-15,C0026,Customer 0026,Consumer,NE,mobile,1,P300,Implementation Package,service,1,480.27,480.27,USD
O102289,2025-12-15T13:14:41,2025-12-15,C0095,Customer 0095,SMB,SE,mobile,1,P310,Training Package,service,1,316.40,316.40,USD
O102289,2025-12-15T13:14:41,2025-12-15,C0095,Customer 0095,SMB,SE,mobile,2,P200,Analytics Add-on,addon,1,37.14,37.14,USD
O102290,2025-12-15T19:21:54,2025-12-15,C0215,Customer 0215,SMB,W,web,1,P120,Enterprise Subscription,subscription,1,184.30,184.30,USD
O102291,2025-12-15T10:51:27,2025-12-15,C0182,Customer 0182,Consumer,MW,web,1,P120,Enterprise Subscription,subscription,1,201.72,201.72,USD
O102292,2025-12-15T18:29:00,2025-12-15,C0190,Customer 0190,Consumer,W,mobile,1,P310,Training Package,service,1,284.11,284.11,USD
O102292,2025-12-15T18:29:00,2025-12-15,C0190,Customer 0190,Consumer,W,mobile,2,P300,Implementation Package,service,1,518.14,518.14,USD
O102293,2025-12-16T09:16:40,2025-12-16,C0053,Customer 0053,SMB,SE,partner,1,P100,Starter Subscription,subscription,1,27.73,27.73,USD
O102294,2025-12-16T15:34:50,2025-12-16,C0147,Customer 0147,Enterprise,W,web,1,P200,Analytics Add-on,addon,1,37.45,37.45,USD
O102295,2025-12-16T11:29:41,2025-12-16,C0021,Customer 0021,Mid-Market,SE,web,1,P300,Implementation Package,service,1,501.82,501.82,USD
O102295,2025-12-16T11:29:41,2025-12-16,C0021,Customer 0021,Mid-Market,SE,web,2,P210,Automation Add-on,addon,1,58.91,58.91,USD
O102296,2025-12-16T18:45:58,2025-12-16,C0195,Customer 0195,Consumer,SW,mobile,1,P110,Professional Subscription,subscription,1,73.34,73.34,USD
O102297,2025-12-16T13:21:35,2025-12-16,C0098,Customer 0098,SMB,W,web,1,P120,Enterprise Subscription,subscription,1,200.90,200.90,USD
O102298,2025-12-16T13:47:43,2025-12-16,C0210,Customer 0210,SMB,NE,mobile,1,P300,Implementation Package,service,1,500.29,500.29,USD
O102299,2025-12-16T12:28:12,2025-12-16,C0090,Customer 0090,Consumer,NE,mobile,1,P100,Starter Subscription,subscription,1,27.46,27.46,USD
O102300,2025-12-16T15:58:16,2025-12-16,C0192,Customer 0192,Mid-Market,MW,mobile,1,P300,Implementation Package,service,1,510.62,510.62,USD
O102301,2025-12-16T13:42:28,2025-12-16,C0072,Customer 0072,SMB,NE,web,1,P310,Training Package,service,1,317.65,317.65,USD
O102302,2025-12-16T08:38:21,2025-12-16,C0222,Customer 0222,Consumer,NE,web,1,P120,Enterprise Subscription,subscription,1,207.64,207.64,USD
O102302,2025-12-16T08:38:21,2025-12-16,C0222,Customer 0222,Consumer,NE,web,2,P110,Professional Subscription,subscription,1,83.87,83.87,USD
O102303,2025-12-16T11:19:02,2025-12-16,C0134,Customer 0134,SMB,SW,web,1,P210,Automation Add-on,addon,1,61.65,61.65,USD
O102303,2025-12-16T11:19:02,2025-12-16,C0134,Customer 0134,SMB,SW,web,2,P200,Analytics Add-on,addon,2,37.20,74.40,USD
O102304,2025-12-16T09:33:34,2025-12-16,C0117,Customer 0117,Consumer,MW,mobile,1,P110,Professional Subscription,subscription,1,81.97,81.97,USD
O102304,2025-12-16T09:33:34,2025-12-16,C0117,Customer 0117,Consumer,MW,mobile,2,P200,Analytics Add-on,addon,1,36.44,36.44,USD
O102305,2025-12-16T11:57:14,2025-12-16,C0088,Customer 0088,Consumer,SE,partner,1,P310,Training Package,service,1,293.61,293.61,USD
O102306,2025-12-16T19:13:40,2025-12-16,C0054,Customer 0054,Consumer,NE,mobile,1,P210,Automation Add-on,addon,1,59.00,59.00,USD
O102306,2025-12-16T19:13:40,2025-12-16,C0054,Customer 0054,Consumer,NE,mobile,2,P100,Starter Subscription,subscription,1,30.18,30.18,USD
O102307,2025-12-16T12:49:57,2025-12-16,C0077,Customer 0077,SMB,SE,web,1,P100,Starter Subscription,subscription,1,26.85,26.85,USD
O102308,2025-12-16T16:28:36,2025-12-16,C0011,Customer 0011,SMB,MW,partner,1,P200,Analytics Add-on,addon,2,42.06,84.12,USD
O102309,2025-12-16T08:41:35,2025-12-16,C0066,Customer 0066,Consumer,NE,web,1,P210,Automation Add-on,addon,2,59.70,119.40,USD
O102309,2025-12-16T08:41:35,2025-12-16,C0066,Customer 0066,Consumer,NE,web,2,P110,Professional Subscription,subscription,1,73.92,73.92,USD
O102310,2025-12-16T09:26:27,2025-12-16,C0181,Customer 0181,SMB,W,web,1,P210,Automation Add-on,addon,1,55.52,55.52,USD
O102310,2025-12-16T09:26:27,2025-12-16,C0181,Customer 0181,SMB,W,web,2,P300,Implementation Package,service,1,532.77,532.77,USD
O102311,2025-12-16T14:11:54,2025-12-16,C0102,Customer 0102,Consumer,SW,web,1,P310,Training Package,service,1,318.47,318.47,USD
O102311,2025-12-16T14:11:54,2025-12-16,C0102,Customer 0102,Consumer,SW,web,2,P100,Starter Subscription,subscription,1,29.21,29.21,USD
O102311,2025-12-16T14:11:54,2025-12-16,C0102,Customer 0102,Consumer,SW,web,3,P120,Enterprise Subscription,subscription,1,199.95,199.95,USD
O102312,2025-12-16T14:49:16,2025-12-16,C0117,Customer 0117,Consumer,MW,mobile,1,P200,Analytics Add-on,addon,1,36.93,36.93,USD
O102313,2025-12-16T13:51:09,2025-12-16,C0177,Customer 0177,Consumer,W,mobile,1,P300,Implementation Package,service,1,506.51,506.51,USD
O102314,2025-12-16T14:42:02,2025-12-16,C0103,Customer 0103,Consumer,NE,web,1,P100,Starter Subscription,subscription,1,29.69,29.69,USD
O102315,2025-12-16T19:25:11,2025-12-16,C0168,Customer 0168,Mid-Market,W,mobile,1,P300,Implementation Package,service,1,529.53,529.53,USD
O102316,2025-12-16T09:28:49,2025-12-16,C0081,Customer 0081,SMB,W,web,1,P210,Automation Add-on,addon,2,56.36,112.72,USD
O102317,2025-12-16T11:54:00,2025-12-16,C0178,Customer 0178,Consumer,W,web,1,P310,Training Package,service,1,283.56,283.56,USD
O102318,2025-12-16T11:42:27,2025-12-16,C0027,Customer 0027,Consumer,MW,web,1,P210,Automation Add-on,addon,1,62.55,62.55,USD
O102319,2025-12-16T16:44:53,2025-12-16,C0178,Customer 0178,Consumer,W,mobile,1,P310,Training Package,service,1,287.12,287.12,USD
O102320,2025-12-17T12:42:52,2025-12-17,C0024,Customer 0024,SMB,SW,web,1,P310,Training Package,service,1,295.07,295.07,USD
O102320,2025-12-17T12:42:52,2025-12-17,C0024,Customer 0024,SMB,SW,web,2,P300,Implementation Package,service,1,513.83,513.83,USD
O102321,2025-12-17T09:04:57,2025-12-17,C0230,Customer 0230,Enterprise,MW,web,1,P200,Analytics Add-on,addon,1,41.23,41.23,USD
O102321,2025-12-17T09:04:57,2025-12-17,C0230,Customer 0230,Enterprise,MW,web,2,P310,Training Package,service,1,298.35,298.35,USD
O102322,2025-12-17T09:46:37,2025-12-17,C0039,Customer 0039,Mid-Market,SW,web,1,P120,Enterprise Subscription,subscription,1,214.62,214.62,USD
O102322,2025-12-17T09:46:37,2025-12-17,C0039,Customer 0039,Mid-Market,SW,web,2,P200,Analytics Add-on,addon,1,37.59,37.59,USD
O102322,2025-12-17T09:46:37,2025-12-17,C0039,Customer 0039,Mid-Market,SW,web,3,P300,Implementation Package,service,1,477.32,477.32,USD
O102323,2025-12-17T18:59:06,2025-12-17,C0234,Customer 0234,SMB,SW,mobile,1,P100,Starter Subscription,subscription,1,31.07,31.07,USD
O102323,2025-12-17T18:59:06,2025-12-17,C0234,Customer 0234,SMB,SW,mobile,2,P210,Automation Add-on,addon,2,55.52,111.04,USD
O102324,2025-12-17T20:17:21,2025-12-17,C0049,Customer 0049,Mid-Market,SE,web,1,P310,Training Package,service,1,280.67,280.67,USD
O102325,2025-12-17T14:49:56,2025-12-17,C0209,Customer 0209,SMB,NE,web,1,P300,Implementation Package,service,1,466.71,466.71,USD
O102326,2025-12-17T09:13:17,2025-12-17,C0194,Customer 0194,Consumer,W,web,1,P310,Training Package,service,1,282.13,282.13,USD
O102326,2025-12-17T09:13:17,2025-12-17,C0194,Customer 0194,Consumer,W,web,2,P110,Professional Subscription,subscription,1,79.46,79.46,USD
O102326,2025-12-17T09:13:17,2025-12-17,C0194,Customer 0194,Consumer,W,web,3,P210,Automation Add-on,addon,2,54.91,109.82,USD
O102327,2025-12-17T16:54:52,2025-12-17,C0154,Customer 0154,SMB,SW,partner,1,P310,Training Package,service,1,293.59,293.59,USD
O102327,2025-12-17T16:54:52,2025-12-17,C0154,Customer 0154,SMB,SW,partner,2,P300,Implementation Package,service,1,463.10,463.10,USD
O102327,2025-12-17T16:54:52,2025-12-17,C0154,Customer 0154,SMB,SW,partner,3,P100,Starter Subscription,subscription,1,27.80,27.80,USD
O102328,2025-12-17T16:36:39,2025-12-17,C0145,Customer 0145,Mid-Market,W,web,1,P310,Training Package,service,1,298.94,298.94,USD
O102328,2025-12-17T16:36:39,2025-12-17,C0145,Customer 0145,Mid-Market,W,web,2,P200,Analytics Add-on,addon,1,39.21,39.21,USD
O102328,2025-12-17T16:36:39,2025-12-17,C0145,Customer 0145,Mid-Market,W,web,3,P300,Implementation Package,service,1,530.61,530.61,USD
O102329,2025-12-17T09:45:49,2025-12-17,C0079,Customer 0079,SMB,SE,web,1,P200,Analytics Add-on,addon,2,36.53,73.06,USD
O102329,2025-12-17T09:45:49,2025-12-17,C0079,Customer 0079,SMB,SE,web,2,P210,Automation Add-on,addon,1,55.63,55.63,USD
O102330,2025-12-17T09:08:42,2025-12-17,C0036,Customer 0036,Mid-Market,NE,mobile,1,P310,Training Package,service,1,311.57,311.57,USD
O102331,2025-12-17T18:37:54,2025-12-17,C0125,Customer 0125,Mid-Market,NE,mobile,1,P210,Automation Add-on,addon,2,60.23,120.46,USD
O102332,2025-12-17T12:00:18,2025-12-17,C0202,Customer 0202,Mid-Market,SW,web,1,P110,Professional Subscription,subscription,1,73.63,73.63,USD
O102333,2025-12-17T15:28:22,2025-12-17,C0110,Customer 0110,Consumer,W,web,1,P210,Automation Add-on,addon,2,61.56,123.12,USD
O102334,2025-12-17T17:00:44,2025-12-17,C0169,Customer 0169,Consumer,SW,web,1,P310,Training Package,service,1,311.26,311.26,USD
O102334,2025-12-17T17:00:44,2025-12-17,C0169,Customer 0169,Consumer,SW,web,2,P100,Starter Subscription,subscription,1,28.45,28.45,USD
O102334,2025-12-17T17:00:44,2025-12-17,C0169,Customer 0169,Consumer,SW,web,3,P300,Implementation Package,service,1,533.17,533.17,USD
O102335,2025-12-17T20:33:46,2025-12-17,C0131,Customer 0131,Consumer,SE,web,1,P120,Enterprise Subscription,subscription,1,203.22,203.22,USD
O102336,2025-12-17T14:04:33,2025-12-17,C0238,Customer 0238,Mid-Market,MW,web,1,P120,Enterprise Subscription,subscription,1,183.72,183.72,USD
O102336,2025-12-17T14:04:33,2025-12-17,C0238,Customer 0238,Mid-Market,MW,web,2,P200,Analytics Add-on,addon,1,39.55,39.55,USD
O102337,2025-12-17T09:12:17,2025-12-17,C0150,Customer 0150,Mid-Market,NE,partner,1,P210,Automation Add-on,addon,1,55.75,55.75,USD
O102337,2025-12-17T09:12:17,2025-12-17,C0150,Customer 0150,Mid-Market,NE,partner,2,P300,Implementation Package,service,1,486.14,486.14,USD
O102338,2025-12-17T09:18:09,2025-12-17,C0069,Customer 0069,Consumer,SE,mobile,1,P200,Analytics Add-on,addon,1,38.52,38.52,USD
O102339,2025-12-17T15:24:24,2025-12-17,C0073,Customer 0073,Mid-Market,SW,mobile,1,P110,Professional Subscription,subscription,1,78.65,78.65,USD
O102339,2025-12-17T15:24:24,2025-12-17,C0073,Customer 0073,Mid-Market,SW,mobile,2,P200,Analytics Add-on,addon,1,41.56,41.56,USD
O102340,2025-12-17T20:47:32,2025-12-17,C0035,Customer 0035,SMB,SE,web,1,P110,Professional Subscription,subscription,1,80.42,80.42,USD
O102340,2025-12-17T20:47:32,2025-12-17,C0035,Customer 0035,SMB,SE,web,2,P120,Enterprise Subscription,subscription,1,209.80,209.80,USD
O102340,2025-12-17T20:47:32,2025-12-17,C0035,Customer 0035,SMB,SE,web,3,P210,Automation Add-on,addon,1,58.51,58.51,USD
O102341,2025-12-17T14:32:17,2025-12-17,C0240,Customer 0240,Consumer,W,web,1,P310,Training Package,service,1,282.72,282.72,USD
O102342,2025-12-17T08:46:30,2025-12-17,C0129,Customer 0129,Consumer,SE,web,1,P120,Enterprise Subscription,subscription,1,207.48,207.48,USD
O102342,2025-12-17T08:46:30,2025-12-17,C0129,Customer 0129,Consumer,SE,web,2,P200,Analytics Add-on,addon,1,36.59,36.59,USD
O102343,2025-12-17T09:10:37,2025-12-17,C0167,Customer 0167,Consumer,NE,partner,1,P210,Automation Add-on,addon,2,61.95,123.90,USD
O102344,2025-12-17T20:01:46,2025-12-17,C0192,Customer 0192,Mid-Market,MW,web,1,P200,Analytics Add-on,addon,1,38.21,38.21,USD
O102345,2025-12-17T16:38:42,2025-12-17,C0210,Customer 0210,SMB,NE,partner,1,P310,Training Package,service,1,279.56,279.56,USD
O102346,2025-12-17T20:40:54,2025-12-17,C0100,Customer 0100,Consumer,MW,mobile,1,P110,Professional Subscription,subscription,1,76.25,76.25,USD
O102347,2025-12-18T14:01:48,2025-12-18,C0110,Customer 0110,Consumer,W,mobile,1,P200,Analytics Add-on,addon,2,41.81,83.62,USD
O102347,2025-12-18T14:01:48,2025-12-18,C0110,Customer 0110,Consumer,W,mobile,2,P210,Automation Add-on,addon,1,62.33,62.33,USD
O102347,2025-12-18T14:01:48,2025-12-18,C0110,Customer 0110,Consumer,W,mobile,3,P110,Professional Subscription,subscription,1,83.63,83.63,USD
O102348,2025-12-18T17:50:55,2025-12-18,C0110,Customer 0110,Consumer,W,mobile,1,P120,Enterprise Subscription,subscription,1,208.40,208.40,USD
O102349,2025-12-18T16:01:42,2025-12-18,C0177,Customer 0177,Consumer,W,web,1,P100,Starter Subscription,subscription,1,30.51,30.51,USD
O102350,2025-12-18T18:01:08,2025-12-18,C0049,Customer 0049,Mid-Market,SE,partner,1,P310,Training Package,service,1,312.55,312.55,USD
O102350,2025-12-18T18:01:08,2025-12-18,C0049,Customer 0049,Mid-Market,SE,partner,2,P110,Professional Subscription,subscription,1,83.71,83.71,USD
O102351,2025-12-18T09:43:59,2025-12-18,C0203,Customer 0203,SMB,SW,web,1,P120,Enterprise Subscription,subscription,1,196.84,196.84,USD
O102351,2025-12-18T09:43:59,2025-12-18,C0203,Customer 0203,SMB,SW,web,2,P100,Starter Subscription,subscription,1,31.25,31.25,USD
O102351,2025-12-18T09:43:59,2025-12-18,C0203,Customer 0203,SMB,SW,web,3,P210,Automation Add-on,addon,2,62.82,125.64,USD
O102352,2025-12-18T15:10:49,2025-12-18,C0237,Customer 0237,Mid-Market,MW,mobile,1,P210,Automation Add-on,addon,1,56.31,56.31,USD
O102352,2025-12-18T15:10:49,2025-12-18,C0237,Customer 0237,Mid-Market,MW,mobile,2,P300,Implementation Package,service,1,523.72,523.72,USD
O102353,2025-12-18T14:30:35,2025-12-18,C0012,Customer 0012,SMB,NE,mobile,1,P200,Analytics Add-on,addon,1,36.63,36.63,USD
O102354,2025-12-18T08:31:43,2025-12-18,C0099,Customer 0099,Enterprise,MW,web,1,P200,Analytics Add-on,addon,2,40.22,80.44,USD
O102355,2025-12-18T19:03:01,2025-12-18,C0222,Customer 0222,Consumer,NE,mobile,1,P120,Enterprise Subscription,subscription,1,211.81,211.81,USD
O102355,2025-12-18T19:03:01,2025-12-18,C0222,Customer 0222,Consumer,NE,mobile,2,P300,Implementation Package,service,1,510.71,510.71,USD
O102355,2025-12-18T19:03:01,2025-12-18,C0222,Customer 0222,Consumer,NE,mobile,3,P210,Automation Add-on,addon,1,60.34,60.34,USD
O102356,2025-12-18T14:33:30,2025-12-18,C0110,Customer 0110,Consumer,W,mobile,1,P300,Implementation Package,service,1,523.24,523.24,USD
O102357,2025-12-18T18:06:53,2025-12-18,C0140,Customer 0140,Consumer,NE,web,1,P300,Implementation Package,service,1,472.42,472.42,USD
O102357,2025-12-18T18:06:53,2025-12-18,C0140,Customer 0140,Consumer,NE,web,2,P110,Professional Subscription,subscription,1,84.81,84.81,USD
O102358,2025-12-18T17:16:31,2025-12-18,C0155,Customer 0155,Consumer,SE,mobile,1,P210,Automation Add-on,addon,1,60.84,60.84,USD
O102358,2025-12-18T17:16:31,2025-12-18,C0155,Customer 0155,Consumer,SE,mobile,2,P310,Training Package,service,1,294.05,294.05,USD
O102359,2025-12-18T10:39:23,2025-12-18,C0240,Customer 0240,Consumer,W,web,1,P310,Training Package,service,1,313.83,313.83,USD
O102359,2025-12-18T10:39:23,2025-12-18,C0240,Customer 0240,Consumer,W,web,2,P210,Automation Add-on,addon,1,54.66,54.66,USD
O102359,2025-12-18T10:39:23,2025-12-18,C0240,Customer 0240,Consumer,W,web,3,P200,Analytics Add-on,addon,1,36.72,36.72,USD
O102360,2025-12-18T19:07:39,2025-12-18,C0020,Customer 0020,SMB,MW,web,1,P110,Professional Subscription,subscription,1,84.43,84.43,USD
O102361,2025-12-18T16:23:37,2025-12-18,C0023,Customer 0023,Consumer,W,web,1,P200,Analytics Add-on,addon,1,36.57,36.57,USD
O102362,2025-12-18T10:16:37,2025-12-18,C0041,Customer 0041,Consumer,NE,web,1,P120,Enterprise Subscription,subscription,1,183.95,183.95,USD
O102362,2025-12-18T10:16:37,2025-12-18,C0041,Customer 0041,Consumer,NE,web,2,P310,Training Package,service,1,310.59,310.59,USD
O102363,2025-12-18T13:44:37,2025-12-18,C0206,Customer 0206,Consumer,SW,web,1,P310,Training Package,service,1,278.64,278.64,USD
O102364,2025-12-18T20:28:32,2025-12-18,C0030,Customer 0030,Consumer,SW,web,1,P100,Starter Subscription,subscription,1,27.61,27.61,USD
O102365,2025-12-18T13:30:01,2025-12-18,C0048,Customer 0048,Enterprise,SE,web,1,P200,Analytics Add-on,addon,2,40.51,81.02,USD
O102366,2025-12-18T14:46:04,2025-12-18,C0180,Customer 0180,SMB,SE,web,1,P300,Implementation Package,service,1,497.01,497.01,USD
O102367,2025-12-18T09:53:36,2025-12-18,C0164,Customer 0164,Consumer,SE,web,1,P120,Enterprise Subscription,subscription,1,207.98,207.98,USD
O102367,2025-12-18T09:53:36,2025-12-18,C0164,Customer 0164,Consumer,SE,web,2,P100,Starter Subscription,subscription,1,30.40,30.40,USD
O102368,2025-12-18T16:30:52,2025-12-18,C0139,Customer 0139,Consumer,W,web,1,P200,Analytics Add-on,addon,1,37.19,37.19,USD
O102369,2025-12-18T13:09:23,2025-12-18,C0201,Customer 0201,Consumer,NE,web,1,P210,Automation Add-on,addon,1,62.92,62.92,USD
O102369,2025-12-18T13:09:23,2025-12-18,C0201,Customer 0201,Consumer,NE,web,2,P310,Training Package,service,1,290.52,290.52,USD
O102369,2025-12-18T13:09:23,2025-12-18,C0201,Customer 0201,Consumer,NE,web,3,P100,Starter Subscription,subscription,1,28.11,28.11,USD
O102370,2025-12-18T10:42:14,2025-12-18,C0072,Customer 0072,SMB,NE,web,1,P110,Professional Subscription,subscription,1,77.39,77.39,USD
O102371,2025-12-18T12:43:52,2025-12-18,C0111,Customer 0111,Consumer,NE,web,1,P300,Implementation Package,service,1,494.89,494.89,USD
O102372,2025-12-18T11:08:17,2025-12-18,C0095,Customer 0095,SMB,SE,web,1,P310,Training Package,service,1,309.35,309.35,USD
O102373,2025-12-18T16:44:05,2025-12-18,C0108,Customer 0108,SMB,W,mobile,1,P310,Training Package,service,1,291.58,291.58,USD
O102373,2025-12-18T16:44:05,2025-12-18,C0108,Customer 0108,SMB,W,mobile,2,P300,Implementation Package,service,1,512.96,512.96,USD
O102374,2025-12-18T20:39:00,2025-12-18,C0017,Customer 0017,Enterprise,NE,web,1,P310,Training Package,service,1,320.92,320.92,USD
O102374,2025-12-18T20:39:00,2025-12-18,C0017,Customer 0017,Enterprise,NE,web,2,P210,Automation Add-on,addon,1,55.83,55.83,USD
O102375,2025-12-18T19:17:13,2025-12-18,C0042,Customer 0042,Consumer,MW,web,1,P300,Implementation Package,service,1,532.19,532.19,USD
O102375,2025-12-18T19:17:13,2025-12-18,C0042,Customer 0042,Consumer,MW,web,2,P120,Enterprise Subscription,subscription,1,214.14,214.14,USD
O102376,2025-12-18T09:26:39,2025-12-18,C0092,Customer 0092,Mid-Market,W,web,1,P110,Professional Subscription,subscription,1,80.98,80.98,USD
O102377,2025-12-19T10:33:16,2025-12-19,C0154,Customer 0154,SMB,SW,web,1,P120,Enterprise Subscription,subscription,1,198.58,198.58,USD
O102378,2025-12-19T09:41:42,2025-12-19,C0019,Customer 0019,Consumer,NE,mobile,1,P100,Starter Subscription,subscription,1,29.70,29.70,USD
O102379,2025-12-19T11:52:49,2025-12-19,C0227,Customer 0227,Mid-Market,MW,mobile,1,P310,Training Package,service,1,307.48,307.48,USD
O102379,2025-12-19T11:52:49,2025-12-19,C0227,Customer 0227,Mid-Market,MW,mobile,2,P200,Analytics Add-on,addon,1,40.19,40.19,USD
O102380,2025-12-19T10:10:33,2025-12-19,C0058,Customer 0058,SMB,W,web,1,P110,Professional Subscription,subscription,1,83.06,83.06,USD
O102381,2025-12-19T16:36:04,2025-12-19,C0045,Customer 0045,Consumer,MW,web,1,P120,Enterprise Subscription,subscription,1,183.73,183.73,USD
O102381,2025-12-19T16:36:04,2025-12-19,C0045,Customer 0045,Consumer,MW,web,2,P100,Starter Subscription,subscription,1,28.78,28.78,USD
O102382,2025-12-19T11:16:50,2025-12-19,C0069,Customer 0069,Consumer,SE,mobile,1,P310,Training Package,service,1,290.62,290.62,USD
O102382,2025-12-19T11:16:50,2025-12-19,C0069,Customer 0069,Consumer,SE,mobile,2,P120,Enterprise Subscription,subscription,1,188.03,188.03,USD
O102383,2025-12-19T13:15:47,2025-12-19,C0046,Customer 0046,Consumer,W,mobile,1,P100,Starter Subscription,subscription,1,30.90,30.90,USD
O102384,2025-12-19T11:28:02,2025-12-19,C0167,Customer 0167,Consumer,NE,web,1,P310,Training Package,service,1,286.36,286.36,USD
O102384,2025-12-19T11:28:02,2025-12-19,C0167,Customer 0167,Consumer,NE,web,2,P300,Implementation Package,service,1,511.74,511.74,USD
O102385,2025-12-19T19:19:29,2025-12-19,C0227,Customer 0227,Mid-Market,MW,mobile,1,P100,Starter Subscription,subscription,1,26.94,26.94,USD
O102386,2025-12-19T12:03:03,2025-12-19,C0160,Customer 0160,Mid-Market,SE,web,1,P210,Automation Add-on,addon,1,57.44,57.44,USD
O102387,2025-12-19T08:02:05,2025-12-19,C0075,Customer 0075,Consumer,NE,mobile,1,P110,Professional Subscription,subscription,1,80.42,80.42,USD
O102388,2025-12-19T10:01:33,2025-12-19,C0045,Customer 0045,Consumer,MW,partner,1,P310,Training Package,service,1,322.77,322.77,USD
O102389,2025-12-19T16:58:54,2025-12-19,C0128,Customer 0128,Consumer,SE,mobile,1,P310,Training Package,service,1,316.67,316.67,USD
O102390,2025-12-19T16:31:08,2025-12-19,C0062,Customer 0062,Consumer,SW,partner,1,P210,Automation Add-on,addon,2,57.06,114.12,USD
O102391,2025-12-19T13:01:33,2025-12-19,C0084,Customer 0084,Consumer,NE,web,1,P110,Professional Subscription,subscription,1,76.97,76.97,USD
O102391,2025-12-19T13:01:33,2025-12-19,C0084,Customer 0084,Consumer,NE,web,2,P210,Automation Add-on,addon,1,57.42,57.42,USD
O102392,2025-12-19T11:58:20,2025-12-19,C0141,Customer 0141,SMB,MW,web,1,P210,Automation Add-on,addon,1,56.89,56.89,USD
O102393,2025-12-19T11:24:34,2025-12-19,C0148,Customer 0148,Consumer,SE,web,1,P100,Starter Subscription,subscription,1,27.25,27.25,USD
O102394,2025-12-19T11:19:38,2025-12-19,C0234,Customer 0234,SMB,SW,web,1,P100,Starter Subscription,subscription,1,28.41,28.41,USD
O102395,2025-12-19T18:04:45,2025-12-19,C0040,Customer 0040,SMB,W,web,1,P300,Implementation Package,service,1,536.06,536.06,USD
O102396,2025-12-19T08:44:59,2025-12-19,C0235,Customer 0235,Consumer,W,web,1,P200,Analytics Add-on,addon,2,40.00,80.00,USD
O102397,2025-12-19T13:19:12,2025-12-19,C0014,Customer 0014,Consumer,SW,partner,1,P200,Analytics Add-on,addon,2,39.10,78.20,USD
O102398,2025-12-19T11:02:10,2025-12-19,C0216,Customer 0216,Consumer,SE,web,1,P210,Automation Add-on,addon,2,59.34,118.68,USD
O102398,2025-12-19T11:02:10,2025-12-19,C0216,Customer 0216,Consumer,SE,web,2,P110,Professional Subscription,subscription,1,84.12,84.12,USD
O102398,2025-12-19T11:02:10,2025-12-19,C0216,Customer 0216,Consumer,SE,web,3,P200,Analytics Add-on,addon,1,36.26,36.26,USD
O102399,2025-12-19T14:59:55,2025-12-19,C0237,Customer 0237,Mid-Market,MW,web,1,P310,Training Package,service,1,295.14,295.14,USD
O102400,2025-12-19T17:30:16,2025-12-19,C0169,Customer 0169,Consumer,SW,mobile,1,P210,Automation Add-on,addon,1,55.60,55.60,USD
O102400,2025-12-19T17:30:16,2025-12-19,C0169,Customer 0169,Consumer,SW,mobile,2,P120,Enterprise Subscription,subscription,1,187.86,187.86,USD
O102400,2025-12-19T17:30:16,2025-12-19,C0169,Customer 0169,Consumer,SW,mobile,3,P200,Analytics Add-on,addon,1,40.53,40.53,USD
O102401,2025-12-19T12:34:35,2025-12-19,C0050,Customer 0050,Consumer,W,mobile,1,P100,Starter Subscription,subscription,1,30.97,30.97,USD
O102401,2025-12-19T12:34:35,2025-12-19,C0050,Customer 0050,Consumer,W,mobile,2,P310,Training Package,service,1,283.14,283.14,USD
O102402,2025-12-19T15:18:19,2025-12-19,C0140,Customer 0140,Consumer,NE,web,1,P210,Automation Add-on,addon,1,59.01,59.01,USD
O102403,2025-12-19T18:05:12,2025-12-19,C0145,Customer 0145,Mid-Market,W,web,1,P100,Starter Subscription,subscription,1,29.61,29.61,USD
O102404,2025-12-20T20:13:12,2025-12-20,C0062,Customer 0062,Consumer,SW,partner,1,P210,Automation Add-on,addon,1,56.37,56.37,USD
O102404,2025-12-20T20:13:12,2025-12-20,C0062,Customer 0062,Consumer,SW,partner,2,P200,Analytics Add-on,addon,2,36.89,73.78,USD
O102405,2025-12-20T13:36:07,2025-12-20,C0218,Customer 0218,Enterprise,SW,web,1,P100,Starter Subscription,subscription,1,31.08,31.08,USD
O102406,2025-12-20T10:15:23,2025-12-20,C0060,Customer 0060,Consumer,MW,web,1,P210,Automation Add-on,addon,1,60.99,60.99,USD
O102407,2025-12-20T18:13:53,2025-12-20,C0194,Customer 0194,Consumer,W,web,1,P310,Training Package,service,1,298.09,298.09,USD
O102408,2025-12-20T18:07:28,2025-12-20,C0222,Customer 0222,Consumer,NE,mobile,1,P300,Implementation Package,service,1,474.55,474.55,USD
O102409,2025-12-20T18:43:59,2025-12-20,C0086,Customer 0086,Consumer,SW,web,1,P310,Training Package,service,1,301.76,301.76,USD
O102410,2025-12-20T20:20:05,2025-12-20,C0181,Customer 0181,SMB,W,web,1,P310,Training Package,service,1,301.26,301.26,USD
O102410,2025-12-20T20:20:05,2025-12-20,C0181,Customer 0181,SMB,W,web,2,P100,Starter Subscription,subscription,1,26.75,26.75,USD
O102411,2025-12-20T16:50:37,2025-12-20,C0152,Customer 0152,Consumer,MW,web,1,P300,Implementation Package,service,1,477.14,477.14,USD
O102411,2025-12-20T16:50:37,2025-12-20,C0152,Customer 0152,Consumer,MW,web,2,P100,Starter Subscription,subscription,1,27.17,27.17,USD
O102412,2025-12-20T14:27:31,2025-12-20,C0135,Customer 0135,Mid-Market,SE,mobile,1,P120,Enterprise Subscription,subscription,1,186.84,186.84,USD
O102413,2025-12-20T09:34:35,2025-12-20,C0023,Customer 0023,Consumer,W,mobile,1,P300,Implementation Package,service,1,521.63,521.63,USD
O102414,2025-12-20T12:01:08,2025-12-20,C0082,Customer 0082,Consumer,SE,web,1,P110,Professional Subscription,subscription,1,84.87,84.87,USD
O102414,2025-12-20T12:01:08,2025-12-20,C0082,Customer 0082,Consumer,SE,web,2,P300,Implementation Package,service,1,513.88,513.88,USD
O102414,2025-12-20T12:01:08,2025-12-20,C0082,Customer 0082,Consumer,SE,web,3,P120,Enterprise Subscription,subscription,1,200.92,200.92,USD
O102415,2025-12-20T16:39:43,2025-12-20,C0207,Customer 0207,Consumer,SW,partner,1,P210,Automation Add-on,addon,1,62.80,62.80,USD
O102416,2025-12-20T10:45:28,2025-12-20,C0052,Customer 0052,SMB,MW,web,1,P310,Training Package,service,1,295.77,295.77,USD
O102416,2025-12-20T10:45:28,2025-12-20,C0052,Customer 0052,SMB,MW,web,2,P100,Starter Subscription,subscription,1,28.83,28.83,USD
O102417,2025-12-20T11:00:45,2025-12-20,C0133,Customer 0133,Consumer,SW,web,1,P210,Automation Add-on,addon,2,55.44,110.88,USD
O102417,2025-12-20T11:00:45,2025-12-20,C0133,Customer 0133,Consumer,SW,web,2,P120,Enterprise Subscription,subscription,1,197.16,197.16,USD
O102418,2025-12-20T09:27:58,2025-12-20,C0240,Customer 0240,Consumer,W,partner,1,P200,Analytics Add-on,addon,2,40.75,81.50,USD
O102418,2025-12-20T09:27:58,2025-12-20,C0240,Customer 0240,Consumer,W,partner,2,P300,Implementation Package,service,1,461.42,461.42,USD
O102418,2025-12-20T09:27:58,2025-12-20,C0240,Customer 0240,Consumer,W,partner,3,P210,Automation Add-on,addon,1,61.41,61.41,USD
O102419,2025-12-20T12:18:15,2025-12-20,C0045,Customer 0045,Consumer,MW,web,1,P110,Professional Subscription,subscription,1,75.42,75.42,USD
O102419,2025-12-20T12:18:15,2025-12-20,C0045,Customer 0045,Consumer,MW,web,2,P210,Automation Add-on,addon,1,55.17,55.17,USD
O102419,2025-12-20T12:18:15,2025-12-20,C0045,Customer 0045,Consumer,MW,web,3,P300,Implementation Package,service,1,530.56,530.56,USD
O102420,2025-12-20T08:15:49,2025-12-20,C0140,Customer 0140,Consumer,NE,web,1,P200,Analytics Add-on,addon,1,37.76,37.76,USD
O102421,2025-12-20T18:28:16,2025-12-20,C0107,Customer 0107,Consumer,MW,web,1,P110,Professional Subscription,subscription,1,74.84,74.84,USD
O102422,2025-12-20T18:02:51,2025-12-20,C0111,Customer 0111,Consumer,NE,web,1,P120,Enterprise Subscription,subscription,1,210.14,210.14,USD
O102422,2025-12-20T18:02:51,2025-12-20,C0111,Customer 0111,Consumer,NE,web,2,P300,Implementation Package,service,1,468.24,468.24,USD
O102423,2025-12-20T08:58:37,2025-12-20,C0207,Customer 0207,Consumer,SW,web,1,P110,Professional Subscription,subscription,1,80.08,80.08,USD
O102424,2025-12-20T14:58:03,2025-12-20,C0010,Customer 0010,Consumer,MW,web,1,P100,Starter Subscription,subscription,1,27.66,27.66,USD
O102425,2025-12-20T09:55:14,2025-12-20,C0198,Customer 0198,SMB,SW,partner,1,P310,Training Package,service,1,303.67,303.67,USD
O102425,2025-12-20T09:55:14,2025-12-20,C0198,Customer 0198,SMB,SW,partner,2,P120,Enterprise Subscription,subscription,1,209.38,209.38,USD
O102426,2025-12-20T18:57:19,2025-12-20,C0107,Customer 0107,Consumer,MW,mobile,1,P110,Professional Subscription,subscription,1,83.18,83.18,USD
O102427,2025-12-20T12:26:58,2025-12-20,C0110,Customer 0110,Consumer,W,web,1,P100,Starter Subscription,subscription,1,26.88,26.88,USD
O102427,2025-12-20T12:26:58,2025-12-20,C0110,Customer 0110,Consumer,W,web,2,P210,Automation Add-on,addon,1,55.60,55.60,USD
O102428,2025-12-20T14:42:27,2025-12-20,C0072,Customer 0072,SMB,NE,web,1,P200,Analytics Add-on,addon,1,41.90,41.90,USD
O102429,2025-12-21T08:18:36,2025-12-21,C0004,Customer 0004,Enterprise,NE,web,1,P210,Automation Add-on,addon,1,62.18,62.18,USD
O102430,2025-12-21T17:29:36,2025-12-21,C0053,Customer 0053,SMB,SE,mobile,1,P200,Analytics Add-on,addon,2,37.23,74.46,USD
O102431,2025-12-21T19:09:44,2025-12-21,C0045,Customer 0045,Consumer,MW,mobile,1,P210,Automation Add-on,addon,2,57.31,114.62,USD
O102431,2025-12-21T19:09:44,2025-12-21,C0045,Customer 0045,Consumer,MW,mobile,2,P120,Enterprise Subscription,subscription,1,213.11,213.11,USD
O102432,2025-12-21T19:28:07,2025-12-21,C0156,Customer 0156,Enterprise,SW,web,1,P310,Training Package,service,1,285.45,285.45,USD
O102433,2025-12-21T12:17:52,2025-12-21,C0225,Customer 0225,Enterprise,MW,mobile,1,P200,Analytics Add-on,addon,1,41.02,41.02,USD
O102433,2025-12-21T12:17:52,2025-12-21,C0225,Customer 0225,Enterprise,MW,mobile,2,P210,Automation Add-on,addon,2,58.23,116.46,USD
O102434,2025-12-21T08:11:07,2025-12-21,C0123,Customer 0123,Consumer,W,web,1,P310,Training Package,service,1,317.42,317.42,USD
O102435,2025-12-21T11:16:45,2025-12-21,C0080,Customer 0080,Mid-Market,W,mobile,1,P200,Analytics Add-on,addon,1,41.05,41.05,USD
O102436,2025-12-21T12:26:46,2025-12-21,C0215,Customer 0215,SMB,W,web,1,P120,Enterprise Subscription,subscription,1,205.96,205.96,USD
O102437,2025-12-21T15:22:07,2025-12-21,C0223,Customer 0223,Consumer,MW,web,1,P200,Analytics Add-on,addon,1,38.29,38.29,USD
O102437,2025-12-21T15:22:07,2025-12-21,C0223,Customer 0223,Consumer,MW,web,2,P300,Implementation Package,service,1,501.82,501.82,USD
O102438,2025-12-21T19:38:03,2025-12-21,C0180,Customer 0180,SMB,SE,web,1,P120,Enterprise Subscription,subscription,1,213.51,213.51,USD
O102439,2025-12-21T19:22:38,2025-12-21,C0051,Customer 0051,Enterprise,SW,mobile,1,P210,Automation Add-on,addon,2,56.73,113.46,USD
O102439,2025-12-21T19:22:38,2025-12-21,C0051,Customer 0051,Enterprise,SW,mobile,2,P110,Professional Subscription,subscription,1,84.04,84.04,USD
O102440,2025-12-21T12:19:29,2025-12-21,C0119,Customer 0119,Consumer,SE,web,1,P120,Enterprise Subscription,subscription,1,200.37,200.37,USD
O102441,2025-12-21T17:51:14,2025-12-21,C0064,Customer 0064,SMB,W,mobile,1,P310,Training Package,service,1,293.71,293.71,USD
O102441,2025-12-21T17:51:14,2025-12-21,C0064,Customer 0064,SMB,W,mobile,2,P210,Automation Add-on,addon,1,60.89,60.89,USD
O102442,2025-12-21T11:42:07,2025-12-21,C0221,Customer 0221,Consumer,MW,mobile,1,P210,Automation Add-on,addon,2,62.74,125.48,USD
O102442,2025-12-21T11:42:07,2025-12-21,C0221,Customer 0221,Consumer,MW,mobile,2,P200,Analytics Add-on,addon,1,38.13,38.13,USD
O102443,2025-12-21T15:07:36,2025-12-21,C0118,Customer 0118,SMB,SE,mobile,1,P100,Starter Subscription,subscription,1,31.10,31.10,USD
O102444,2025-12-21T12:55:19,2025-12-21,C0129,Customer 0129,Consumer,SE,web,1,P310,Training Package,service,1,296.47,296.47,USD
O102444,2025-12-21T12:55:19,2025-12-21,C0129,Customer 0129,Consumer,SE,web,2,P120,Enterprise Subscription,subscription,1,205.27,205.27,USD
O102445,2025-12-21T09:11:59,2025-12-21,C0240,Customer 0240,Consumer,W,web,1,P210,Automation Add-on,addon,1,55.31,55.31,USD
O102445,2025-12-21T09:11:59,2025-12-21,C0240,Customer 0240,Consumer,W,web,2,P120,Enterprise Subscription,subscription,1,209.42,209.42,USD
O102445,2025-12-21T09:11:59,2025-12-21,C0240,Customer 0240,Consumer,W,web,3,P100,Starter Subscription,subscription,1,31.28,31.28,USD
O102446,2025-12-21T15:48:07,2025-12-21,C0050,Customer 0050,Consumer,W,mobile,1,P100,Starter Subscription,subscription,1,28.43,28.43,USD
O102447,2025-12-21T10:14:52,2025-12-21,C0120,Customer 0120,Mid-Market,SW,mobile,1,P310,Training Package,service,1,319.22,319.22,USD
O102448,2025-12-21T12:08:10,2025-12-21,C0216,Customer 0216,Consumer,SE,mobile,1,P300,Implementation Package,service,1,537.11,537.11,USD
O102449,2025-12-21T09:28:05,2025-12-21,C0161,Customer 0161,Mid-Market,SE,mobile,1,P120,Enterprise Subscription,subscription,1,210.95,210.95,USD
O102449,2025-12-21T09:28:05,2025-12-21,C0161,Customer 0161,Mid-Market,SE,mobile,2,P310,Training Package,service,1,297.90,297.90,USD
O102450,2025-12-22T11:26:25,2025-12-22,C0005,Customer 0005,SMB,SE,web,1,P200,Analytics Add-on,addon,2,36.22,72.44,USD
O102450,2025-12-22T11:26:25,2025-12-22,C0005,Customer 0005,SMB,SE,web,2,P300,Implementation Package,service,1,489.90,489.90,USD
O102451,2025-12-22T11:56:18,2025-12-22,C0003,Customer 0003,Consumer,W,web,1,P310,Training Package,service,1,320.16,320.16,USD
O102451,2025-12-22T11:56:18,2025-12-22,C0003,Customer 0003,Consumer,W,web,2,P210,Automation Add-on,addon,2,55.91,111.82,USD
O102452,2025-12-22T19:30:42,2025-12-22,C0206,Customer 0206,Consumer,SW,partner,1,P300,Implementation Package,service,1,477.34,477.34,USD
O102452,2025-12-22T19:30:42,2025-12-22,C0206,Customer 0206,Consumer,SW,partner,2,P120,Enterprise Subscription,subscription,1,182.63,182.63,USD
O102453,2025-12-22T11:38:22,2025-12-22,C0167,Customer 0167,Consumer,NE,web,1,P200,Analytics Add-on,addon,2,39.75,79.50,USD
O102454,2025-12-22T08:24:48,2025-12-22,C0225,Customer 0225,Enterprise,MW,web,1,P120,Enterprise Subscription,subscription,1,195.61,195.61,USD
O102455,2025-12-22T17:01:17,2025-12-22,C0117,Customer 0117,Consumer,MW,web,1,P210,Automation Add-on,addon,1,57.31,57.31,USD
O102456,2025-12-22T12:05:18,2025-12-22,C0064,Customer 0064,SMB,W,partner,1,P100,Starter Subscription,subscription,1,27.17,27.17,USD
O102456,2025-12-22T12:05:18,2025-12-22,C0064,Customer 0064,SMB,W,partner,2,P110,Professional Subscription,subscription,1,75.64,75.64,USD
O102457,2025-12-22T13:26:01,2025-12-22,C0140,Customer 0140,Consumer,NE,mobile,1,P210,Automation Add-on,addon,1,57.35,57.35,USD
O102458,2025-12-22T20:41:49,2025-12-22,C0210,Customer 0210,SMB,NE,partner,1,P110,Professional Subscription,subscription,1,69.11,69.11,USD
O102459,2025-12-22T16:15:28,2025-12-22,C0020,Customer 0020,SMB,MW,web,1,P100,Starter Subscription,subscription,1,27.60,27.60,USD
O102459,2025-12-22T16:15:28,2025-12-22,C0020,Customer 0020,SMB,MW,web,2,P310,Training Package,service,1,312.64,312.64,USD
O102460,2025-12-22T13:25:30,2025-12-22,C0035,Customer 0035,SMB,SE,web,1,P300,Implementation Package,service,1,513.39,513.39,USD
O102460,2025-12-22T13:25:30,2025-12-22,C0035,Customer 0035,SMB,SE,web,2,P100,Starter Subscription,subscription,1,26.81,26.81,USD
O102460,2025-12-22T13:25:30,2025-12-22,C0035,Customer 0035,SMB,SE,web,3,P210,Automation Add-on,addon,1,54.35,54.35,USD
O102461,2025-12-22T19:33:41,2025-12-22,C0139,Customer 0139,Consumer,W,partner,1,P200,Analytics Add-on,addon,1,40.53,40.53,USD
O102462,2025-12-22T09:53:48,2025-12-22,C0049,Customer 0049,Mid-Market,SE,web,1,P120,Enterprise Subscription,subscription,1,190.15,190.15,USD
O102463,2025-12-22T13:44:51,2025-12-22,C0210,Customer 0210,SMB,NE,web,1,P300,Implementation Package,service,1,484.50,484.50,USD
O102464,2025-12-22T09:06:33,2025-12-22,C0138,Customer 0138,Mid-Market,W,partner,1,P310,Training Package,service,1,319.66,319.66,USD
O102465,2025-12-22T13:14:44,2025-12-22,C0037,Customer 0037,SMB,SE,web,1,P210,Automation Add-on,addon,2,63.70,127.40,USD
O102466,2025-12-22T16:01:23,2025-12-22,C0054,Customer 0054,Consumer,NE,web,1,P100,Starter Subscription,subscription,1,26.14,26.14,USD
O102466,2025-12-22T16:01:23,2025-12-22,C0054,Customer 0054,Consumer,NE,web,2,P200,Analytics Add-on,addon,1,40.07,40.07,USD
O102466,2025-12-22T16:01:23,2025-12-22,C0054,Customer 0054,Consumer,NE,web,3,P300,Implementation Package,service,1,489.90,489.90,USD
O102467,2025-12-22T09:39:04,2025-12-22,C0038,Customer 0038,Mid-Market,NE,mobile,1,P110,Professional Subscription,subscription,1,77.86,77.86,USD
O102467,2025-12-22T09:39:04,2025-12-22,C0038,Customer 0038,Mid-Market,NE,mobile,2,P310,Training Package,service,1,319.15,319.15,USD
O102468,2025-12-22T20:41:18,2025-12-22,C0197,Customer 0197,Mid-Market,SW,partner,1,P110,Professional Subscription,subscription,1,70.15,70.15,USD
O102469,2025-12-22T18:48:32,2025-12-22,C0096,Customer 0096,SMB,W,web,1,P310,Training Package,service,1,295.11,295.11,USD
O102469,2025-12-22T18:48:32,2025-12-22,C0096,Customer 0096,SMB,W,web,2,P120,Enterprise Subscription,subscription,1,201.90,201.90,USD
O102470,2025-12-22T13:15:01,2025-12-22,C0123,Customer 0123,Consumer,W,partner,1,P300,Implementation Package,service,1,494.58,494.58,USD
O102471,2025-12-22T12:44:24,2025-12-22,C0183,Customer 0183,SMB,MW,web,1,P200,Analytics Add-on,addon,2,36.93,73.86,USD
O102472,2025-12-22T16:15:54,2025-12-22,C0111,Customer 0111,Consumer,NE,mobile,1,P200,Analytics Add-on,addon,1,42.11,42.11,USD
O102472,2025-12-22T16:15:54,2025-12-22,C0111,Customer 0111,Consumer,NE,mobile,2,P110,Professional Subscription,subscription,1,78.31,78.31,USD
O102473,2025-12-22T11:56:24,2025-12-22,C0175,Customer 0175,Enterprise,W,partner,1,P300,Implementation Package,service,1,468.27,468.27,USD
O102473,2025-12-22T11:56:24,2025-12-22,C0175,Customer 0175,Enterprise,W,partner,2,P200,Analytics Add-on,addon,1,37.41,37.41,USD
O102473,2025-12-22T11:56:24,2025-12-22,C0175,Customer 0175,Enterprise,W,partner,3,P210,Automation Add-on,addon,2,60.35,120.70,USD
O102474,2025-12-22T17:22:47,2025-12-22,C0017,Customer 0017,Enterprise,NE,web,1,P200,Analytics Add-on,addon,1,39.18,39.18,USD
O102475,2025-12-22T08:14:52,2025-12-22,C0093,Customer 0093,SMB,W,web,1,P110,Professional Subscription,subscription,1,76.80,76.80,USD
O102475,2025-12-22T08:14:52,2025-12-22,C0093,Customer 0093,SMB,W,web,2,P200,Analytics Add-on,addon,1,38.00,38.00,USD
O102476,2025-12-22T20:51:13,2025-12-22,C0062,Customer 0062,Consumer,SW,web,1,P100,Starter Subscription,subscription,1,28.36,28.36,USD
O102477,2025-12-22T18:58:18,2025-12-22,C0177,Customer 0177,Consumer,W,mobile,1,P210,Automation Add-on,addon,1,57.77,57.77,USD
O102478,2025-12-22T11:01:59,2025-12-22,C0050,Customer 0050,Consumer,W,mobile,1,P120,Enterprise Subscription,subscription,1,183.59,183.59,USD
O102478,2025-12-22T11:01:59,2025-12-22,C0050,Customer 0050,Consumer,W,mobile,2,P300,Implementation Package,service,1,471.52,471.52,USD
O102479,2025-12-22T13:33:49,2025-12-22,C0226,Customer 0226,Consumer,SW,web,1,P110,Professional Subscription,subscription,1,77.87,77.87,USD
O102480,2025-12-22T13:46:40,2025-12-22,C0190,Customer 0190,Consumer,W,web,1,P100,Starter Subscription,subscription,1,25.80,25.80,USD
O102480,2025-12-22T13:46:40,2025-12-22,C0190,Customer 0190,Consumer,W,web,2,P310,Training Package,service,1,303.11,303.11,USD
O102480,2025-12-22T13:46:40,2025-12-22,C0190,Customer 0190,Consumer,W,web,3,P300,Implementation Package,service,1,534.50,534.50,USD
O102481,2025-12-22T14:42:58,2025-12-22,C0145,Customer 0145,Mid-Market,W,mobile,1,P100,Starter Subscription,subscription,1,27.75,27.75,USD
O102482,2025-12-23T17:27:32,2025-12-23,C0210,Customer 0210,SMB,NE,web,1,P200,Analytics Add-on,addon,2,36.20,72.40,USD
O102483,2025-12-23T10:36:02,2025-12-23,C0226,Customer 0226,Consumer,SW,mobile,1,P120,Enterprise Subscription,subscription,1,201.95,201.95,USD
O102483,2025-12-23T10:36:02,2025-12-23,C0226,Customer 0226,Consumer,SW,mobile,2,P110,Professional Subscription,subscription,1,76.74,76.74,USD
O102483,2025-12-23T10:36:02,2025-12-23,C0226,Customer 0226,Consumer,SW,mobile,3,P300,Implementation Package,service,1,503.35,503.35,USD
O102484,2025-12-23T12:56:21,2025-12-23,C0138,Customer 0138,Mid-Market,W,partner,1,P200,Analytics Add-on,addon,1,39.42,39.42,USD
O102485,2025-12-23T14:51:05,2025-12-23,C0097,Customer 0097,Enterprise,NE,partner,1,P300,Implementation Package,service,1,492.93,492.93,USD
O102486,2025-12-23T11:52:40,2025-12-23,C0169,Customer 0169,Consumer,SW,web,1,P210,Automation Add-on,addon,1,57.84,57.84,USD
O102486,2025-12-23T11:52:40,2025-12-23,C0169,Customer 0169,Consumer,SW,web,2,P200,Analytics Add-on,addon,1,39.13,39.13,USD
O102487,2025-12-23T15:18:20,2025-12-23,C0028,Customer 0028,SMB,SE,web,1,P200,Analytics Add-on,addon,2,41.82,83.64,USD
O102488,2025-12-23T15:17:27,2025-12-23,C0120,Customer 0120,Mid-Market,SW,web,1,P110,Professional Subscription,subscription,1,80.25,80.25,USD
O102488,2025-12-23T15:17:27,2025-12-23,C0120,Customer 0120,Mid-Market,SW,web,2,P310,Training Package,service,1,302.19,302.19,USD
O102488,2025-12-23T15:17:27,2025-12-23,C0120,Customer 0120,Mid-Market,SW,web,3,P120,Enterprise Subscription,subscription,1,194.56,194.56,USD
O102489,2025-12-23T12:39:27,2025-12-23,C0180,Customer 0180,SMB,SE,mobile,1,P210,Automation Add-on,addon,1,56.49,56.49,USD
O102490,2025-12-23T19:40:58,2025-12-23,C0218,Customer 0218,Enterprise,SW,web,1,P300,Implementation Package,service,1,502.83,502.83,USD
O102491,2025-12-23T17:28:51,2025-12-23,C0073,Customer 0073,Mid-Market,SW,mobile,1,P100,Starter Subscription,subscription,1,29.36,29.36,USD
O102491,2025-12-23T17:28:51,2025-12-23,C0073,Customer 0073,Mid-Market,SW,mobile,2,P210,Automation Add-on,addon,2,60.78,121.56,USD
O102492,2025-12-23T19:14:17,2025-12-23,C0107,Customer 0107,Consumer,MW,web,1,P200,Analytics Add-on,addon,1,38.20,38.20,USD
O102493,2025-12-23T19:41:52,2025-12-23,C0225,Customer 0225,Enterprise,MW,mobile,1,P100,Starter Subscription,subscription,1,25.91,25.91,USD
O102494,2025-12-23T15:42:44,2025-12-23,C0116,Customer 0116,Mid-Market,NE,partner,1,P100,Starter Subscription,subscription,1,26.45,26.45,USD
O102495,2025-12-23T08:18:09,2025-12-23,C0216,Customer 0216,Consumer,SE,web,1,P310,Training Package,service,1,307.85,307.85,USD
O102496,2025-12-23T08:55:49,2025-12-23,C0183,Customer 0183,SMB,MW,mobile,1,P210,Automation Add-on,addon,2,54.67,109.34,USD
O102496,2025-12-23T08:55:49,2025-12-23,C0183,Customer 0183,SMB,MW,mobile,2,P310,Training Package,service,1,315.75,315.75,USD
O102497,2025-12-23T19:12:05,2025-12-23,C0130,Customer 0130,SMB,MW,mobile,1,P110,Professional Subscription,subscription,1,80.66,80.66,USD
O102497,2025-12-23T19:12:05,2025-12-23,C0130,Customer 0130,SMB,MW,mobile,2,P300,Implementation Package,service,1,489.30,489.30,USD
O102498,2025-12-23T16:55:35,2025-12-23,C0074,Customer 0074,Mid-Market,NE,mobile,1,P310,Training Package,service,1,302.74,302.74,USD
O102498,2025-12-23T16:55:35,2025-12-23,C0074,Customer 0074,Mid-Market,NE,mobile,2,P120,Enterprise Subscription,subscription,1,181.85,181.85,USD
O102499,2025-12-23T10:42:17,2025-12-23,C0119,Customer 0119,Consumer,SE,mobile,1,P310,Training Package,service,1,289.25,289.25,USD
O102500,2025-12-23T10:00:31,2025-12-23,C0046,Customer 0046,Consumer,W,web,1,P120,Enterprise Subscription,subscription,1,194.48,194.48,USD
O102500,2025-12-23T10:00:31,2025-12-23,C0046,Customer 0046,Consumer,W,web,2,P210,Automation Add-on,addon,2,63.07,126.14,USD
O102501,2025-12-23T11:35:54,2025-12-23,C0147,Customer 0147,Enterprise,W,web,1,P200,Analytics Add-on,addon,2,39.54,79.08,USD
O102502,2025-12-23T18:24:53,2025-12-23,C0011,Customer 0011,SMB,MW,web,1,P120,Enterprise Subscription,subscription,1,193.78,193.78,USD
O102503,2025-12-23T13:03:04,2025-12-23,C0148,Customer 0148,Consumer,SE,web,1,P110,Professional Subscription,subscription,1,79.59,79.59,USD
O102504,2025-12-23T10:08:06,2025-12-23,C0010,Customer 0010,Consumer,MW,mobile,1,P310,Training Package,service,1,279.14,279.14,USD
O102504,2025-12-23T10:08:06,2025-12-23,C0010,Customer 0010,Consumer,MW,mobile,2,P210,Automation Add-on,addon,1,54.77,54.77,USD
O102505,2025-12-23T09:51:18,2025-12-23,C0139,Customer 0139,Consumer,W,partner,1,P300,Implementation Package,service,1,526.20,526.20,USD
O102505,2025-12-23T09:51:18,2025-12-23,C0139,Customer 0139,Consumer,W,partner,2,P120,Enterprise Subscription,subscription,1,195.45,195.45,USD
O102506,2025-12-23T09:42:18,2025-12-23,C0014,Customer 0014,Consumer,SW,web,1,P120,Enterprise Subscription,subscription,1,189.71,189.71,USD
O102506,2025-12-23T09:42:18,2025-12-23,C0014,Customer 0014,Consumer,SW,web,2,P300,Implementation Package,service,1,524.16,524.16,USD
O102506,2025-12-23T09:42:18,2025-12-23,C0014,Customer 0014,Consumer,SW,web,3,P210,Automation Add-on,addon,1,56.76,56.76,USD
O102507,2025-12-23T18:20:24,2025-12-23,C0191,Customer 0191,SMB,W,web,1,P200,Analytics Add-on,addon,2,36.47,72.94,USD
O102507,2025-12-23T18:20:24,2025-12-23,C0191,Customer 0191,SMB,W,web,2,P210,Automation Add-on,addon,1,58.48,58.48,USD
O102508,2025-12-23T20:12:15,2025-12-23,C0083,Customer 0083,Mid-Market,SW,mobile,1,P310,Training Package,service,1,305.23,305.23,USD
O102509,2025-12-23T12:02:17,2025-12-23,C0089,Customer 0089,SMB,NE,web,1,P100,Starter Subscription,subscription,1,27.24,27.24,USD
O102510,2025-12-23T12:21:53,2025-12-23,C0004,Customer 0004,Enterprise,NE,mobile,1,P110,Professional Subscription,subscription,1,74.32,74.32,USD
O102510,2025-12-23T12:21:53,2025-12-23,C0004,Customer 0004,Enterprise,NE,mobile,2,P300,Implementation Package,service,1,464.27,464.27,USD
O102511,2025-12-23T11:34:19,2025-12-23,C0058,Customer 0058,SMB,W,mobile,1,P300,Implementation Package,service,1,470.12,470.12,USD
O102512,2025-12-23T17:52:23,2025-12-23,C0188,Customer 0188,Mid-Market,SW,web,1,P300,Implementation Package,service,1,514.88,514.88,USD
O102512,2025-12-23T17:52:23,2025-12-23,C0188,Customer 0188,Mid-Market,SW,web,2,P120,Enterprise Subscription,subscription,1,197.41,197.41,USD
O102513,2025-12-23T09:53:06,2025-12-23,C0054,Customer 0054,Consumer,NE,mobile,1,P210,Automation Add-on,addon,2,57.05,114.10,USD
O102513,2025-12-23T09:53:06,2025-12-23,C0054,Customer 0054,Consumer,NE,mobile,2,P120,Enterprise Subscription,subscription,1,182.09,182.09,USD
O102514,2025-12-23T14:47:14,2025-12-23,C0212,Customer 0212,SMB,SE,web,1,P310,Training Package,service,1,290.43,290.43,USD
O102515,2025-12-23T09:07:55,2025-12-23,C0043,Customer 0043,Mid-Market,MW,partner,1,P120,Enterprise Subscription,subscription,1,185.45,185.45,USD
O102516,2025-12-23T18:52:12,2025-12-23,C0211,Customer 0211,SMB,NE,web,1,P310,Training Package,service,1,277.02,277.02,USD
O102517,2025-12-23T17:24:51,2025-12-23,C0174,Customer 0174,Mid-Market,SW,web,1,P310,Training Package,service,1,287.62,287.62,USD
O102517,2025-12-23T17:24:51,2025-12-23,C0174,Customer 0174,Mid-Market,SW,web,2,P200,Analytics Add-on,addon,1,39.98,39.98,USD
O102518,2025-12-23T16:25:07,2025-12-23,C0088,Customer 0088,Consumer,SE,web,1,P200,Analytics Add-on,addon,2,41.02,82.04,USD
O102519,2025-12-23T17:49:18,2025-12-23,C0128,Customer 0128,Consumer,SE,web,1,P100,Starter Subscription,subscription,1,28.59,28.59,USD
O102519,2025-12-23T17:49:18,2025-12-23,C0128,Customer 0128,Consumer,SE,web,2,P200,Analytics Add-on,addon,1,40.24,40.24,USD
O102520,2025-12-23T09:27:43,2025-12-23,C0200,Customer 0200,Consumer,W,mobile,1,P120,Enterprise Subscription,subscription,1,192.41,192.41,USD
O102520,2025-12-23T09:27:43,2025-12-23,C0200,Customer 0200,Consumer,W,mobile,2,P310,Training Package,service,1,317.49,317.49,USD
O102521,2025-12-24T14:25:11,2025-12-24,C0200,Customer 0200,Consumer,W,web,1,P210,Automation Add-on,addon,2,55.62,111.24,USD
O102522,2025-12-24T14:23:45,2025-12-24,C0050,Customer 0050,Consumer,W,web,1,P120,Enterprise Subscription,subscription,1,187.83,187.83,USD
O102523,2025-12-24T15:11:17,2025-12-24,C0187,Customer 0187,SMB,SW,mobile,1,P100,Starter Subscription,subscription,1,27.35,27.35,USD
O102524,2025-12-24T08:14:40,2025-12-24,C0126,Customer 0126,SMB,SE,web,1,P200,Analytics Add-on,addon,1,41.93,41.93,USD
O102525,2025-12-24T16:38:23,2025-12-24,C0159,Customer 0159,Consumer,SW,web,1,P100,Starter Subscription,subscription,1,25.54,25.54,USD
O102526,2025-12-24T14:04:25,2025-12-24,C0026,Customer 0026,Consumer,NE,web,1,P300,Implementation Package,service,1,475.14,475.14,USD
O102526,2025-12-24T14:04:25,2025-12-24,C0026,Customer 0026,Consumer,NE,web,2,P100,Starter Subscription,subscription,1,25.36,25.36,USD
O102527,2025-12-24T12:55:43,2025-12-24,C0123,Customer 0123,Consumer,W,mobile,1,P200,Analytics Add-on,addon,2,40.30,80.60,USD
O102527,2025-12-24T12:55:43,2025-12-24,C0123,Customer 0123,Consumer,W,mobile,2,P120,Enterprise Subscription,subscription,1,181.58,181.58,USD
O102528,2025-12-24T20:39:01,2025-12-24,C0225,Customer 0225,Enterprise,MW,web,1,P310,Training Package,service,1,306.27,306.27,USD
O102528,2025-12-24T20:39:01,2025-12-24,C0225,Customer 0225,Enterprise,MW,web,2,P110,Professional Subscription,subscription,1,80.59,80.59,USD
O102529,2025-12-24T17:27:14,2025-12-24,C0159,Customer 0159,Consumer,SW,partner,1,P110,Professional Subscription,subscription,1,80.98,80.98,USD
O102529,2025-12-24T17:27:14,2025-12-24,C0159,Customer 0159,Consumer,SW,partner,2,P310,Training Package,service,1,301.86,301.86,USD
O102529,2025-12-24T17:27:14,2025-12-24,C0159,Customer 0159,Consumer,SW,partner,3,P300,Implementation Package,service,1,487.19,487.19,USD
O102530,2025-12-24T11:16:52,2025-12-24,C0219,Customer 0219,Consumer,SE,web,1,P200,Analytics Add-on,addon,1,40.71,40.71,USD
O102531,2025-12-24T16:28:02,2025-12-24,C0170,Customer 0170,Mid-Market,SE,web,1,P200,Analytics Add-on,addon,1,40.86,40.86,USD
O102532,2025-12-24T11:41:58,2025-12-24,C0068,Customer 0068,SMB,SE,web,1,P310,Training Package,service,1,288.37,288.37,USD
O102532,2025-12-24T11:41:58,2025-12-24,C0068,Customer 0068,SMB,SE,web,2,P110,Professional Subscription,subscription,1,80.49,80.49,USD
O102533,2025-12-24T08:14:56,2025-12-24,C0049,Customer 0049,Mid-Market,SE,web,1,P210,Automation Add-on,addon,1,58.44,58.44,USD
O102534,2025-12-24T19:33:47,2025-12-24,C0088,Customer 0088,Consumer,SE,web,1,P210,Automation Add-on,addon,1,61.96,61.96,USD
O102535,2025-12-24T11:51:47,2025-12-24,C0060,Customer 0060,Consumer,MW,mobile,1,P200,Analytics Add-on,addon,1,38.55,38.55,USD
O102536,2025-12-24T15:01:18,2025-12-24,C0173,Customer 0173,SMB,SE,web,1,P120,Enterprise Subscription,subscription,1,181.60,181.60,USD
O102536,2025-12-24T15:01:18,2025-12-24,C0173,Customer 0173,SMB,SE,web,2,P310,Training Package,service,1,301.77,301.77,USD
O102537,2025-12-24T17:32:14,2025-12-24,C0131,Customer 0131,Consumer,SE,web,1,P310,Training Package,service,1,314.79,314.79,USD
O102538,2025-12-24T08:01:55,2025-12-24,C0201,Customer 0201,Consumer,NE,mobile,1,P200,Analytics Add-on,addon,1,39.56,39.56,USD
O102539,2025-12-24T12:28:50,2025-12-24,C0060,Customer 0060,Consumer,MW,partner,1,P300,Implementation Package,service,1,490.00,490.00,USD
O102540,2025-12-24T12:20:36,2025-12-24,C0115,Customer 0115,Consumer,MW,web,1,P210,Automation Add-on,addon,1,61.59,61.59,USD
O102540,2025-12-24T12:20:36,2025-12-24,C0115,Customer 0115,Consumer,MW,web,2,P110,Professional Subscription,subscription,1,69.52,69.52,USD
O102541,2025-12-24T11:56:08,2025-12-24,C0106,Customer 0106,SMB,MW,web,1,P120,Enterprise Subscription,subscription,1,186.72,186.72,USD
O102542,2025-12-24T11:27:53,2025-12-24,C0118,Customer 0118,SMB,SE,mobile,1,P110,Professional Subscription,subscription,1,79.44,79.44,USD
O102543,2025-12-24T09:34:43,2025-12-24,C0182,Customer 0182,Consumer,MW,web,1,P200,Analytics Add-on,addon,2,37.15,74.30,USD
O102544,2025-12-24T11:14:44,2025-12-24,C0043,Customer 0043,Mid-Market,MW,mobile,1,P200,Analytics Add-on,addon,2,42.08,84.16,USD
O102545,2025-12-24T19:39:53,2025-12-24,C0100,Customer 0100,Consumer,MW,mobile,1,P100,Starter Subscription,subscription,1,25.66,25.66,USD
O102545,2025-12-24T19:39:53,2025-12-24,C0100,Customer 0100,Consumer,MW,mobile,2,P210,Automation Add-on,addon,1,60.60,60.60,USD
O102545,2025-12-24T19:39:53,2025-12-24,C0100,Customer 0100,Consumer,MW,mobile,3,P120,Enterprise Subscription,subscription,1,203.93,203.93,USD
O102546,2025-12-24T10:35:14,2025-12-24,C0145,Customer 0145,Mid-Market,W,mobile,1,P310,Training Package,service,1,320.09,320.09,USD
O102547,2025-12-24T17:48:23,2025-12-24,C0077,Customer 0077,SMB,SE,mobile,1,P110,Professional Subscription,subscription,1,73.71,73.71,USD
O102547,2025-12-24T17:48:23,2025-12-24,C0077,Customer 0077,SMB,SE,mobile,2,P210,Automation Add-on,addon,1,60.60,60.60,USD
O102547,2025-12-24T17:48:23,2025-12-24,C0077,Customer 0077,SMB,SE,mobile,3,P200,Analytics Add-on,addon,1,38.70,38.70,USD
O102548,2025-12-24T20:12:47,2025-12-24,C0221,Customer 0221,Consumer,MW,partner,1,P110,Professional Subscription,subscription,1,78.69,78.69,USD
O102549,2025-12-24T13:30:42,2025-12-24,C0024,Customer 0024,SMB,SW,web,1,P120,Enterprise Subscription,subscription,1,182.28,182.28,USD
O102549,2025-12-24T13:30:42,2025-12-24,C0024,Customer 0024,SMB,SW,web,2,P300,Implementation Package,service,1,501.46,501.46,USD
O102550,2025-12-24T12:27:48,2025-12-24,C0041,Customer 0041,Consumer,NE,web,1,P100,Starter Subscription,subscription,1,29.19,29.19,USD
O102550,2025-12-24T12:27:48,2025-12-24,C0041,Customer 0041,Consumer,NE,web,2,P300,Implementation Package,service,1,487.24,487.24,USD
O102550,2025-12-24T12:27:48,2025-12-24,C0041,Customer 0041,Consumer,NE,web,3,P110,Professional Subscription,subscription,1,70.89,70.89,USD
O102551,2025-12-24T08:36:57,2025-12-24,C0212,Customer 0212,SMB,SE,partner,1,P120,Enterprise Subscription,subscription,1,188.55,188.55,USD
O102551,2025-12-24T08:36:57,2025-12-24,C0212,Customer 0212,SMB,SE,partner,2,P300,Implementation Package,service,1,536.62,536.62,USD
O102551,2025-12-24T08:36:57,2025-12-24,C0212,Customer 0212,SMB,SE,partner,3,P310,Training Package,service,1,286.26,286.26,USD
O102552,2025-12-24T19:46:30,2025-12-24,C0017,Customer 0017,Enterprise,NE,mobile,1,P210,Automation Add-on,addon,2,58.88,117.76,USD
O102553,2025-12-24T13:54:25,2025-12-24,C0021,Customer 0021,Mid-Market,SE,partner,1,P310,Training Package,service,1,275.54,275.54,USD
O102553,2025-12-24T13:54:25,2025-12-24,C0021,Customer 0021,Mid-Market,SE,partner,2,P100,Starter Subscription,subscription,1,25.56,25.56,USD
O102554,2025-12-24T08:12:57,2025-12-24,C0208,Customer 0208,Consumer,NE,web,1,P210,Automation Add-on,addon,1,63.66,63.66,USD
O102555,2025-12-24T10:57:15,2025-12-24,C0109,Customer 0109,Mid-Market,W,web,1,P120,Enterprise Subscription,subscription,1,174.05,174.05,USD
O102555,2025-12-24T10:57:15,2025-12-24,C0109,Customer 0109,Mid-Market,W,web,2,P200,Analytics Add-on,addon,1,41.94,41.94,USD
O102556,2025-12-24T09:16:45,2025-12-24,C0223,Customer 0223,Consumer,MW,web,1,P110,Professional Subscription,subscription,1,69.42,69.42,USD
O102557,2025-12-24T19:18:28,2025-12-24,C0233,Customer 0233,Mid-Market,SE,web,1,P300,Implementation Package,service,1,501.35,501.35,USD
O102558,2025-12-24T10:35:33,2025-12-24,C0196,Customer 0196,SMB,SW,web,1,P210,Automation Add-on,addon,2,60.88,121.76,USD
O102558,2025-12-24T10:35:33,2025-12-24,C0196,Customer 0196,SMB,SW,web,2,P110,Professional Subscription,subscription,1,74.54,74.54,USD
O102559,2025-12-24T20:30:02,2025-12-24,C0011,Customer 0011,SMB,MW,mobile,1,P300,Implementation Package,service,1,482.98,482.98,USD
O102560,2025-12-24T13:14:29,2025-12-24,C0221,Customer 0221,Consumer,MW,web,1,P200,Analytics Add-on,addon,2,39.47,78.94,USD
O102561,2025-12-24T19:51:32,2025-12-24,C0089,Customer 0089,SMB,NE,web,1,P300,Implementation Package,service,1,469.81,469.81,USD
O102561,2025-12-24T19:51:32,2025-12-24,C0089,Customer 0089,SMB,NE,web,2,P100,Starter Subscription,subscription,1,27.48,27.48,USD
O102562,2025-12-24T16:36:25,2025-12-24,C0069,Customer 0069,Consumer,SE,mobile,1,P110,Professional Subscription,subscription,1,74.19,74.19,USD
O102563,2025-12-25T13:02:51,2025-12-25,C0007,Customer 0007,Consumer,W,mobile,1,P310,Training Package,service,1,291.03,291.03,USD
O102563,2025-12-25T13:02:51,2025-12-25,C0007,Customer 0007,Consumer,W,mobile,2,P100,Starter Subscription,subscription,1,26.55,26.55,USD
O102564,2025-12-25T15:51:06,2025-12-25,C0026,Customer 0026,Consumer,NE,partner,1,P120,Enterprise Subscription,subscription,1,187.26,187.26,USD
O102564,2025-12-25T15:51:06,2025-12-25,C0026,Customer 0026,Consumer,NE,partner,2,P110,Professional Subscription,subscription,1,75.72,75.72,USD
O102565,2025-12-25T19:04:26,2025-12-25,C0083,Customer 0083,Mid-Market,SW,web,1,P300,Implementation Package,service,1,506.14,506.14,USD
O102565,2025-12-25T19:04:26,2025-12-25,C0083,Customer 0083,Mid-Market,SW,web,2,P310,Training Package,service,1,281.32,281.32,USD
O102566,2025-12-25T10:40:49,2025-12-25,C0211,Customer 0211,SMB,NE,mobile,1,P200,Analytics Add-on,addon,1,40.21,40.21,USD
O102567,2025-12-25T10:01:26,2025-12-25,C0103,Customer 0103,Consumer,NE,mobile,1,P210,Automation Add-on,addon,2,56.55,113.10,USD
O102568,2025-12-25T08:11:27,2025-12-25,C0176,Customer 0176,Mid-Market,SW,web,1,P300,Implementation Package,service,1,517.89,517.89,USD
O102569,2025-12-25T11:09:53,2025-12-25,C0177,Customer 0177,Consumer,W,web,1,P100,Starter Subscription,subscription,1,25.65,25.65,USD
O102570,2025-12-25T18:12:47,2025-12-25,C0068,Customer 0068,SMB,SE,mobile,1,P310,Training Package,service,1,291.83,291.83,USD
O102570,2025-12-25T18:12:47,2025-12-25,C0068,Customer 0068,SMB,SE,mobile,2,P200,Analytics Add-on,addon,1,41.81,41.81,USD
O102571,2025-12-25T13:32:01,2025-12-25,C0030,Customer 0030,Consumer,SW,web,1,P100,Starter Subscription,subscription,1,25.71,25.71,USD
O102572,2025-12-25T17:31:15,2025-12-25,C0015,Customer 0015,SMB,SW,mobile,1,P210,Automation Add-on,addon,1,56.96,56.96,USD
O102573,2025-12-25T15:20:48,2025-12-25,C0202,Customer 0202,Mid-Market,SW,web,1,P120,Enterprise Subscription,subscription,1,190.73,190.73,USD
O102574,2025-12-25T18:46:19,2025-12-25,C0188,Customer 0188,Mid-Market,SW,web,1,P310,Training Package,service,1,311.38,311.38,USD
O102575,2025-12-25T14:57:27,2025-12-25,C0121,Customer 0121,SMB,NE,partner,1,P200,Analytics Add-on,addon,2,38.31,76.62,USD
O102575,2025-12-25T14:57:27,2025-12-25,C0121,Customer 0121,SMB,NE,partner,2,P100,Starter Subscription,subscription,1,29.51,29.51,USD
O102575,2025-12-25T14:57:27,2025-12-25,C0121,Customer 0121,SMB,NE,partner,3,P300,Implementation Package,service,1,481.84,481.84,USD
O102576,2025-12-25T08:46:29,2025-12-25,C0006,Customer 0006,Consumer,W,partner,1,P210,Automation Add-on,addon,1,62.96,62.96,USD
O102576,2025-12-25T08:46:29,2025-12-25,C0006,Customer 0006,Consumer,W,partner,2,P200,Analytics Add-on,addon,1,39.65,39.65,USD
O102577,2025-12-25T14:47:38,2025-12-25,C0072,Customer 0072,SMB,NE,web,1,P200,Analytics Add-on,addon,1,39.60,39.60,USD
O102578,2025-12-25T15:30:43,2025-12-25,C0119,Customer 0119,Consumer,SE,web,1,P210,Automation Add-on,addon,2,59.99,119.98,USD
O102579,2025-12-25T13:35:19,2025-12-25,C0037,Customer 0037,SMB,SE,web,1,P210,Automation Add-on,addon,1,62.36,62.36,USD
O102579,2025-12-25T13:35:19,2025-12-25,C0037,Customer 0037,SMB,SE,web,2,P300,Implementation Package,service,1,534.47,534.47,USD
O102580,2025-12-25T18:00:16,2025-12-25,C0114,Customer 0114,Consumer,MW,partner,1,P110,Professional Subscription,subscription,1,81.05,81.05,USD
O102581,2025-12-25T08:07:43,2025-12-25,C0195,Customer 0195,Consumer,SW,mobile,1,P310,Training Package,service,1,315.50,315.50,USD
O102582,2025-12-25T11:52:30,2025-12-25,C0014,Customer 0014,Consumer,SW,web,1,P300,Implementation Package,service,1,497.74,497.74,USD
O102582,2025-12-25T11:52:30,2025-12-25,C0014,Customer 0014,Consumer,SW,web,2,P100,Starter Subscription,subscription,1,27.79,27.79,USD
O102582,2025-12-25T11:52:30,2025-12-25,C0014,Customer 0014,Consumer,SW,web,3,P310,Training Package,service,1,285.68,285.68,USD
O102583,2025-12-25T17:50:28,2025-12-25,C0111,Customer 0111,Consumer,NE,web,1,P100,Starter Subscription,subscription,1,27.27,27.27,USD
O102584,2025-12-25T15:04:58,2025-12-25,C0085,Customer 0085,Mid-Market,SW,mobile,1,P110,Professional Subscription,subscription,1,77.36,77.36,USD
O102585,2025-12-25T15:22:34,2025-12-25,C0229,Customer 0229,SMB,SE,web,1,P100,Starter Subscription,subscription,1,28.88,28.88,USD
O102586,2025-12-25T13:37:38,2025-12-25,C0218,Customer 0218,Enterprise,SW,partner,1,P200,Analytics Add-on,addon,1,36.56,36.56,USD
O102587,2025-12-25T12:14:28,2025-12-25,C0228,Customer 0228,Consumer,SW,web,1,P200,Analytics Add-on,addon,2,39.53,79.06,USD
O102588,2025-12-25T12:23:12,2025-12-25,C0034,Customer 0034,Consumer,SW,web,1,P120,Enterprise Subscription,subscription,1,196.75,196.75,USD
O102589,2025-12-25T14:23:34,2025-12-25,C0220,Customer 0220,Enterprise,SE,web,1,P300,Implementation Package,service,1,516.08,516.08,USD
O102590,2025-12-25T15:53:55,2025-12-25,C0091,Customer 0091,Mid-Market,NE,partner,1,P110,Professional Subscription,subscription,1,77.19,77.19,USD
O102590,2025-12-25T15:53:55,2025-12-25,C0091,Customer 0091,Mid-Market,NE,partner,2,P100,Starter Subscription,subscription,1,29.57,29.57,USD
O102591,2025-12-25T10:49:01,2025-12-25,C0046,Customer 0046,Consumer,W,web,1,P310,Training Package,service,1,285.38,285.38,USD
O102591,2025-12-25T10:49:01,2025-12-25,C0046,Customer 0046,Consumer,W,web,2,P300,Implementation Package,service,1,488.30,488.30,USD
O102591,2025-12-25T10:49:01,2025-12-25,C0046,Customer 0046,Consumer,W,web,3,P100,Starter Subscription,subscription,1,28.93,28.93,USD
O102592,2025-12-25T13:54:23,2025-12-25,C0233,Customer 0233,Mid-Market,SE,web,1,P200,Analytics Add-on,addon,1,38.85,38.85,USD
O102592,2025-12-25T13:54:23,2025-12-25,C0233,Customer 0233,Mid-Market,SE,web,2,P210,Automation Add-on,addon,1,60.76,60.76,USD
O102593,2025-12-25T10:41:35,2025-12-25,C0080,Customer 0080,Mid-Market,W,web,1,P310,Training Package,service,1,283.38,283.38,USD
O102594,2025-12-25T16:02:24,2025-12-25,C0011,Customer 0011,SMB,MW,mobile,1,P110,Professional Subscription,subscription,1,71.99,71.99,USD
O102595,2025-12-25T16:11:17,2025-12-25,C0080,Customer 0080,Mid-Market,W,web,1,P310,Training Package,service,1,280.60,280.60,USD
O102596,2025-12-25T10:04:35,2025-12-25,C0113,Customer 0113,Enterprise,MW,web,1,P110,Professional Subscription,subscription,1,73.77,73.77,USD
O102597,2025-12-25T11:20:28,2025-12-25,C0171,Customer 0171,Consumer,NE,web,1,P110,Professional Subscription,subscription,1,80.54,80.54,USD
O102598,2025-12-25T09:41:35,2025-12-25,C0188,Customer 0188,Mid-Market,SW,partner,1,P300,Implementation Package,service,1,522.61,522.61,USD
O102599,2025-12-25T11:20:24,2025-12-25,C0218,Customer 0218,Enterprise,SW,web,1,P120,Enterprise Subscription,subscription,1,182.20,182.20,USD
O102600,2025-12-25T18:24:02,2025-12-25,C0041,Customer 0041,Consumer,NE,mobile,1,P300,Implementation Package,service,1,469.95,469.95,USD
O102600,2025-12-25T18:24:02,2025-12-25,C0041,Customer 0041,Consumer,NE,mobile,2,P110,Professional Subscription,subscription,1,76.95,76.95,USD
O102600,2025-12-25T18:24:02,2025-12-25,C0041,Customer 0041,Consumer,NE,mobile,3,P310,Training Package,service,1,290.88,290.88,USD
O102601,2025-12-25T19:50:32,2025-12-25,C0022,Customer 0022,SMB,NE,mobile,1,P210,Automation Add-on,addon,1,57.01,57.01,USD
O102601,2025-12-25T19:50:32,2025-12-25,C0022,Customer 0022,SMB,NE,mobile,2,P300,Implementation Package,service,1,531.74,531.74,USD
O102602,2025-12-25T14:28:28,2025-12-25,C0060,Customer 0060,Consumer,MW,web,1,P120,Enterprise Subscription,subscription,1,184.32,184.32,USD
O102602,2025-12-25T14:28:28,2025-12-25,C0060,Customer 0060,Consumer,MW,web,2,P310,Training Package,service,1,311.92,311.92,USD
O102603,2025-12-25T11:31:34,2025-12-25,C0218,Customer 0218,Enterprise,SW,web,1,P210,Automation Add-on,addon,1,63.52,63.52,USD
O102604,2025-12-25T15:58:22,2025-12-25,C0097,Customer 0097,Enterprise,NE,mobile,1,P200,Analytics Add-on,addon,1,41.00,41.00,USD
O102605,2025-12-25T19:15:46,2025-12-25,C0181,Customer 0181,SMB,W,web,1,P110,Professional Subscription,subscription,1,74.34,74.34,USD
O102606,2025-12-25T17:26:51,2025-12-25,C0160,Customer 0160,Mid-Market,SE,web,1,P200,Analytics Add-on,addon,2,39.69,79.38,USD
O102606,2025-12-25T17:26:51,2025-12-25,C0160,Customer 0160,Mid-Market,SE,web,2,P110,Professional Subscription,subscription,1,79.31,79.31,USD
O102606,2025-12-25T17:26:51,2025-12-25,C0160,Customer 0160,Mid-Market,SE,web,3,P210,Automation Add-on,addon,1,63.29,63.29,USD
O102607,2025-12-25T16:47:25,2025-12-25,C0075,Customer 0075,Consumer,NE,web,1,P110,Professional Subscription,subscription,1,77.41,77.41,USD
O102607,2025-12-25T16:47:25,2025-12-25,C0075,Customer 0075,Consumer,NE,web,2,P100,Starter Subscription,subscription,1,25.71,25.71,USD
O102608,2025-12-25T14:19:56,2025-12-25,C0097,Customer 0097,Enterprise,NE,mobile,1,P100,Starter Subscription,subscription,1,26.84,26.84,USD
O102609,2025-12-26T16:32:49,2025-12-26,C0004,Customer 0004,Enterprise,NE,partner,1,P300,Implementation Package,service,1,474.23,474.23,USD
O102610,2025-12-26T09:01:42,2025-12-26,C0196,Customer 0196,SMB,SW,partner,1,P110,Professional Subscription,subscription,1,76.54,76.54,USD
O102610,2025-12-26T09:01:42,2025-12-26,C0196,Customer 0196,SMB,SW,partner,2,P300,Implementation Package,service,1,534.77,534.77,USD
O102610,2025-12-26T09:01:42,2025-12-26,C0196,Customer 0196,SMB,SW,partner,3,P210,Automation Add-on,addon,2,59.30,118.60,USD
O102611,2025-12-26T15:43:01,2025-12-26,C0145,Customer 0145,Mid-Market,W,web,1,P110,Professional Subscription,subscription,1,69.45,69.45,USD
O102611,2025-12-26T15:43:01,2025-12-26,C0145,Customer 0145,Mid-Market,W,web,2,P300,Implementation Package,service,1,494.02,494.02,USD
O102612,2025-12-26T20:15:10,2025-12-26,C0191,Customer 0191,SMB,W,web,1,P310,Training Package,service,1,298.12,298.12,USD
O102613,2025-12-26T11:26:00,2025-12-26,C0149,Customer 0149,Mid-Market,MW,mobile,1,P100,Starter Subscription,subscription,1,27.27,27.27,USD
O102614,2025-12-26T11:50:32,2025-12-26,C0211,Customer 0211,SMB,NE,mobile,1,P100,Starter Subscription,subscription,1,25.98,25.98,USD
O102615,2025-12-26T09:01:07,2025-12-26,C0078,Customer 0078,Mid-Market,SW,web,1,P310,Training Package,service,1,281.83,281.83,USD
O102616,2025-12-26T12:15:19,2025-12-26,C0125,Customer 0125,Mid-Market,NE,web,1,P120,Enterprise Subscription,subscription,1,181.02,181.02,USD
O102617,2025-12-26T19:44:27,2025-12-26,C0170,Customer 0170,Mid-Market,SE,web,1,P310,Training Package,service,1,313.24,313.24,USD
O102618,2025-12-26T16:10:30,2025-12-26,C0047,Customer 0047,Consumer,MW,mobile,1,P120,Enterprise Subscription,subscription,1,186.35,186.35,USD
O102619,2025-12-26T10:46:47,2025-12-26,C0238,Customer 0238,Mid-Market,MW,mobile,1,P200,Analytics Add-on,addon,1,40.09,40.09,USD
O102620,2025-12-26T15:08:24,2025-12-26,C0208,Customer 0208,Consumer,NE,mobile,1,P210,Automation Add-on,addon,1,62.66,62.66,USD
O102621,2025-12-26T13:56:12,2025-12-26,C0216,Customer 0216,Consumer,SE,web,1,P120,Enterprise Subscription,subscription,1,175.81,175.81,USD
O102622,2025-12-26T19:27:08,2025-12-26,C0070,Customer 0070,SMB,W,mobile,1,P100,Starter Subscription,subscription,1,29.18,29.18,USD
O102622,2025-12-26T19:27:08,2025-12-26,C0070,Customer 0070,SMB,W,mobile,2,P300,Implementation Package,service,1,520.98,520.98,USD
O102623,2025-12-26T20:03:49,2025-12-26,C0127,Customer 0127,SMB,W,web,1,P120,Enterprise Subscription,subscription,1,182.13,182.13,USD
O102624,2025-12-26T18:13:27,2025-12-26,C0050,Customer 0050,Consumer,W,web,1,P100,Starter Subscription,subscription,1,26.26,26.26,USD
O102625,2025-12-26T08:17:57,2025-12-26,C0156,Customer 0156,Enterprise,SW,web,1,P100,Starter Subscription,subscription,1,26.83,26.83,USD
O102626,2025-12-26T13:28:56,2025-12-26,C0087,Customer 0087,Mid-Market,W,web,1,P210,Automation Add-on,addon,2,57.53,115.06,USD
O102626,2025-12-26T13:28:56,2025-12-26,C0087,Customer 0087,Mid-Market,W,web,2,P120,Enterprise Subscription,subscription,1,193.08,193.08,USD
O102627,2025-12-26T14:36:13,2025-12-26,C0234,Customer 0234,SMB,SW,web,1,P310,Training Package,service,1,293.15,293.15,USD
O102627,2025-12-26T14:36:13,2025-12-26,C0234,Customer 0234,SMB,SW,web,2,P110,Professional Subscription,subscription,1,72.55,72.55,USD
O102627,2025-12-26T14:36:13,2025-12-26,C0234,Customer 0234,SMB,SW,web,3,P300,Implementation Package,service,1,522.46,522.46,USD
O102628,2025-12-26T12:37:17,2025-12-26,C0104,Customer 0104,Mid-Market,W,web,1,P120,Enterprise Subscription,subscription,1,200.41,200.41,USD
O102629,2025-12-26T15:54:03,2025-12-26,C0089,Customer 0089,SMB,NE,web,1,P210,Automation Add-on,addon,2,61.09,122.18,USD
O102630,2025-12-26T20:51:01,2025-12-26,C0009,Customer 0009,Consumer,NE,mobile,1,P110,Professional Subscription,subscription,1,77.20,77.20,USD
O102630,2025-12-26T20:51:01,2025-12-26,C0009,Customer 0009,Consumer,NE,mobile,2,P100,Starter Subscription,subscription,1,28.63,28.63,USD
O102631,2025-12-26T13:04:27,2025-12-26,C0037,Customer 0037,SMB,SE,mobile,1,P210,Automation Add-on,addon,2,54.56,109.12,USD
O102631,2025-12-26T13:04:27,2025-12-26,C0037,Customer 0037,SMB,SE,mobile,2,P300,Implementation Package,service,1,489.58,489.58,USD
O102632,2025-12-26T09:13:27,2025-12-26,C0227,Customer 0227,Mid-Market,MW,partner,1,P120,Enterprise Subscription,subscription,1,201.13,201.13,USD
O102633,2025-12-26T16:59:46,2025-12-26,C0134,Customer 0134,SMB,SW,web,1,P110,Professional Subscription,subscription,1,80.53,80.53,USD
O102634,2025-12-26T13:10:08,2025-12-26,C0140,Customer 0140,Consumer,NE,web,1,P100,Starter Subscription,subscription,1,26.72,26.72,USD
O102634,2025-12-26T13:10:08,2025-12-26,C0140,Customer 0140,Consumer,NE,web,2,P310,Training Package,service,1,283.94,283.94,USD
O102635,2025-12-26T11:37:21,2025-12-26,C0081,Customer 0081,SMB,W,partner,1,P310,Training Package,service,1,308.98,308.98,USD
O102636,2025-12-26T11:00:56,2025-12-26,C0114,Customer 0114,Consumer,MW,web,1,P310,Training Package,service,1,311.10,311.10,USD
O102637,2025-12-26T16:06:52,2025-12-26,C0235,Customer 0235,Consumer,W,mobile,1,P300,Implementation Package,service,1,510.27,510.27,USD
O102637,2025-12-26T16:06:52,2025-12-26,C0235,Customer 0235,Consumer,W,mobile,2,P310,Training Package,service,1,276.61,276.61,USD
O102638,2025-12-26T20:09:27,2025-12-26,C0013,Customer 0013,Consumer,W,mobile,1,P200,Analytics Add-on,addon,1,38.72,38.72,USD
O102639,2025-12-26T09:32:23,2025-12-26,C0223,Customer 0223,Consumer,MW,mobile,1,P110,Professional Subscription,subscription,1,69.66,69.66,USD
O102640,2025-12-26T14:49:07,2025-12-26,C0105,Customer 0105,SMB,SE,web,1,P100,Starter Subscription,subscription,1,28.63,28.63,USD
O102641,2025-12-26T13:30:10,2025-12-26,C0087,Customer 0087,Mid-Market,W,mobile,1,P100,Starter Subscription,subscription,1,28.23,28.23,USD
O102642,2025-12-26T18:59:02,2025-12-26,C0020,Customer 0020,SMB,MW,web,1,P210,Automation Add-on,addon,1,55.93,55.93,USD
O102643,2025-12-26T11:32:30,2025-12-26,C0149,Customer 0149,Mid-Market,MW,mobile,1,P200,Analytics Add-on,addon,2,39.98,79.96,USD
O102643,2025-12-26T11:32:30,2025-12-26,C0149,Customer 0149,Mid-Market,MW,mobile,2,P110,Professional Subscription,subscription,1,72.92,72.92,USD
O102644,2025-12-26T13:30:59,2025-12-26,C0215,Customer 0215,SMB,W,mobile,1,P100,Starter Subscription,subscription,1,26.81,26.81,USD
O102645,2025-12-26T14:35:38,2025-12-26,C0106,Customer 0106,SMB,MW,mobile,1,P110,Professional Subscription,subscription,1,74.74,74.74,USD
O102646,2025-12-26T12:00:04,2025-12-26,C0116,Customer 0116,Mid-Market,NE,mobile,1,P120,Enterprise Subscription,subscription,1,193.49,193.49,USD
O102646,2025-12-26T12:00:04,2025-12-26,C0116,Customer 0116,Mid-Market,NE,mobile,2,P210,Automation Add-on,addon,1,59.25,59.25,USD
O102647,2025-12-26T10:10:56,2025-12-26,C0019,Customer 0019,Consumer,NE,partner,1,P110,Professional Subscription,subscription,1,76.43,76.43,USD
O102648,2025-12-26T08:03:56,2025-12-26,C0151,Customer 0151,Consumer,W,mobile,1,P200,Analytics Add-on,addon,1,41.03,41.03,USD
O102649,2025-12-26T09:04:48,2025-12-26,C0160,Customer 0160,Mid-Market,SE,web,1,P110,Professional Subscription,subscription,1,77.71,77.71,USD
O102649,2025-12-26T09:04:48,2025-12-26,C0160,Customer 0160,Mid-Market,SE,web,2,P120,Enterprise Subscription,subscription,1,193.39,193.39,USD
O102650,2025-12-26T17:50:01,2025-12-26,C0124,Customer 0124,SMB,SE,mobile,1,P300,Implementation Package,service,1,500.04,500.04,USD
O102651,2025-12-27T14:30:17,2025-12-27,C0144,Customer 0144,Consumer,W,web,1,P120,Enterprise Subscription,subscription,1,204.17,204.17,USD
O102651,2025-12-27T14:30:17,2025-12-27,C0144,Customer 0144,Consumer,W,web,2,P310,Training Package,service,1,280.81,280.81,USD
O102652,2025-12-27T17:45:02,2025-12-27,C0038,Customer 0038,Mid-Market,NE,mobile,1,P100,Starter Subscription,subscription,1,27.05,27.05,USD
O102652,2025-12-27T17:45:02,2025-12-27,C0038,Customer 0038,Mid-Market,NE,mobile,2,P210,Automation Add-on,addon,2,58.45,116.90,USD
O102652,2025-12-27T17:45:02,2025-12-27,C0038,Customer 0038,Mid-Market,NE,mobile,3,P120,Enterprise Subscription,subscription,1,182.92,182.92,USD
O102653,2025-12-27T15:44:06,2025-12-27,C0126,Customer 0126,SMB,SE,web,1,P110,Professional Subscription,subscription,1,72.91,72.91,USD
O102653,2025-12-27T15:44:06,2025-12-27,C0126,Customer 0126,SMB,SE,web,2,P200,Analytics Add-on,addon,1,38.79,38.79,USD
O102654,2025-12-27T15:36:39,2025-12-27,C0207,Customer 0207,Consumer,SW,partner,1,P100,Starter Subscription,subscription,1,28.83,28.83,USD
O102655,2025-12-27T09:24:11,2025-12-27,C0135,Customer 0135,Mid-Market,SE,web,1,P310,Training Package,service,1,288.04,288.04,USD
O102656,2025-12-27T13:07:49,2025-12-27,C0208,Customer 0208,Consumer,NE,mobile,1,P300,Implementation Package,service,1,535.56,535.56,USD
O102657,2025-12-27T10:01:26,2025-12-27,C0029,Customer 0029,Consumer,MW,web,1,P210,Automation Add-on,addon,1,58.72,58.72,USD
O102657,2025-12-27T10:01:26,2025-12-27,C0029,Customer 0029,Consumer,MW,web,2,P200,Analytics Add-on,addon,1,37.57,37.57,USD
O102658,2025-12-27T14:32:26,2025-12-27,C0055,Customer 0055,Mid-Market,NE,partner,1,P100,Starter Subscription,subscription,1,26.74,26.74,USD
O102659,2025-12-27T16:44:13,2025-12-27,C0205,Customer 0205,Consumer,SW,partner,1,P300,Implementation Package,service,1,509.22,509.22,USD
O102660,2025-12-27T11:21:42,2025-12-27,C0210,Customer 0210,SMB,NE,web,1,P300,Implementation Package,service,1,478.19,478.19,USD
O102660,2025-12-27T11:21:42,2025-12-27,C0210,Customer 0210,SMB,NE,web,2,P120,Enterprise Subscription,subscription,1,175.06,175.06,USD
O102661,2025-12-27T14:58:49,2025-12-27,C0103,Customer 0103,Consumer,NE,web,1,P300,Implementation Package,service,1,527.80,527.80,USD
O102662,2025-12-27T16:04:03,2025-12-27,C0103,Customer 0103,Consumer,NE,partner,1,P310,Training Package,service,1,314.92,314.92,USD
O102662,2025-12-27T16:04:03,2025-12-27,C0103,Customer 0103,Consumer,NE,partner,2,P210,Automation Add-on,addon,1,60.76,60.76,USD
O102663,2025-12-27T14:00:10,2025-12-27,C0185,Customer 0185,SMB,SE,web,1,P200,Analytics Add-on,addon,2,41.63,83.26,USD
O102664,2025-12-27T13:24:19,2025-12-27,C0192,Customer 0192,Mid-Market,MW,web,1,P200,Analytics Add-on,addon,1,36.54,36.54,USD
O102665,2025-12-27T12:35:51,2025-12-27,C0025,Customer 0025,SMB,W,web,1,P110,Professional Subscription,subscription,1,79.23,79.23,USD
O102666,2025-12-27T14:24:08,2025-12-27,C0041,Customer 0041,Consumer,NE,web,1,P300,Implementation Package,service,1,518.66,518.66,USD
O102666,2025-12-27T14:24:08,2025-12-27,C0041,Customer 0041,Consumer,NE,web,2,P310,Training Package,service,1,317.66,317.66,USD
O102667,2025-12-27T10:45:32,2025-12-27,C0044,Customer 0044,SMB,NE,web,1,P300,Implementation Package,service,1,479.09,479.09,USD
O102668,2025-12-27T13:46:44,2025-12-27,C0060,Customer 0060,Consumer,MW,web,1,P120,Enterprise Subscription,subscription,1,179.49,179.49,USD
O102669,2025-12-27T12:07:10,2025-12-27,C0185,Customer 0185,SMB,SE,partner,1,P300,Implementation Package,service,1,473.28,473.28,USD
O102670,2025-12-27T09:55:54,2025-12-27,C0225,Customer 0225,Enterprise,MW,web,1,P120,Enterprise Subscription,subscription,1,178.50,178.50,USD
O102670,2025-12-27T09:55:54,2025-12-27,C0225,Customer 0225,Enterprise,MW,web,2,P300,Implementation Package,service,1,537.57,537.57,USD
O102671,2025-12-27T19:32:23,2025-12-27,C0190,Customer 0190,Consumer,W,mobile,1,P200,Analytics Add-on,addon,1,41.29,41.29,USD
O102671,2025-12-27T19:32:23,2025-12-27,C0190,Customer 0190,Consumer,W,mobile,2,P120,Enterprise Subscription,subscription,1,188.63,188.63,USD
O102672,2025-12-27T20:48:31,2025-12-27,C0089,Customer 0089,SMB,NE,web,1,P200,Analytics Add-on,addon,1,39.15,39.15,USD
O102673,2025-12-27T14:05:12,2025-12-27,C0164,Customer 0164,Consumer,SE,web,1,P100,Starter Subscription,subscription,1,25.38,25.38,USD
O102674,2025-12-27T19:45:31,2025-12-27,C0013,Customer 0013,Consumer,W,web,1,P200,Analytics Add-on,addon,1,38.14,38.14,USD
O102674,2025-12-27T19:45:31,2025-12-27,C0013,Customer 0013,Consumer,W,web,2,P100,Starter Subscription,subscription,1,29.28,29.28,USD
O102675,2025-12-27T17:21:07,2025-12-27,C0002,Customer 0002,SMB,SE,mobile,1,P310,Training Package,service,1,276.46,276.46,USD
O102676,2025-12-27T16:29:51,2025-12-27,C0007,Customer 0007,Consumer,W,web,1,P310,Training Package,service,1,320.48,320.48,USD
O102677,2025-12-27T19:27:31,2025-12-27,C0158,Customer 0158,SMB,W,web,1,P210,Automation Add-on,addon,1,57.60,57.60,USD
O102678,2025-12-27T08:21:56,2025-12-27,C0161,Customer 0161,Mid-Market,SE,web,1,P300,Implementation Package,service,1,525.95,525.95,USD
O102678,2025-12-27T08:21:56,2025-12-27,C0161,Customer 0161,Mid-Market,SE,web,2,P120,Enterprise Subscription,subscription,1,203.47,203.47,USD
O102679,2025-12-27T11:24:59,2025-12-27,C0185,Customer 0185,SMB,SE,mobile,1,P110,Professional Subscription,subscription,1,80.85,80.85,USD
O102679,2025-12-27T11:24:59,2025-12-27,C0185,Customer 0185,SMB,SE,mobile,2,P120,Enterprise Subscription,subscription,1,176.35,176.35,USD
O102680,2025-12-27T08:22:18,2025-12-27,C0059,Customer 0059,Consumer,W,web,1,P210,Automation Add-on,addon,1,55.22,55.22,USD
O102680,2025-12-27T08:22:18,2025-12-27,C0059,Customer 0059,Consumer,W,web,2,P200,Analytics Add-on,addon,2,36.76,73.52,USD
O102681,2025-12-27T20:18:10,2025-12-27,C0124,Customer 0124,SMB,SE,mobile,1,P110,Professional Subscription,subscription,1,70.27,70.27,USD
O102682,2025-12-27T14:49:34,2025-12-27,C0138,Customer 0138,Mid-Market,W,web,1,P110,Professional Subscription,subscription,1,76.19,76.19,USD
O102682,2025-12-27T14:49:34,2025-12-27,C0138,Customer 0138,Mid-Market,W,web,2,P120,Enterprise Subscription,subscription,1,176.96,176.96,USD
O102683,2025-12-27T11:32:49,2025-12-27,C0106,Customer 0106,SMB,MW,web,1,P110,Professional Subscription,subscription,1,70.36,70.36,USD
O102684,2025-12-27T15:45:17,2025-12-27,C0036,Customer 0036,Mid-Market,NE,web,1,P120,Enterprise Subscription,subscription,1,179.46,179.46,USD
O102685,2025-12-27T11:08:40,2025-12-27,C0131,Customer 0131,Consumer,SE,web,1,P110,Professional Subscription,subscription,1,75.30,75.30,USD
O102686,2025-12-27T14:34:46,2025-12-27,C0189,Customer 0189,SMB,SW,web,1,P110,Professional Subscription,subscription,1,69.96,69.96,USD
O102687,2025-12-27T10:28:10,2025-12-27,C0057,Customer 0057,Mid-Market,W,web,1,P300,Implementation Package,service,1,509.64,509.64,USD
O102688,2025-12-27T19:30:30,2025-12-27,C0052,Customer 0052,SMB,MW,mobile,1,P110,Professional Subscription,subscription,1,73.98,73.98,USD
O102688,2025-12-27T19:30:30,2025-12-27,C0052,Customer 0052,SMB,MW,mobile,2,P300,Implementation Package,service,1,494.38,494.38,USD
O102689,2025-12-28T09:46:57,2025-12-28,C0151,Customer 0151,Consumer,W,mobile,1,P310,Training Package,service,1,318.78,318.78,USD
O102690,2025-12-28T20:55:50,2025-12-28,C0032,Customer 0032,SMB,W,mobile,1,P100,Starter Subscription,subscription,1,28.89,28.89,USD
O102691,2025-12-28T18:06:40,2025-12-28,C0216,Customer 0216,Consumer,SE,web,1,P300,Implementation Package,service,1,500.38,500.38,USD
O102691,2025-12-28T18:06:40,2025-12-28,C0216,Customer 0216,Consumer,SE,web,2,P210,Automation Add-on,addon,1,56.34,56.34,USD
O102692,2025-12-28T09:57:00,2025-12-28,C0123,Customer 0123,Consumer,W,web,1,P100,Starter Subscription,subscription,1,26.55,26.55,USD
O102693,2025-12-28T11:49:15,2025-12-28,C0225,Customer 0225,Enterprise,MW,partner,1,P200,Analytics Add-on,addon,2,38.06,76.12,USD
O102693,2025-12-28T11:49:15,2025-12-28,C0225,Customer 0225,Enterprise,MW,partner,2,P120,Enterprise Subscription,subscription,1,191.09,191.09,USD
O102693,2025-12-28T11:49:15,2025-12-28,C0225,Customer 0225,Enterprise,MW,partner,3,P310,Training Package,service,1,289.95,289.95,USD
O102694,2025-12-28T18:39:43,2025-12-28,C0170,Customer 0170,Mid-Market,SE,web,1,P200,Analytics Add-on,addon,1,38.47,38.47,USD
O102695,2025-12-28T16:18:02,2025-12-28,C0219,Customer 0219,Consumer,SE,web,1,P210,Automation Add-on,addon,1,55.66,55.66,USD
O102695,2025-12-28T16:18:02,2025-12-28,C0219,Customer 0219,Consumer,SE,web,2,P310,Training Package,service,1,281.16,281.16,USD
O102695,2025-12-28T16:18:02,2025-12-28,C0219,Customer 0219,Consumer,SE,web,3,P110,Professional Subscription,subscription,1,72.80,72.80,USD
O102696,2025-12-28T15:29:58,2025-12-28,C0104,Customer 0104,Mid-Market,W,web,1,P200,Analytics Add-on,addon,2,40.98,81.96,USD
O102697,2025-12-28T16:09:11,2025-12-28,C0124,Customer 0124,SMB,SE,web,1,P210,Automation Add-on,addon,1,63.11,63.11,USD
O102697,2025-12-28T16:09:11,2025-12-28,C0124,Customer 0124,SMB,SE,web,2,P300,Implementation Package,service,1,532.91,532.91,USD
O102698,2025-12-28T15:28:59,2025-12-28,C0204,Customer 0204,SMB,MW,mobile,1,P300,Implementation Package,service,1,504.29,504.29,USD
O102699,2025-12-28T13:52:22,2025-12-28,C0122,Customer 0122,Consumer,W,partner,1,P310,Training Package,service,1,286.09,286.09,USD
O102699,2025-12-28T13:52:22,2025-12-28,C0122,Customer 0122,Consumer,W,partner,2,P300,Implementation Package,service,1,536.15,536.15,USD
O102700,2025-12-28T20:07:53,2025-12-28,C0035,Customer 0035,SMB,SE,mobile,1,P210,Automation Add-on,addon,2,58.10,116.20,USD
O102700,2025-12-28T20:07:53,2025-12-28,C0035,Customer 0035,SMB,SE,mobile,2,P110,Professional Subscription,subscription,1,69.52,69.52,USD
O102701,2025-12-28T12:45:29,2025-12-28,C0152,Customer 0152,Consumer,MW,partner,1,P310,Training Package,service,1,299.53,299.53,USD
O102702,2025-12-28T08:28:16,2025-12-28,C0200,Customer 0200,Consumer,W,web,1,P300,Implementation Package,service,1,518.16,518.16,USD
O102702,2025-12-28T08:28:16,2025-12-28,C0200,Customer 0200,Consumer,W,web,2,P200,Analytics Add-on,addon,2,41.96,83.92,USD
O102703,2025-12-28T11:57:38,2025-12-28,C0034,Customer 0034,Consumer,SW,web,1,P200,Analytics Add-on,addon,1,39.78,39.78,USD
O102703,2025-12-28T11:57:38,2025-12-28,C0034,Customer 0034,Consumer,SW,web,2,P100,Starter Subscription,subscription,1,26.60,26.60,USD
O102704,2025-12-28T15:55:03,2025-12-28,C0165,Customer 0165,Mid-Market,SE,mobile,1,P120,Enterprise Subscription,subscription,1,177.53,177.53,USD
O102705,2025-12-28T18:09:26,2025-12-28,C0212,Customer 0212,SMB,SE,web,1,P110,Professional Subscription,subscription,1,75.01,75.01,USD
O102705,2025-12-28T18:09:26,2025-12-28,C0212,Customer 0212,SMB,SE,web,2,P100,Starter Subscription,subscription,1,29.12,29.12,USD
O102706,2025-12-28T15:39:56,2025-12-28,C0207,Customer 0207,Consumer,SW,web,1,P310,Training Package,service,1,283.02,283.02,USD
O102706,2025-12-28T15:39:56,2025-12-28,C0207,Customer 0207,Consumer,SW,web,2,P300,Implementation Package,service,1,474.24,474.24,USD
O102707,2025-12-28T09:22:13,2025-12-28,C0187,Customer 0187,SMB,SW,partner,1,P310,Training Package,service,1,277.73,277.73,USD
O102707,2025-12-28T09:22:13,2025-12-28,C0187,Customer 0187,SMB,SW,partner,2,P100,Starter Subscription,subscription,1,27.37,27.37,USD
O102707,2025-12-28T09:22:13,2025-12-28,C0187,Customer 0187,SMB,SW,partner,3,P120,Enterprise Subscription,subscription,1,186.41,186.41,USD
O102708,2025-12-28T18:31:33,2025-12-28,C0123,Customer 0123,Consumer,W,web,1,P310,Training Package,service,1,280.43,280.43,USD
O102709,2025-12-28T08:24:41,2025-12-28,C0022,Customer 0022,SMB,NE,web,1,P100,Starter Subscription,subscription,1,28.64,28.64,USD
O102709,2025-12-28T08:24:41,2025-12-28,C0022,Customer 0022,SMB,NE,web,2,P310,Training Package,service,1,293.72,293.72,USD
O102710,2025-12-28T11:50:29,2025-12-28,C0086,Customer 0086,Consumer,SW,web,1,P300,Implementation Package,service,1,499.93,499.93,USD
O102711,2025-12-28T09:12:51,2025-12-28,C0016,Customer 0016,Enterprise,W,mobile,1,P310,Training Package,service,1,279.45,279.45,USD
O102712,2025-12-28T08:48:06,2025-12-28,C0053,Customer 0053,SMB,SE,web,1,P210,Automation Add-on,addon,1,61.55,61.55,USD
O102712,2025-12-28T08:48:06,2025-12-28,C0053,Customer 0053,SMB,SE,web,2,P100,Starter Subscription,subscription,1,28.67,28.67,USD
O102713,2025-12-28T12:26:55,2025-12-28,C0121,Customer 0121,SMB,NE,mobile,1,P210,Automation Add-on,addon,1,56.11,56.11,USD
O102714,2025-12-28T16:36:44,2025-12-28,C0075,Customer 0075,Consumer,NE,web,1,P110,Professional Subscription,subscription,1,77.61,77.61,USD
O102715,2025-12-28T10:27:10,2025-12-28,C0154,Customer 0154,SMB,SW,web,1,P110,Professional Subscription,subscription,1,72.07,72.07,USD
O102716,2025-12-28T19:13:44,2025-12-28,C0062,Customer 0062,Consumer,SW,mobile,1,P200,Analytics Add-on,addon,1,38.02,38.02,USD
O102717,2025-12-28T16:49:49,2025-12-28,C0027,Customer 0027,Consumer,MW,web,1,P210,Automation Add-on,addon,1,58.59,58.59,USD
O102717,2025-12-28T16:49:49,2025-12-28,C0027,Customer 0027,Consumer,MW,web,2,P120,Enterprise Subscription,subscription,1,197.91,197.91,USD
O102718,2025-12-28T08:05:21,2025-12-28,C0122,Customer 0122,Consumer,W,mobile,1,P110,Professional Subscription,subscription,1,70.65,70.65,USD
O102718,2025-12-28T08:05:21,2025-12-28,C0122,Customer 0122,Consumer,W,mobile,2,P300,Implementation Package,service,1,511.89,511.89,USD
O102719,2025-12-28T11:20:58,2025-12-28,C0070,Customer 0070,SMB,W,mobile,1,P310,Training Package,service,1,276.60,276.60,USD
O102719,2025-12-28T11:20:58,2025-12-28,C0070,Customer 0070,SMB,W,mobile,2,P210,Automation Add-on,addon,2,58.71,117.42,USD
O102719,2025-12-28T11:20:58,2025-12-28,C0070,Customer 0070,SMB,W,mobile,3,P110,Professional Subscription,subscription,1,74.01,74.01,USD
O102720,2025-12-28T20:49:56,2025-12-28,C0166,Customer 0166,SMB,SE,web,1,P120,Enterprise Subscription,subscription,1,187.67,187.67,USD
O102721,2025-12-28T13:43:51,2025-12-28,C0174,Customer 0174,Mid-Market,SW,web,1,P200,Analytics Add-on,addon,1,38.42,38.42,USD
O102721,2025-12-28T13:43:51,2025-12-28,C0174,Customer 0174,Mid-Market,SW,web,2,P120,Enterprise Subscription,subscription,1,194.03,194.03,USD
O102722,2025-12-28T08:30:51,2025-12-28,C0065,Customer 0065,Enterprise,NE,mobile,1,P210,Automation Add-on,addon,1,59.29,59.29,USD
O102723,2025-12-28T10:15:44,2025-12-28,C0142,Customer 0142,SMB,SW,web,1,P100,Starter Subscription,subscription,1,28.63,28.63,USD
O102724,2025-12-28T20:16:12,2025-12-28,C0088,Customer 0088,Consumer,SE,web,1,P310,Training Package,service,1,298.96,298.96,USD
O102725,2025-12-28T17:26:08,2025-12-28,C0014,Customer 0014,Consumer,SW,web,1,P120,Enterprise Subscription,subscription,1,174.71,174.71,USD
O102726,2025-12-28T13:53:57,2025-12-28,C0016,Customer 0016,Enterprise,W,web,1,P310,Training Package,service,1,319.77,319.77,USD
O102726,2025-12-28T13:53:57,2025-12-28,C0016,Customer 0016,Enterprise,W,web,2,P210,Automation Add-on,addon,2,60.80,121.60,USD
O102727,2025-12-29T10:33:58,2025-12-29,C0076,Customer 0076,Mid-Market,MW,mobile,1,P300,Implementation Package,service,1,467.76,467.76,USD
O102727,2025-12-29T10:33:58,2025-12-29,C0076,Customer 0076,Mid-Market,MW,mobile,2,P210,Automation Add-on,addon,1,60.14,60.14,USD
O102727,2025-12-29T10:33:58,2025-12-29,C0076,Customer 0076,Mid-Market,MW,mobile,3,P310,Training Package,service,1,318.31,318.31,USD
O102728,2025-12-29T12:37:06,2025-12-29,C0235,Customer 0235,Consumer,W,mobile,1,P200,Analytics Add-on,addon,2,39.41,78.82,USD
O102729,2025-12-29T10:58:20,2025-12-29,C0211,Customer 0211,SMB,NE,web,1,P100,Starter Subscription,subscription,1,31.32,31.32,USD
O102730,2025-12-29T14:55:01,2025-12-29,C0104,Customer 0104,Mid-Market,W,partner,1,P310,Training Package,service,1,289.84,289.84,USD
O102731,2025-12-29T11:18:31,2025-12-29,C0094,Customer 0094,Consumer,NE,mobile,1,P310,Training Package,service,1,305.71,305.71,USD
O102732,2025-12-29T15:42:10,2025-12-29,C0215,Customer 0215,SMB,W,web,1,P310,Training Package,service,1,315.22,315.22,USD
O102732,2025-12-29T15:42:10,2025-12-29,C0215,Customer 0215,SMB,W,web,2,P300,Implementation Package,service,1,526.59,526.59,USD
O102733,2025-12-29T09:59:29,2025-12-29,C0109,Customer 0109,Mid-Market,W,web,1,P110,Professional Subscription,subscription,1,82.25,82.25,USD
O102734,2025-12-29T11:56:41,2025-12-29,C0224,Customer 0224,Mid-Market,MW,mobile,1,P210,Automation Add-on,addon,1,55.15,55.15,USD
O102735,2025-12-29T13:48:52,2025-12-29,C0104,Customer 0104,Mid-Market,W,web,1,P310,Training Package,service,1,275.40,275.40,USD
O102736,2025-12-29T16:18:32,2025-12-29,C0041,Customer 0041,Consumer,NE,partner,1,P100,Starter Subscription,subscription,1,27.61,27.61,USD
O102737,2025-12-29T10:37:07,2025-12-29,C0006,Customer 0006,Consumer,W,mobile,1,P100,Starter Subscription,subscription,1,28.70,28.70,USD
O102737,2025-12-29T10:37:07,2025-12-29,C0006,Customer 0006,Consumer,W,mobile,2,P210,Automation Add-on,addon,1,62.95,62.95,USD
O102737,2025-12-29T10:37:07,2025-12-29,C0006,Customer 0006,Consumer,W,mobile,3,P200,Analytics Add-on,addon,1,39.81,39.81,USD
O102738,2025-12-29T12:33:01,2025-12-29,C0146,Customer 0146,SMB,SW,web,1,P210,Automation Add-on,addon,2,54.36,108.72,USD
O102739,2025-12-29T14:35:00,2025-12-29,C0189,Customer 0189,SMB,SW,web,1,P110,Professional Subscription,subscription,1,79.84,79.84,USD
O102740,2025-12-29T09:35:50,2025-12-29,C0079,Customer 0079,SMB,SE,web,1,P210,Automation Add-on,addon,2,61.55,123.10,USD
O102740,2025-12-29T09:35:50,2025-12-29,C0079,Customer 0079,SMB,SE,web,2,P110,Professional Subscription,subscription,1,72.90,72.90,USD
O102741,2025-12-29T12:30:19,2025-12-29,C0197,Customer 0197,Mid-Market,SW,partner,1,P310,Training Package,service,1,304.11,304.11,USD
O102741,2025-12-29T12:30:19,2025-12-29,C0197,Customer 0197,Mid-Market,SW,partner,2,P300,Implementation Package,service,1,487.53,487.53,USD
O102742,2025-12-29T10:36:31,2025-12-29,C0064,Customer 0064,SMB,W,mobile,1,P100,Starter Subscription,subscription,1,30.83,30.83,USD
O102742,2025-12-29T10:36:31,2025-12-29,C0064,Customer 0064,SMB,W,mobile,2,P110,Professional Subscription,subscription,1,84.95,84.95,USD
O102743,2025-12-29T18:47:27,2025-12-29,C0047,Customer 0047,Consumer,MW,web,1,P110,Professional Subscription,subscription,1,78.03,78.03,USD
O102743,2025-12-29T18:47:27,2025-12-29,C0047,Customer 0047,Consumer,MW,web,2,P100,Starter Subscription,subscription,1,30.21,30.21,USD
O102744,2025-12-29T16:25:12,2025-12-29,C0063,Customer 0063,SMB,NE,mobile,1,P110,Professional Subscription,subscription,1,84.36,84.36,USD
O102745,2025-12-29T17:56:05,2025-12-29,C0112,Customer 0112,SMB,NE,mobile,1,P100,Starter Subscription,subscription,1,29.34,29.34,USD
O102746,2025-12-29T15:30:41,2025-12-29,C0033,Customer 0033,SMB,W,web,1,P210,Automation Add-on,addon,2,56.39,112.78,USD
O102746,2025-12-29T15:30:41,2025-12-29,C0033,Customer 0033,SMB,W,web,2,P110,Professional Subscription,subscription,1,81.49,81.49,USD
O102746,2025-12-29T15:30:41,2025-12-29,C0033,Customer 0033,SMB,W,web,3,P100,Starter Subscription,subscription,1,30.89,30.89,USD
O102747,2025-12-29T08:23:48,2025-12-29,C0070,Customer 0070,SMB,W,web,1,P210,Automation Add-on,addon,1,62.50,62.50,USD
O102748,2025-12-29T11:15:56,2025-12-29,C0095,Customer 0095,SMB,SE,web,1,P110,Professional Subscription,subscription,1,72.99,72.99,USD
O102749,2025-12-29T17:22:59,2025-12-29,C0057,Customer 0057,Mid-Market,W,web,1,P300,Implementation Package,service,1,501.98,501.98,USD
O102750,2025-12-30T13:19:21,2025-12-30,C0217,Customer 0217,SMB,NE,mobile,1,P210,Automation Add-on,addon,1,54.94,54.94,USD
O102750,2025-12-30T13:19:21,2025-12-30,C0217,Customer 0217,SMB,NE,mobile,2,P310,Training Package,service,1,285.87,285.87,USD
O102750,2025-12-30T13:19:21,2025-12-30,C0217,Customer 0217,SMB,NE,mobile,3,P200,Analytics Add-on,addon,1,38.94,38.94,USD
O102751,2025-12-30T15:06:29,2025-12-30,C0006,Customer 0006,Consumer,W,web,1,P120,Enterprise Subscription,subscription,1,193.39,193.39,USD
O102752,2025-12-30T13:31:36,2025-12-30,C0102,Customer 0102,Consumer,SW,web,1,P200,Analytics Add-on,addon,1,39.14,39.14,USD
O102753,2025-12-30T19:41:50,2025-12-30,C0124,Customer 0124,SMB,SE,web,1,P120,Enterprise Subscription,subscription,1,212.21,212.21,USD
O102754,2025-12-30T20:11:39,2025-12-30,C0204,Customer 0204,SMB,MW,partner,1,P210,Automation Add-on,addon,1,60.23,60.23,USD
O102755,2025-12-30T18:57:24,2025-12-30,C0041,Customer 0041,Consumer,NE,web,1,P100,Starter Subscription,subscription,1,30.92,30.92,USD
O102755,2025-12-30T18:57:24,2025-12-30,C0041,Customer 0041,Consumer,NE,web,2,P120,Enterprise Subscription,subscription,1,190.36,190.36,USD
O102756,2025-12-30T20:41:19,2025-12-30,C0239,Customer 0239,Mid-Market,W,partner,1,P100,Starter Subscription,subscription,1,27.22,27.22,USD
O102757,2025-12-30T16:24:44,2025-12-30,C0124,Customer 0124,SMB,SE,mobile,1,P200,Analytics Add-on,addon,1,38.08,38.08,USD
O102757,2025-12-30T16:24:44,2025-12-30,C0124,Customer 0124,SMB,SE,mobile,2,P310,Training Package,service,1,286.73,286.73,USD
O102758,2025-12-30T13:15:15,2025-12-30,C0166,Customer 0166,SMB,SE,mobile,1,P120,Enterprise Subscription,subscription,1,211.86,211.86,USD
O102759,2025-12-30T08:39:33,2025-12-30,C0040,Customer 0040,SMB,W,web,1,P120,Enterprise Subscription,subscription,1,212.79,212.79,USD
O102759,2025-12-30T08:39:33,2025-12-30,C0040,Customer 0040,SMB,W,web,2,P310,Training Package,service,1,294.23,294.23,USD
O102760,2025-12-30T09:23:12,2025-12-30,C0014,Customer 0014,Consumer,SW,web,1,P300,Implementation Package,service,1,536.90,536.90,USD
O102760,2025-12-30T09:23:12,2025-12-30,C0014,Customer 0014,Consumer,SW,web,2,P110,Professional Subscription,subscription,1,72.96,72.96,USD
O102760,2025-12-30T09:23:12,2025-12-30,C0014,Customer 0014,Consumer,SW,web,3,P200,Analytics Add-on,addon,2,37.92,75.84,USD
O102761,2025-12-30T17:01:46,2025-12-30,C0100,Customer 0100,Consumer,MW,web,1,P110,Professional Subscription,subscription,1,74.80,74.80,USD
O102762,2025-12-30T16:41:37,2025-12-30,C0026,Customer 0026,Consumer,NE,partner,1,P200,Analytics Add-on,addon,2,40.67,81.34,USD
O102763,2025-12-30T18:19:33,2025-12-30,C0164,Customer 0164,Consumer,SE,web,1,P200,Analytics Add-on,addon,2,36.03,72.06,USD
O102763,2025-12-30T18:19:33,2025-12-30,C0164,Customer 0164,Consumer,SE,web,2,P300,Implementation Package,service,1,463.19,463.19,USD
O102763,2025-12-30T18:19:33,2025-12-30,C0164,Customer 0164,Consumer,SE,web,3,P120,Enterprise Subscription,subscription,1,212.62,212.62,USD
O102764,2025-12-30T10:24:54,2025-12-30,C0089,Customer 0089,SMB,NE,web,1,P110,Professional Subscription,subscription,1,74.96,74.96,USD
O102764,2025-12-30T10:24:54,2025-12-30,C0089,Customer 0089,SMB,NE,web,2,P300,Implementation Package,service,1,490.73,490.73,USD
O102764,2025-12-30T10:24:54,2025-12-30,C0089,Customer 0089,SMB,NE,web,3,P210,Automation Add-on,addon,1,58.40,58.40,USD
O102765,2025-12-30T14:31:44,2025-12-30,C0050,Customer 0050,Consumer,W,partner,1,P120,Enterprise Subscription,subscription,1,204.95,204.95,USD
O102766,2025-12-30T17:38:54,2025-12-30,C0025,Customer 0025,SMB,W,web,1,P110,Professional Subscription,subscription,1,81.03,81.03,USD
O102767,2025-12-30T12:09:37,2025-12-30,C0036,Customer 0036,Mid-Market,NE,mobile,1,P300,Implementation Package,service,1,524.51,524.51,USD
O102767,2025-12-30T12:09:37,2025-12-30,C0036,Customer 0036,Mid-Market,NE,mobile,2,P200,Analytics Add-on,addon,2,35.99,71.98,USD
O102767,2025-12-30T12:09:37,2025-12-30,C0036,Customer 0036,Mid-Market,NE,mobile,3,P310,Training Package,service,1,315.56,315.56,USD
O102768,2025-12-30T14:01:39,2025-12-30,C0187,Customer 0187,SMB,SW,mobile,1,P310,Training Package,service,1,278.49,278.49,USD
O102768,2025-12-30T14:01:39,2025-12-30,C0187,Customer 0187,SMB,SW,mobile,2,P300,Implementation Package,service,1,464.38,464.38,USD
O102768,2025-12-30T14:01:39,2025-12-30,C0187,Customer 0187,SMB,SW,mobile,3,P110,Professional Subscription,subscription,1,81.14,81.14,USD
O102769,2025-12-30T08:50:49,2025-12-30,C0090,Customer 0090,Consumer,NE,partner,1,P100,Starter Subscription,subscription,1,27.72,27.72,USD
O102770,2025-12-30T19:05:21,2025-12-30,C0003,Customer 0003,Consumer,W,mobile,1,P210,Automation Add-on,addon,1,59.57,59.57,USD
O102771,2025-12-30T12:21:38,2025-12-30,C0100,Customer 0100,Consumer,MW,partner,1,P310,Training Package,service,1,315.83,315.83,USD
O102772,2025-12-30T13:25:04,2025-12-30,C0099,Customer 0099,Enterprise,MW,web,1,P200,Analytics Add-on,addon,1,36.75,36.75,USD
O102772,2025-12-30T13:25:04,2025-12-30,C0099,Customer 0099,Enterprise,MW,web,2,P120,Enterprise Subscription,subscription,1,196.22,196.22,USD
O102773,2025-12-30T15:13:52,2025-12-30,C0015,Customer 0015,SMB,SW,mobile,1,P110,Professional Subscription,subscription,1,79.47,79.47,USD
O102773,2025-12-30T15:13:52,2025-12-30,C0015,Customer 0015,SMB,SW,mobile,2,P100,Starter Subscription,subscription,1,31.30,31.30,USD
O102774,2025-12-30T15:20:24,2025-12-30,C0102,Customer 0102,Consumer,SW,web,1,P310,Training Package,service,1,311.29,311.29,USD
O102775,2025-12-30T20:35:47,2025-12-30,C0206,Customer 0206,Consumer,SW,web,1,P310,Training Package,service,1,295.10,295.10,USD
O102776,2025-12-30T15:18:09,2025-12-30,C0204,Customer 0204,SMB,MW,mobile,1,P100,Starter Subscription,subscription,1,29.58,29.58,USD
O102777,2025-12-30T16:36:30,2025-12-30,C0172,Customer 0172,SMB,W,mobile,1,P120,Enterprise Subscription,subscription,1,187.10,187.10,USD
O102777,2025-12-30T16:36:30,2025-12-30,C0172,Customer 0172,SMB,W,mobile,2,P100,Starter Subscription,subscription,1,30.23,30.23,USD
O102777,2025-12-30T16:36:30,2025-12-30,C0172,Customer 0172,SMB,W,mobile,3,P200,Analytics Add-on,addon,2,40.28,80.56,USD
O102778,2025-12-30T10:02:00,2025-12-30,C0090,Customer 0090,Consumer,NE,mobile,1,P210,Automation Add-on,addon,2,60.17,120.34,USD
O102778,2025-12-30T10:02:00,2025-12-30,C0090,Customer 0090,Consumer,NE,mobile,2,P300,Implementation Package,service,1,482.22,482.22,USD
O102779,2025-12-31T16:45:33,2025-12-31,C0185,Customer 0185,SMB,SE,mobile,1,P200,Analytics Add-on,addon,1,38.33,38.33,USD
O102779,2025-12-31T16:45:33,2025-12-31,C0185,Customer 0185,SMB,SE,mobile,2,P300,Implementation Package,service,1,533.91,533.91,USD
O102780,2025-12-31T08:18:39,2025-12-31,C0200,Customer 0200,Consumer,W,partner,1,P120,Enterprise Subscription,subscription,1,203.28,203.28,USD
O102780,2025-12-31T08:18:39,2025-12-31,C0200,Customer 0200,Consumer,W,partner,2,P300,Implementation Package,service,1,488.09,488.09,USD
O102781,2025-12-31T17:06:58,2025-12-31,C0212,Customer 0212,SMB,SE,web,1,P100,Starter Subscription,subscription,1,30.97,30.97,USD
O102781,2025-12-31T17:06:58,2025-12-31,C0212,Customer 0212,SMB,SE,web,2,P310,Training Package,service,1,281.20,281.20,USD
O102782,2025-12-31T20:58:47,2025-12-31,C0142,Customer 0142,SMB,SW,partner,1,P120,Enterprise Subscription,subscription,1,194.13,194.13,USD
O102783,2025-12-31T19:35:23,2025-12-31,C0077,Customer 0077,SMB,SE,mobile,1,P110,Professional Subscription,subscription,1,84.25,84.25,USD
O102783,2025-12-31T19:35:23,2025-12-31,C0077,Customer 0077,SMB,SE,mobile,2,P310,Training Package,service,1,291.90,291.90,USD
O102784,2025-12-31T15:26:33,2025-12-31,C0205,Customer 0205,Consumer,SW,web,1,P200,Analytics Add-on,addon,2,39.44,78.88,USD
O102785,2025-12-31T18:11:50,2025-12-31,C0120,Customer 0120,Mid-Market,SW,web,1,P120,Enterprise Subscription,subscription,1,204.31,204.31,USD
O102786,2025-12-31T09:19:17,2025-12-31,C0008,Customer 0008,SMB,W,web,1,P300,Implementation Package,service,1,518.17,518.17,USD
O102787,2025-12-31T11:23:08,2025-12-31,C0218,Customer 0218,Enterprise,SW,partner,1,P110,Professional Subscription,subscription,1,74.38,74.38,USD
O102788,2025-12-31T09:29:51,2025-12-31,C0159,Customer 0159,Consumer,SW,web,1,P300,Implementation Package,service,1,515.65,515.65,USD
O102789,2025-12-31T08:52:22,2025-12-31,C0034,Customer 0034,Consumer,SW,mobile,1,P110,Professional Subscription,subscription,1,83.51,83.51,USD
O102789,2025-12-31T08:52:22,2025-12-31,C0034,Customer 0034,Consumer,SW,mobile,2,P200,Analytics Add-on,addon,1,40.69,40.69,USD
O102790,2025-12-31T10:23:19,2025-12-31,C0233,Customer 0233,Mid-Market,SE,web,1,P300,Implementation Package,service,1,479.23,479.23,USD
O102791,2025-12-31T17:41:49,2025-12-31,C0138,Customer 0138,Mid-Market,W,web,1,P300,Implementation Package,service,1,503.67,503.67,USD
O102792,2025-12-31T17:40:23,2025-12-31,C0238,Customer 0238,Mid-Market,MW,web,1,P120,Enterprise Subscription,subscription,1,197.13,197.13,USD
O102793,2025-12-31T11:09:08,2025-12-31,C0147,Customer 0147,Enterprise,W,mobile,1,P300,Implementation Package,service,1,531.63,531.63,USD
O102794,2025-12-31T15:22:40,2025-12-31,C0123,Customer 0123,Consumer,W,mobile,1,P110,Professional Subscription,subscription,1,77.53,77.53,USD
O102794,2025-12-31T15:22:40,2025-12-31,C0123,Customer 0123,Consumer,W,mobile,2,P310,Training Package,service,1,312.33,312.33,USD
O102795,2025-12-31T11:44:44,2025-12-31,C0193,Customer 0193,Consumer,SW,web,1,P100,Starter Subscription,subscription,1,28.57,28.57,USD
O102795,2025-12-31T11:44:44,2025-12-31,C0193,Customer 0193,Consumer,SW,web,2,P210,Automation Add-on,addon,2,59.00,118.00,USD
O102796,2025-12-31T12:11:37,2025-12-31,C0209,Customer 0209,SMB,NE,mobile,1,P100,Starter Subscription,subscription,1,28.77,28.77,USD
O102797,2025-12-31T10:04:16,2025-12-31,C0019,Customer 0019,Consumer,NE,mobile,1,P310,Training Package,service,1,310.19,310.19,USD
O102797,2025-12-31T10:04:16,2025-12-31,C0019,Customer 0019,Consumer,NE,mobile,2,P100,Starter Subscription,subscription,1,29.65,29.65,USD
O102798,2025-12-31T10:00:11,2025-12-31,C0015,Customer 0015,SMB,SW,mobile,1,P300,Implementation Package,service,1,521.38,521.38,USD
O102799,2025-12-31T11:20:46,2025-12-31,C0191,Customer 0191,SMB,W,mobile,1,P110,Professional Subscription,subscription,1,72.83,72.83,USD
O102800,2025-12-31T14:20:27,2025-12-31,C0001,Customer 0001,Consumer,NE,web,1,P120,Enterprise Subscription,subscription,1,183.35,183.35,USD
O102800,2025-12-31T14:20:27,2025-12-31,C0001,Customer 0001,Consumer,NE,web,2,P300,Implementation Package,service,1,507.09,507.09,USD
O102801,2025-12-31T15:19:15,2025-12-31,C0036,Customer 0036,Mid-Market,NE,web,1,P300,Implementation Package,service,1,512.65,512.65,USD
O102802,2025-12-31T08:35:16,2025-12-31,C0232,Customer 0232,Mid-Market,W,mobile,1,P300,Implementation Package,service,1,471.42,471.42,USD
O102803,2025-12-31T12:40:53,2025-12-31,C0216,Customer 0216,Consumer,SE,web,1,P120,Enterprise Subscription,subscription,1,205.91,205.91,USD
O102804,2025-12-31T09:29:32,2025-12-31,C0209,Customer 0209,SMB,NE,web,1,P200,Analytics Add-on,addon,1,41.19,41.19,USD
O102805,2025-12-31T11:27:05,2025-12-31,C0238,Customer 0238,Mid-Market,MW,web,1,P110,Professional Subscription,subscription,1,76.68,76.68,USD
O102806,2025-12-31T20:54:38,2025-12-31,C0015,Customer 0015,SMB,SW,web,1,P200,Analytics Add-on,addon,1,40.11,40.11,USD
O102807,2025-12-31T11:49:09,2025-12-31,C0110,Customer 0110,Consumer,W,web,1,P300,Implementation Package,service,1,511.90,511.90,USD
O102808,2025-12-31T08:15:55,2025-12-31,C0118,Customer 0118,SMB,SE,mobile,1,P110,Professional Subscription,subscription,1,76.49,76.49,USD
O102808,2025-12-31T08:15:55,2025-12-31,C0118,Customer 0118,SMB,SE,mobile,2,P200,Analytics Add-on,addon,2,36.42,72.84,USD
O102809,2025-12-31T09:18:27,2025-12-31,C0232,Customer 0232,Mid-Market,W,partner,1,P100,Starter Subscription,subscription,1,27.03,27.03,USD
O102809,2025-12-31T09:18:27,2025-12-31,C0232,Customer 0232,Mid-Market,W,partner,2,P120,Enterprise Subscription,subscription,1,213.56,213.56,USD
O102810,2026-01-01T12:01:34,2026-01-01,C0221,Customer 0221,Consumer,MW,web,1,P200,Analytics Add-on,addon,1,40.30,40.30,USD
O102810,2026-01-01T12:01:34,2026-01-01,C0221,Customer 0221,Consumer,MW,web,2,P120,Enterprise Subscription,subscription,1,212.24,212.24,USD
O102810,2026-01-01T12:01:34,2026-01-01,C0221,Customer 0221,Consumer,MW,web,3,P210,Automation Add-on,addon,1,58.44,58.44,USD
O102811,2026-01-01T13:07:55,2026-01-01,C0052,Customer 0052,SMB,MW,web,1,P200,Analytics Add-on,addon,1,36.21,36.21,USD
O102811,2026-01-01T13:07:55,2026-01-01,C0052,Customer 0052,SMB,MW,web,2,P100,Starter Subscription,subscription,1,30.42,30.42,USD
O102811,2026-01-01T13:07:55,2026-01-01,C0052,Customer 0052,SMB,MW,web,3,P310,Training Package,service,1,280.33,280.33,USD
O102812,2026-01-01T12:21:15,2026-01-01,C0227,Customer 0227,Mid-Market,MW,mobile,1,P120,Enterprise Subscription,subscription,1,194.01,194.01,USD
O102812,2026-01-01T12:21:15,2026-01-01,C0227,Customer 0227,Mid-Market,MW,mobile,2,P310,Training Package,service,1,282.84,282.84,USD
O102813,2026-01-01T20:11:23,2026-01-01,C0213,Customer 0213,Consumer,W,mobile,1,P300,Implementation Package,service,1,489.51,489.51,USD
O102813,2026-01-01T20:11:23,2026-01-01,C0213,Customer 0213,Consumer,W,mobile,2,P210,Automation Add-on,addon,1,63.45,63.45,USD
O102814,2026-01-01T16:43:03,2026-01-01,C0206,Customer 0206,Consumer,SW,mobile,1,P310,Training Package,service,1,294.98,294.98,USD
O102814,2026-01-01T16:43:03,2026-01-01,C0206,Customer 0206,Consumer,SW,mobile,2,P100,Starter Subscription,subscription,1,29.72,29.72,USD
O102815,2026-01-01T11:46:38,2026-01-01,C0109,Customer 0109,Mid-Market,W,mobile,1,P210,Automation Add-on,addon,1,61.63,61.63,USD
O102816,2026-01-01T08:44:42,2026-01-01,C0172,Customer 0172,SMB,W,mobile,1,P200,Analytics Add-on,addon,1,38.49,38.49,USD
O102816,2026-01-01T08:44:42,2026-01-01,C0172,Customer 0172,SMB,W,mobile,2,P120,Enterprise Subscription,subscription,1,184.42,184.42,USD
O102817,2026-01-01T13:00:41,2026-01-01,C0170,Customer 0170,Mid-Market,SE,partner,1,P200,Analytics Add-on,addon,2,35.95,71.90,USD
O102817,2026-01-01T13:00:41,2026-01-01,C0170,Customer 0170,Mid-Market,SE,partner,2,P210,Automation Add-on,addon,1,60.44,60.44,USD
O102818,2026-01-01T20:13:11,2026-01-01,C0176,Customer 0176,Mid-Market,SW,mobile,1,P110,Professional Subscription,subscription,1,81.24,81.24,USD
O102819,2026-01-01T17:00:57,2026-01-01,C0188,Customer 0188,Mid-Market,SW,web,1,P300,Implementation Package,service,1,534.75,534.75,USD
O102819,2026-01-01T17:00:57,2026-01-01,C0188,Customer 0188,Mid-Market,SW,web,2,P200,Analytics Add-on,addon,1,37.74,37.74,USD
O102820,2026-01-01T20:29:32,2026-01-01,C0174,Customer 0174,Mid-Market,SW,web,1,P310,Training Package,service,1,278.42,278.42,USD
O102821,2026-01-01T11:15:46,2026-01-01,C0016,Customer 0016,Enterprise,W,partner,1,P310,Training Package,service,1,313.19,313.19,USD
O102822,2026-01-01T14:50:55,2026-01-01,C0207,Customer 0207,Consumer,SW,web,1,P110,Professional Subscription,subscription,1,75.04,75.04,USD
O102823,2026-01-01T09:54:57,2026-01-01,C0085,Customer 0085,Mid-Market,SW,web,1,P210,Automation Add-on,addon,2,60.23,120.46,USD
O102823,2026-01-01T09:54:57,2026-01-01,C0085,Customer 0085,Mid-Market,SW,web,2,P110,Professional Subscription,subscription,1,81.56,81.56,USD
O102824,2026-01-01T18:33:42,2026-01-01,C0156,Customer 0156,Enterprise,SW,web,1,P100,Starter Subscription,subscription,1,30.75,30.75,USD
O102824,2026-01-01T18:33:42,2026-01-01,C0156,Customer 0156,Enterprise,SW,web,2,P110,Professional Subscription,subscription,1,73.16,73.16,USD
O102825,2026-01-01T08:56:03,2026-01-01,C0196,Customer 0196,SMB,SW,mobile,1,P110,Professional Subscription,subscription,1,80.53,80.53,USD
O102826,2026-01-01T19:11:20,2026-01-01,C0006,Customer 0006,Consumer,W,web,1,P100,Starter Subscription,subscription,1,29.05,29.05,USD
O102827,2026-01-01T11:00:02,2026-01-01,C0106,Customer 0106,SMB,MW,mobile,1,P200,Analytics Add-on,addon,2,37.04,74.08,USD
O102827,2026-01-01T11:00:02,2026-01-01,C0106,Customer 0106,SMB,MW,mobile,2,P310,Training Package,service,1,281.64,281.64,USD
O102827,2026-01-01T11:00:02,2026-01-01,C0106,Customer 0106,SMB,MW,mobile,3,P110,Professional Subscription,subscription,1,80.98,80.98,USD
O102828,2026-01-01T11:37:33,2026-01-01,C0027,Customer 0027,Consumer,MW,mobile,1,P120,Enterprise Subscription,subscription,1,213.88,213.88,USD
O102828,2026-01-01T11:37:33,2026-01-01,C0027,Customer 0027,Consumer,MW,mobile,2,P110,Professional Subscription,subscription,1,77.33,77.33,USD
O102829,2026-01-01T12:59:35,2026-01-01,C0104,Customer 0104,Mid-Market,W,partner,1,P300,Implementation Package,service,1,527.83,527.83,USD
O102829,2026-01-01T12:59:35,2026-01-01,C0104,Customer 0104,Mid-Market,W,partner,2,P100,Starter Subscription,subscription,1,28.39,28.39,USD
O102830,2026-01-01T17:34:44,2026-01-01,C0106,Customer 0106,SMB,MW,web,1,P100,Starter Subscription,subscription,1,27.74,27.74,USD
O102831,2026-01-01T10:29:17,2026-01-01,C0123,Customer 0123,Consumer,W,partner,1,P200,Analytics Add-on,addon,2,40.14,80.28,USD
O102832,2026-01-01T19:31:19,2026-01-01,C0186,Customer 0186,Mid-Market,SE,web,1,P300,Implementation Package,service,1,489.87,489.87,USD
O102832,2026-01-01T19:31:19,2026-01-01,C0186,Customer 0186,Mid-Market,SE,web,2,P110,Professional Subscription,subscription,1,74.62,74.62,USD
O102833,2026-01-01T16:40:38,2026-01-01,C0077,Customer 0077,SMB,SE,web,1,P310,Training Package,service,1,287.62,287.62,USD
O102833,2026-01-01T16:40:38,2026-01-01,C0077,Customer 0077,SMB,SE,web,2,P120,Enterprise Subscription,subscription,1,205.36,205.36,USD
O102834,2026-01-01T15:45:10,2026-01-01,C0031,Customer 0031,Mid-Market,MW,mobile,1,P310,Training Package,service,1,307.97,307.97,USD
O102834,2026-01-01T15:45:10,2026-01-01,C0031,Customer 0031,Mid-Market,MW,mobile,2,P110,Professional Subscription,subscription,1,79.74,79.74,USD
O102835,2026-01-01T16:22:21,2026-01-01,C0170,Customer 0170,Mid-Market,SE,mobile,1,P100,Starter Subscription,subscription,1,30.82,30.82,USD
O102836,2026-01-01T16:53:29,2026-01-01,C0162,Customer 0162,SMB,W,web,1,P300,Implementation Package,service,1,491.96,491.96,USD
O102837,2026-01-01T10:52:45,2026-01-01,C0138,Customer 0138,Mid-Market,W,web,1,P210,Automation Add-on,addon,1,60.98,60.98,USD
O102838,2026-01-01T13:33:09,2026-01-01,C0208,Customer 0208,Consumer,NE,web,1,P310,Training Package,service,1,310.29,310.29,USD
O102838,2026-01-01T13:33:09,2026-01-01,C0208,Customer 0208,Consumer,NE,web,2,P120,Enterprise Subscription,subscription,1,204.90,204.90,USD
O102839,2026-01-01T11:16:44,2026-01-01,C0016,Customer 0016,Enterprise,W,mobile,1,P120,Enterprise Subscription,subscription,1,207.02,207.02,USD
O102840,2026-01-01T11:25:39,2026-01-01,C0037,Customer 0037,SMB,SE,web,1,P300,Implementation Package,service,1,477.81,477.81,USD
O102840,2026-01-01T11:25:39,2026-01-01,C0037,Customer 0037,SMB,SE,web,2,P100,Starter Subscription,subscription,1,30.72,30.72,USD
O102841,2026-01-01T20:30:54,2026-01-01,C0041,Customer 0041,Consumer,NE,web,1,P100,Starter Subscription,subscription,1,29.29,29.29,USD
O102842,2026-01-02T13:26:15,2026-01-02,C0024,Customer 0024,SMB,SW,web,1,P200,Analytics Add-on,addon,1,42.04,42.04,USD
O102843,2026-01-02T20:48:04,2026-01-02,C0020,Customer 0020,SMB,MW,mobile,1,P300,Implementation Package,service,1,491.88,491.88,USD
O102844,2026-01-02T20:36:47,2026-01-02,C0230,Customer 0230,Enterprise,MW,mobile,1,P120,Enterprise Subscription,subscription,1,198.17,198.17,USD
O102844,2026-01-02T20:36:47,2026-01-02,C0230,Customer 0230,Enterprise,MW,mobile,2,P210,Automation Add-on,addon,2,55.12,110.24,USD
O102845,2026-01-02T12:54:00,2026-01-02,C0066,Customer 0066,Consumer,NE,mobile,1,P300,Implementation Package,service,1,497.50,497.50,USD
O102845,2026-01-02T12:54:00,2026-01-02,C0066,Customer 0066,Consumer,NE,mobile,2,P120,Enterprise Subscription,subscription,1,196.63,196.63,USD
O102846,2026-01-02T11:48:33,2026-01-02,C0020,Customer 0020,SMB,MW,partner,1,P120,Enterprise Subscription,subscription,1,203.74,203.74,USD
O102846,2026-01-02T11:48:33,2026-01-02,C0020,Customer 0020,SMB,MW,partner,2,P210,Automation Add-on,addon,2,56.60,113.20,USD
O102847,2026-01-02T15:50:25,2026-01-02,C0008,Customer 0008,SMB,W,web,1,P120,Enterprise Subscription,subscription,1,199.47,199.47,USD
O102848,2026-01-02T16:53:38,2026-01-02,C0147,Customer 0147,Enterprise,W,web,1,P210,Automation Add-on,addon,2,56.35,112.70,USD
O102848,2026-01-02T16:53:38,2026-01-02,C0147,Customer 0147,Enterprise,W,web,2,P310,Training Package,service,1,293.50,293.50,USD
O102849,2026-01-02T11:29:20,2026-01-02,C0096,Customer 0096,SMB,W,web,1,P110,Professional Subscription,subscription,1,78.56,78.56,USD
O102850,2026-01-02T20:52:50,2026-01-02,C0222,Customer 0222,Consumer,NE,web,1,P300,Implementation Package,service,1,520.61,520.61,USD
O102851,2026-01-02T13:28:19,2026-01-02,C0097,Customer 0097,Enterprise,NE,web,1,P310,Training Package,service,1,294.25,294.25,USD
O102851,2026-01-02T13:28:19,2026-01-02,C0097,Customer 0097,Enterprise,NE,web,2,P110,Professional Subscription,subscription,1,83.49,83.49,USD
O102852,2026-01-02T08:00:48,2026-01-02,C0235,Customer 0235,Consumer,W,web,1,P120,Enterprise Subscription,subscription,1,204.42,204.42,USD
O102853,2026-01-02T11:11:49,2026-01-02,C0191,Customer 0191,SMB,W,web,1,P210,Automation Add-on,addon,2,57.91,115.82,USD
O102853,2026-01-02T11:11:49,2026-01-02,C0191,Customer 0191,SMB,W,web,2,P100,Starter Subscription,subscription,1,28.33,28.33,USD
O102854,2026-01-02T13:46:51,2026-01-02,C0204,Customer 0204,SMB,MW,mobile,1,P300,Implementation Package,service,1,518.64,518.64,USD
O102855,2026-01-02T18:32:10,2026-01-02,C0230,Customer 0230,Enterprise,MW,web,1,P110,Professional Subscription,subscription,1,79.49,79.49,USD
O102856,2026-01-02T20:13:50,2026-01-02,C0072,Customer 0072,SMB,NE,partner,1,P120,Enterprise Subscription,subscription,1,202.64,202.64,USD
O102857,2026-01-02T18:48:53,2026-01-02,C0195,Customer 0195,Consumer,SW,web,1,P110,Professional Subscription,subscription,1,83.03,83.03,USD
O102857,2026-01-02T18:48:53,2026-01-02,C0195,Customer 0195,Consumer,SW,web,2,P210,Automation Add-on,addon,2,61.86,123.72,USD
O102858,2026-01-02T15:12:29,2026-01-02,C0121,Customer 0121,SMB,NE,web,1,P100,Starter Subscription,subscription,1,27.25,27.25,USD
O102859,2026-01-02T10:20:55,2026-01-02,C0131,Customer 0131,Consumer,SE,web,1,P110,Professional Subscription,subscription,1,74.66,74.66,USD
O102859,2026-01-02T10:20:55,2026-01-02,C0131,Customer 0131,Consumer,SE,web,2,P100,Starter Subscription,subscription,1,30.44,30.44,USD
O102859,2026-01-02T10:20:55,2026-01-02,C0131,Customer 0131,Consumer,SE,web,3,P310,Training Package,service,1,320.84,320.84,USD
O102860,2026-01-02T19:26:59,2026-01-02,C0016,Customer 0016,Enterprise,W,web,1,P110,Professional Subscription,subscription,1,78.99,78.99,USD
O102860,2026-01-02T19:26:59,2026-01-02,C0016,Customer 0016,Enterprise,W,web,2,P310,Training Package,service,1,304.76,304.76,USD
O102861,2026-01-02T10:43:20,2026-01-02,C0091,Customer 0091,Mid-Market,NE,partner,1,P310,Training Package,service,1,278.86,278.86,USD
O102862,2026-01-02T17:04:29,2026-01-02,C0086,Customer 0086,Consumer,SW,mobile,1,P300,Implementation Package,service,1,462.05,462.05,USD
O102862,2026-01-02T17:04:29,2026-01-02,C0086,Customer 0086,Consumer,SW,mobile,2,P210,Automation Add-on,addon,2,63.05,126.10,USD
O102863,2026-01-02T19:22:31,2026-01-02,C0014,Customer 0014,Consumer,SW,mobile,1,P110,Professional Subscription,subscription,1,75.28,75.28,USD
O102863,2026-01-02T19:22:31,2026-01-02,C0014,Customer 0014,Consumer,SW,mobile,2,P200,Analytics Add-on,addon,2,37.42,74.84,USD
O102864,2026-01-02T18:16:17,2026-01-02,C0075,Customer 0075,Consumer,NE,web,1,P200,Analytics Add-on,addon,1,37.22,37.22,USD
O102865,2026-01-02T18:18:15,2026-01-02,C0117,Customer 0117,Consumer,MW,mobile,1,P300,Implementation Package,service,1,467.16,467.16,USD
O102865,2026-01-02T18:18:15,2026-01-02,C0117,Customer 0117,Consumer,MW,mobile,2,P100,Starter Subscription,subscription,1,30.12,30.12,USD
O102865,2026-01-02T18:18:15,2026-01-02,C0117,Customer 0117,Consumer,MW,mobile,3,P210,Automation Add-on,addon,1,56.90,56.90,USD
O102866,2026-01-02T11:50:01,2026-01-02,C0183,Customer 0183,SMB,MW,web,1,P310,Training Package,service,1,283.96,283.96,USD
O102866,2026-01-02T11:50:01,2026-01-02,C0183,Customer 0183,SMB,MW,web,2,P210,Automation Add-on,addon,1,54.41,54.41,USD
O102867,2026-01-02T11:09:24,2026-01-02,C0216,Customer 0216,Consumer,SE,web,1,P110,Professional Subscription,subscription,1,74.11,74.11,USD
O102867,2026-01-02T11:09:24,2026-01-02,C0216,Customer 0216,Consumer,SE,web,2,P210,Automation Add-on,addon,2,58.18,116.36,USD
O102867,2026-01-02T11:09:24,2026-01-02,C0216,Customer 0216,Consumer,SE,web,3,P310,Training Package,service,1,275.44,275.44,USD
O102868,2026-01-02T20:31:01,2026-01-02,C0128,Customer 0128,Consumer,SE,web,1,P120,Enterprise Subscription,subscription,1,195.11,195.11,USD
O102869,2026-01-02T18:36:46,2026-01-02,C0030,Customer 0030,Consumer,SW,web,1,P310,Training Package,service,1,302.56,302.56,USD
O102870,2026-01-02T08:28:17,2026-01-02,C0217,Customer 0217,SMB,NE,mobile,1,P210,Automation Add-on,addon,1,58.20,58.20,USD
O102870,2026-01-02T08:28:17,2026-01-02,C0217,Customer 0217,SMB,NE,mobile,2,P100,Starter Subscription,subscription,1,29.23,29.23,USD
O102871,2026-01-02T12:46:17,2026-01-02,C0161,Customer 0161,Mid-Market,SE,web,1,P100,Starter Subscription,subscription,1,28.70,28.70,USD
O102871,2026-01-02T12:46:17,2026-01-02,C0161,Customer 0161,Mid-Market,SE,web,2,P200,Analytics Add-on,addon,1,37.79,37.79,USD
O102872,2026-01-02T08:49:12,2026-01-02,C0042,Customer 0042,Consumer,MW,partner,1,P300,Implementation Package,service,1,522.80,522.80,USD
O102872,2026-01-02T08:49:12,2026-01-02,C0042,Customer 0042,Consumer,MW,partner,2,P110,Professional Subscription,subscription,1,72.83,72.83,USD
O102873,2026-01-02T17:20:14,2026-01-02,C0184,Customer 0184,SMB,MW,web,1,P200,Analytics Add-on,addon,1,40.18,40.18,USD
O102874,2026-01-02T20:22:44,2026-01-02,C0233,Customer 0233,Mid-Market,SE,web,1,P100,Starter Subscription,subscription,1,28.77,28.77,USD
O102874,2026-01-02T20:22:44,2026-01-02,C0233,Customer 0233,Mid-Market,SE,web,2,P300,Implementation Package,service,1,466.16,466.16,USD
O102875,2026-01-03T18:13:33,2026-01-03,C0203,Customer 0203,SMB,SW,web,1,P310,Training Package,service,1,288.21,288.21,USD
O102876,2026-01-03T20:35:57,2026-01-03,C0180,Customer 0180,SMB,SE,web,1,P300,Implementation Package,service,1,459.63,459.63,USD
O102877,2026-01-03T16:21:40,2026-01-03,C0128,Customer 0128,Consumer,SE,mobile,1,P200,Analytics Add-on,addon,1,36.38,36.38,USD
O102877,2026-01-03T16:21:40,2026-01-03,C0128,Customer 0128,Consumer,SE,mobile,2,P100,Starter Subscription,subscription,1,28.77,28.77,USD
O102878,2026-01-03T08:50:06,2026-01-03,C0130,Customer 0130,SMB,MW,partner,1,P120,Enterprise Subscription,subscription,1,199.06,199.06,USD
O102878,2026-01-03T08:50:06,2026-01-03,C0130,Customer 0130,SMB,MW,partner,2,P310,Training Package,service,1,307.01,307.01,USD
O102879,2026-01-03T13:27:16,2026-01-03,C0068,Customer 0068,SMB,SE,web,1,P100,Starter Subscription,subscription,1,27.51,27.51,USD
O102879,2026-01-03T13:27:16,2026-01-03,C0068,Customer 0068,SMB,SE,web,2,P300,Implementation Package,service,1,463.56,463.56,USD
O102880,2026-01-03T09:43:51,2026-01-03,C0222,Customer 0222,Consumer,NE,web,1,P200,Analytics Add-on,addon,2,41.81,83.62,USD
O102881,2026-01-03T13:31:01,2026-01-03,C0124,Customer 0124,SMB,SE,web,1,P100,Starter Subscription,subscription,1,30.64,30.64,USD
O102881,2026-01-03T13:31:01,2026-01-03,C0124,Customer 0124,SMB,SE,web,2,P210,Automation Add-on,addon,2,63.29,126.58,USD
O102881,2026-01-03T13:31:01,2026-01-03,C0124,Customer 0124,SMB,SE,web,3,P200,Analytics Add-on,addon,2,36.46,72.92,USD
O102882,2026-01-03T20:24:35,2026-01-03,C0168,Customer 0168,Mid-Market,W,web,1,P200,Analytics Add-on,addon,1,38.92,38.92,USD
O102883,2026-01-03T12:45:57,2026-01-03,C0006,Customer 0006,Consumer,W,web,1,P310,Training Package,service,1,286.09,286.09,USD
O102883,2026-01-03T12:45:57,2026-01-03,C0006,Customer 0006,Consumer,W,web,2,P200,Analytics Add-on,addon,1,39.07,39.07,USD
O102884,2026-01-03T13:32:04,2026-01-03,C0149,Customer 0149,Mid-Market,MW,partner,1,P200,Analytics Add-on,addon,1,39.51,39.51,USD
O102884,2026-01-03T13:32:04,2026-01-03,C0149,Customer 0149,Mid-Market,MW,partner,2,P310,Training Package,service,1,306.49,306.49,USD
O102885,2026-01-03T17:47:32,2026-01-03,C0188,Customer 0188,Mid-Market,SW,web,1,P120,Enterprise Subscription,subscription,1,190.15,190.15,USD
O102886,2026-01-03T19:29:53,2026-01-03,C0024,Customer 0024,SMB,SW,web,1,P110,Professional Subscription,subscription,1,73.80,73.80,USD
O102887,2026-01-03T17:31:58,2026-01-03,C0177,Customer 0177,Consumer,W,web,1,P120,Enterprise Subscription,subscription,1,203.86,203.86,USD
O102888,2026-01-03T08:21:08,2026-01-03,C0234,Customer 0234,SMB,SW,web,1,P200,Analytics Add-on,addon,1,41.63,41.63,USD
O102888,2026-01-03T08:21:08,2026-01-03,C0234,Customer 0234,SMB,SW,web,2,P110,Professional Subscription,subscription,1,83.46,83.46,USD
O102889,2026-01-03T20:46:24,2026-01-03,C0018,Customer 0018,Consumer,MW,partner,1,P200,Analytics Add-on,addon,2,37.08,74.16,USD
O102890,2026-01-03T11:20:55,2026-01-03,C0041,Customer 0041,Consumer,NE,web,1,P120,Enterprise Subscription,subscription,1,202.10,202.10,USD
O102891,2026-01-03T13:20:27,2026-01-03,C0082,Customer 0082,Consumer,SE,web,1,P200,Analytics Add-on,addon,1,40.84,40.84,USD
O102891,2026-01-03T13:20:27,2026-01-03,C0082,Customer 0082,Consumer,SE,web,2,P300,Implementation Package,service,1,483.90,483.90,USD
O102892,2026-01-03T11:32:52,2026-01-03,C0093,Customer 0093,SMB,W,partner,1,P210,Automation Add-on,addon,1,54.49,54.49,USD
O102893,2026-01-03T14:07:32,2026-01-03,C0061,Customer 0061,Consumer,MW,partner,1,P200,Analytics Add-on,addon,2,38.02,76.04,USD
O102894,2026-01-03T09:46:58,2026-01-03,C0035,Customer 0035,SMB,SE,web,1,P310,Training Package,service,1,308.27,308.27,USD
O102895,2026-01-03T17:40:15,2026-01-03,C0032,Customer 0032,SMB,W,web,1,P300,Implementation Package,service,1,500.82,500.82,USD
O102895,2026-01-03T17:40:15,2026-01-03,C0032,Customer 0032,SMB,W,web,2,P210,Automation Add-on,addon,2,58.12,116.24,USD
O102896,2026-01-03T08:50:37,2026-01-03,C0151,Customer 0151,Consumer,W,web,1,P110,Professional Subscription,subscription,1,84.87,84.87,USD
O102897,2026-01-03T13:48:24,2026-01-03,C0133,Customer 0133,Consumer,SW,web,1,P210,Automation Add-on,addon,1,57.24,57.24,USD
O102897,2026-01-03T13:48:24,2026-01-03,C0133,Customer 0133,Consumer,SW,web,2,P300,Implementation Package,service,1,486.21,486.21,USD
O102898,2026-01-03T19:56:39,2026-01-03,C0096,Customer 0096,SMB,W,web,1,P300,Implementation Package,service,1,512.65,512.65,USD
O102899,2026-01-03T15:22:14,2026-01-03,C0096,Customer 0096,SMB,W,partner,1,P300,Implementation Package,service,1,507.69,507.69,USD
O102900,2026-01-03T16:06:50,2026-01-03,C0072,Customer 0072,SMB,NE,web,1,P310,Training Package,service,1,282.20,282.20,USD
O102901,2026-01-04T16:21:22,2026-01-04,C0002,Customer 0002,SMB,SE,web,1,P200,Analytics Add-on,addon,1,39.69,39.69,USD
O102902,2026-01-04T16:49:27,2026-01-04,C0077,Customer 0077,SMB,SE,web,1,P200,Analytics Add-on,addon,2,41.93,83.86,USD
O102903,2026-01-04T19:19:13,2026-01-04,C0195,Customer 0195,Consumer,SW,partner,1,P300,Implementation Package,service,1,491.66,491.66,USD
O102904,2026-01-04T08:56:26,2026-01-04,C0108,Customer 0108,SMB,W,mobile,1,P120,Enterprise Subscription,subscription,1,214.22,214.22,USD
O102904,2026-01-04T08:56:26,2026-01-04,C0108,Customer 0108,SMB,W,mobile,2,P100,Starter Subscription,subscription,1,30.86,30.86,USD
O102904,2026-01-04T08:56:26,2026-01-04,C0108,Customer 0108,SMB,W,mobile,3,P310,Training Package,service,1,278.89,278.89,USD
O102905,2026-01-04T17:56:37,2026-01-04,C0036,Customer 0036,Mid-Market,NE,web,1,P300,Implementation Package,service,1,511.71,511.71,USD
O102905,2026-01-04T17:56:37,2026-01-04,C0036,Customer 0036,Mid-Market,NE,web,2,P210,Automation Add-on,addon,1,57.19,57.19,USD
O102905,2026-01-04T17:56:37,2026-01-04,C0036,Customer 0036,Mid-Market,NE,web,3,P100,Starter Subscription,subscription,1,31.19,31.19,USD
O102906,2026-01-04T14:58:33,2026-01-04,C0079,Customer 0079,SMB,SE,partner,1,P210,Automation Add-on,addon,1,63.28,63.28,USD
O102907,2026-01-04T16:40:56,2026-01-04,C0127,Customer 0127,SMB,W,web,1,P200,Analytics Add-on,addon,1,39.73,39.73,USD
O102908,2026-01-04T13:10:07,2026-01-04,C0229,Customer 0229,SMB,SE,web,1,P100,Starter Subscription,subscription,1,27.23,27.23,USD
O102909,2026-01-04T12:38:12,2026-01-04,C0191,Customer 0191,SMB,W,web,1,P100,Starter Subscription,subscription,1,27.14,27.14,USD
O102909,2026-01-04T12:38:12,2026-01-04,C0191,Customer 0191,SMB,W,web,2,P120,Enterprise Subscription,subscription,1,195.75,195.75,USD
O102910,2026-01-04T14:39:02,2026-01-04,C0006,Customer 0006,Consumer,W,web,1,P210,Automation Add-on,addon,1,55.30,55.30,USD
O102910,2026-01-04T14:39:02,2026-01-04,C0006,Customer 0006,Consumer,W,web,2,P310,Training Package,service,1,306.02,306.02,USD
O102911,2026-01-04T12:42:05,2026-01-04,C0188,Customer 0188,Mid-Market,SW,web,1,P210,Automation Add-on,addon,1,61.28,61.28,USD
O102911,2026-01-04T12:42:05,2026-01-04,C0188,Customer 0188,Mid-Market,SW,web,2,P310,Training Package,service,1,318.59,318.59,USD
O102911,2026-01-04T12:42:05,2026-01-04,C0188,Customer 0188,Mid-Market,SW,web,3,P120,Enterprise Subscription,subscription,1,195.37,195.37,USD
O102912,2026-01-04T19:33:41,2026-01-04,C0230,Customer 0230,Enterprise,MW,web,1,P120,Enterprise Subscription,subscription,1,205.50,205.50,USD
O102913,2026-01-04T19:59:12,2026-01-04,C0220,Customer 0220,Enterprise,SE,web,1,P110,Professional Subscription,subscription,1,81.22,81.22,USD
O102914,2026-01-04T18:24:42,2026-01-04,C0161,Customer 0161,Mid-Market,SE,partner,1,P100,Starter Subscription,subscription,1,28.96,28.96,USD
O102915,2026-01-04T08:13:59,2026-01-04,C0158,Customer 0158,SMB,W,mobile,1,P100,Starter Subscription,subscription,1,27.78,27.78,USD
O102916,2026-01-04T08:59:25,2026-01-04,C0070,Customer 0070,SMB,W,partner,1,P120,Enterprise Subscription,subscription,1,196.07,196.07,USD
O102916,2026-01-04T08:59:25,2026-01-04,C0070,Customer 0070,SMB,W,partner,2,P310,Training Package,service,1,292.72,292.72,USD
O102917,2026-01-04T12:53:41,2026-01-04,C0122,Customer 0122,Consumer,W,mobile,1,P300,Implementation Package,service,1,470.39,470.39,USD
O102917,2026-01-04T12:53:41,2026-01-04,C0122,Customer 0122,Consumer,W,mobile,2,P210,Automation Add-on,addon,2,54.47,108.94,USD
O102918,2026-01-04T09:52:25,2026-01-04,C0214,Customer 0214,Mid-Market,MW,mobile,1,P210,Automation Add-on,addon,1,60.84,60.84,USD
O102918,2026-01-04T09:52:25,2026-01-04,C0214,Customer 0214,Mid-Market,MW,mobile,2,P310,Training Package,service,1,295.77,295.77,USD
O102919,2026-01-04T15:37:18,2026-01-04,C0177,Customer 0177,Consumer,W,web,1,P120,Enterprise Subscription,subscription,1,199.96,199.96,USD
O102920,2026-01-04T16:17:32,2026-01-04,C0179,Customer 0179,Consumer,SW,mobile,1,P110,Professional Subscription,subscription,1,82.90,82.90,USD
O102920,2026-01-04T16:17:32,2026-01-04,C0179,Customer 0179,Consumer,SW,mobile,2,P100,Starter Subscription,subscription,1,27.71,27.71,USD
O102921,2026-01-04T08:05:29,2026-01-04,C0103,Customer 0103,Consumer,NE,partner,1,P200,Analytics Add-on,addon,2,41.86,83.72,USD
O102922,2026-01-04T16:22:30,2026-01-04,C0113,Customer 0113,Enterprise,MW,web,1,P300,Implementation Package,service,1,475.85,475.85,USD
O102923,2026-01-04T14:37:18,2026-01-04,C0030,Customer 0030,Consumer,SW,mobile,1,P310,Training Package,service,1,286.65,286.65,USD
O102923,2026-01-04T14:37:18,2026-01-04,C0030,Customer 0030,Consumer,SW,mobile,2,P120,Enterprise Subscription,subscription,1,185.82,185.82,USD
O102924,2026-01-04T14:48:15,2026-01-04,C0122,Customer 0122,Consumer,W,web,1,P300,Implementation Package,service,1,507.80,507.80,USD
O102925,2026-01-04T08:40:26,2026-01-04,C0005,Customer 0005,SMB,SE,mobile,1,P310,Training Package,service,1,304.08,304.08,USD
O102925,2026-01-04T08:40:26,2026-01-04,C0005,Customer 0005,SMB,SE,mobile,2,P110,Professional Subscription,subscription,1,83.45,83.45,USD
O102925,2026-01-04T08:40:26,2026-01-04,C0005,Customer 0005,SMB,SE,mobile,3,P100,Starter Subscription,subscription,1,30.61,30.61,USD
O102926,2026-01-04T11:44:31,2026-01-04,C0058,Customer 0058,SMB,W,mobile,1,P110,Professional Subscription,subscription,1,83.02,83.02,USD
O102927,2026-01-05T19:03:38,2026-01-05,C0180,Customer 0180,SMB,SE,partner,1,P100,Starter Subscription,subscription,1,30.37,30.37,USD
O102928,2026-01-05T18:54:09,2026-01-05,C0052,Customer 0052,SMB,MW,web,1,P210,Automation Add-on,addon,2,57.79,115.58,USD
O102928,2026-01-05T18:54:09,2026-01-05,C0052,Customer 0052,SMB,MW,web,2,P110,Professional Subscription,subscription,1,76.12,76.12,USD
O102929,2026-01-05T10:33:58,2026-01-05,C0155,Customer 0155,Consumer,SE,mobile,1,P210,Automation Add-on,addon,2,60.42,120.84,USD
O102930,2026-01-05T16:57:12,2026-01-05,C0024,Customer 0024,SMB,SW,web,1,P310,Training Package,service,1,282.65,282.65,USD
O102931,2026-01-05T14:14:04,2026-01-05,C0151,Customer 0151,Consumer,W,web,1,P100,Starter Subscription,subscription,1,27.52,27.52,USD
O102931,2026-01-05T14:14:04,2026-01-05,C0151,Customer 0151,Consumer,W,web,2,P300,Implementation Package,service,1,525.24,525.24,USD
O102932,2026-01-05T08:16:29,2026-01-05,C0077,Customer 0077,SMB,SE,mobile,1,P110,Professional Subscription,subscription,1,73.23,73.23,USD
O102933,2026-01-05T20:59:00,2026-01-05,C0121,Customer 0121,SMB,NE,mobile,1,P310,Training Package,service,1,304.78,304.78,USD
O102933,2026-01-05T20:59:00,2026-01-05,C0121,Customer 0121,SMB,NE,mobile,2,P100,Starter Subscription,subscription,1,30.48,30.48,USD
O102934,2026-01-05T12:40:01,2026-01-05,C0215,Customer 0215,SMB,W,partner,1,P210,Automation Add-on,addon,1,59.29,59.29,USD
O102935,2026-01-05T10:50:07,2026-01-05,C0151,Customer 0151,Consumer,W,mobile,1,P200,Analytics Add-on,addon,1,38.30,38.30,USD
O102935,2026-01-05T10:50:07,2026-01-05,C0151,Customer 0151,Consumer,W,mobile,2,P120,Enterprise Subscription,subscription,1,212.98,212.98,USD
O102935,2026-01-05T10:50:07,2026-01-05,C0151,Customer 0151,Consumer,W,mobile,3,P210,Automation Add-on,addon,2,59.11,118.22,USD
O102936,2026-01-05T14:12:53,2026-01-05,C0076,Customer 0076,Mid-Market,MW,web,1,P110,Professional Subscription,subscription,1,84.79,84.79,USD
O102937,2026-01-05T18:57:41,2026-01-05,C0235,Customer 0235,Consumer,W,web,1,P110,Professional Subscription,subscription,1,81.27,81.27,USD
O102937,2026-01-05T18:57:41,2026-01-05,C0235,Customer 0235,Consumer,W,web,2,P310,Training Package,service,1,310.44,310.44,USD
O102937,2026-01-05T18:57:41,2026-01-05,C0235,Customer 0235,Consumer,W,web,3,P120,Enterprise Subscription,subscription,1,214.45,214.45,USD
O102938,2026-01-05T18:58:11,2026-01-05,C0023,Customer 0023,Consumer,W,web,1,P310,Training Package,service,1,312.65,312.65,USD
O102939,2026-01-05T11:26:03,2026-01-05,C0184,Customer 0184,SMB,MW,web,1,P110,Professional Subscription,subscription,1,72.83,72.83,USD
O102939,2026-01-05T11:26:03,2026-01-05,C0184,Customer 0184,SMB,MW,web,2,P300,Implementation Package,service,1,514.87,514.87,USD
O102939,2026-01-05T11:26:03,2026-01-05,C0184,Customer 0184,SMB,MW,web,3,P200,Analytics Add-on,addon,2,37.88,75.76,USD
O102940,2026-01-05T10:09:51,2026-01-05,C0143,Customer 0143,Consumer,MW,web,1,P120,Enterprise Subscription,subscription,1,205.72,205.72,USD
O102941,2026-01-05T19:46:02,2026-01-05,C0130,Customer 0130,SMB,MW,mobile,1,P100,Starter Subscription,subscription,1,29.62,29.62,USD
O102942,2026-01-05T19:46:53,2026-01-05,C0035,Customer 0035,SMB,SE,web,1,P120,Enterprise Subscription,subscription,1,194.45,194.45,USD
O102943,2026-01-05T17:52:29,2026-01-05,C0034,Customer 0034,Consumer,SW,web,1,P120,Enterprise Subscription,subscription,1,194.13,194.13,USD
O102944,2026-01-05T11:48:35,2026-01-05,C0211,Customer 0211,SMB,NE,web,1,P210,Automation Add-on,addon,1,59.34,59.34,USD
O102944,2026-01-05T11:48:35,2026-01-05,C0211,Customer 0211,SMB,NE,web,2,P300,Implementation Package,service,1,509.98,509.98,USD
O102945,2026-01-05T19:24:09,2026-01-05,C0134,Customer 0134,SMB,SW,partner,1,P110,Professional Subscription,subscription,1,83.47,83.47,USD
O102946,2026-01-05T16:20:03,2026-01-05,C0166,Customer 0166,SMB,SE,web,1,P300,Implementation Package,service,1,471.51,471.51,USD
O102947,2026-01-05T13:31:47,2026-01-05,C0083,Customer 0083,Mid-Market,SW,web,1,P210,Automation Add-on,addon,2,54.87,109.74,USD
O102947,2026-01-05T13:31:47,2026-01-05,C0083,Customer 0083,Mid-Market,SW,web,2,P200,Analytics Add-on,addon,1,37.33,37.33,USD
O102948,2026-01-05T19:06:27,2026-01-05,C0226,Customer 0226,Consumer,SW,web,1,P300,Implementation Package,service,1,481.26,481.26,USD
O102949,2026-01-05T20:59:46,2026-01-05,C0009,Customer 0009,Consumer,NE,web,1,P110,Professional Subscription,subscription,1,84.10,84.10,USD
O102950,2026-01-05T20:33:03,2026-01-05,C0062,Customer 0062,Consumer,SW,web,1,P100,Starter Subscription,subscription,1,29.19,29.19,USD
O102951,2026-01-05T18:16:08,2026-01-05,C0163,Customer 0163,Consumer,MW,mobile,1,P310,Training Package,service,1,315.32,315.32,USD
O102952,2026-01-05T13:29:49,2026-01-05,C0027,Customer 0027,Consumer,MW,web,1,P310,Training Package,service,1,303.90,303.90,USD
O102952,2026-01-05T13:29:49,2026-01-05,C0027,Customer 0027,Consumer,MW,web,2,P100,Starter Subscription,subscription,1,30.00,30.00,USD
O102953,2026-01-05T13:18:29,2026-01-05,C0064,Customer 0064,SMB,W,web,1,P210,Automation Add-on,addon,2,61.12,122.24,USD
O102954,2026-01-06T15:52:16,2026-01-06,C0031,Customer 0031,Mid-Market,MW,web,1,P120,Enterprise Subscription,subscription,1,212.30,212.30,USD
O102954,2026-01-06T15:52:16,2026-01-06,C0031,Customer 0031,Mid-Market,MW,web,2,P300,Implementation Package,service,1,497.46,497.46,USD
O102955,2026-01-06T15:46:14,2026-01-06,C0008,Customer 0008,SMB,W,mobile,1,P310,Training Package,service,1,301.72,301.72,USD
O102956,2026-01-06T20:40:32,2026-01-06,C0140,Customer 0140,Consumer,NE,mobile,1,P110,Professional Subscription,subscription,1,75.87,75.87,USD
O102956,2026-01-06T20:40:32,2026-01-06,C0140,Customer 0140,Consumer,NE,mobile,2,P120,Enterprise Subscription,subscription,1,195.81,195.81,USD
O102957,2026-01-06T11:45:56,2026-01-06,C0024,Customer 0024,SMB,SW,web,1,P110,Professional Subscription,subscription,1,82.48,82.48,USD
O102957,2026-01-06T11:45:56,2026-01-06,C0024,Customer 0024,SMB,SW,web,2,P210,Automation Add-on,addon,2,59.13,118.26,USD
O102958,2026-01-06T10:37:28,2026-01-06,C0100,Customer 0100,Consumer,MW,mobile,1,P120,Enterprise Subscription,subscription,1,193.88,193.88,USD
O102959,2026-01-06T14:35:41,2026-01-06,C0026,Customer 0026,Consumer,NE,web,1,P310,Training Package,service,1,297.66,297.66,USD
O102960,2026-01-06T14:46:19,2026-01-06,C0095,Customer 0095,SMB,SE,mobile,1,P100,Starter Subscription,subscription,1,28.87,28.87,USD
O102961,2026-01-06T15:44:37,2026-01-06,C0162,Customer 0162,SMB,W,mobile,1,P210,Automation Add-on,addon,1,61.06,61.06,USD
O102961,2026-01-06T15:44:37,2026-01-06,C0162,Customer 0162,SMB,W,mobile,2,P100,Starter Subscription,subscription,1,29.22,29.22,USD
O102962,2026-01-06T10:07:49,2026-01-06,C0174,Customer 0174,Mid-Market,SW,partner,1,P310,Training Package,service,1,322.86,322.86,USD
O102963,2026-01-06T13:00:15,2026-01-06,C0006,Customer 0006,Consumer,W,web,1,P310,Training Package,service,1,316.98,316.98,USD
O102964,2026-01-06T14:50:18,2026-01-06,C0173,Customer 0173,SMB,SE,web,1,P120,Enterprise Subscription,subscription,1,184.46,184.46,USD
O102965,2026-01-06T10:23:30,2026-01-06,C0151,Customer 0151,Consumer,W,web,1,P100,Starter Subscription,subscription,1,27.85,27.85,USD
O102966,2026-01-06T13:17:02,2026-01-06,C0020,Customer 0020,SMB,MW,partner,1,P300,Implementation Package,service,1,488.33,488.33,USD
O102967,2026-01-06T13:47:47,2026-01-06,C0022,Customer 0022,SMB,NE,mobile,1,P310,Training Package,service,1,311.23,311.23,USD
O102967,2026-01-06T13:47:47,2026-01-06,C0022,Customer 0022,SMB,NE,mobile,2,P210,Automation Add-on,addon,1,57.93,57.93,USD
O102968,2026-01-06T11:04:05,2026-01-06,C0027,Customer 0027,Consumer,MW,mobile,1,P310,Training Package,service,1,290.76,290.76,USD
O102968,2026-01-06T11:04:05,2026-01-06,C0027,Customer 0027,Consumer,MW,mobile,2,P110,Professional Subscription,subscription,1,79.49,79.49,USD
O102969,2026-01-06T13:58:18,2026-01-06,C0170,Customer 0170,Mid-Market,SE,partner,1,P100,Starter Subscription,subscription,1,27.39,27.39,USD
O102970,2026-01-06T09:25:40,2026-01-06,C0190,Customer 0190,Consumer,W,partner,1,P310,Training Package,service,1,321.92,321.92,USD
O102971,2026-01-06T18:00:56,2026-01-06,C0229,Customer 0229,SMB,SE,mobile,1,P200,Analytics Add-on,addon,1,38.17,38.17,USD
O102972,2026-01-06T18:59:37,2026-01-06,C0045,Customer 0045,Consumer,MW,partner,1,P310,Training Package,service,1,282.20,282.20,USD
O102973,2026-01-06T08:28:58,2026-01-06,C0081,Customer 0081,SMB,W,mobile,1,P300,Implementation Package,service,1,533.01,533.01,USD
O102974,2026-01-06T09:45:10,2026-01-06,C0193,Customer 0193,Consumer,SW,mobile,1,P120,Enterprise Subscription,subscription,1,203.14,203.14,USD
O102974,2026-01-06T09:45:10,2026-01-06,C0193,Customer 0193,Consumer,SW,mobile,2,P100,Starter Subscription,subscription,1,28.33,28.33,USD
O102975,2026-01-06T08:01:35,2026-01-06,C0070,Customer 0070,SMB,W,mobile,1,P120,Enterprise Subscription,subscription,1,187.18,187.18,USD
O102976,2026-01-06T17:41:34,2026-01-06,C0170,Customer 0170,Mid-Market,SE,mobile,1,P110,Professional Subscription,subscription,1,79.87,79.87,USD
O102977,2026-01-06T09:40:52,2026-01-06,C0077,Customer 0077,SMB,SE,mobile,1,P210,Automation Add-on,addon,2,57.42,114.84,USD
O102978,2026-01-06T13:00:34,2026-01-06,C0051,Customer 0051,Enterprise,SW,partner,1,P100,Starter Subscription,subscription,1,30.87,30.87,USD
O102978,2026-01-06T13:00:34,2026-01-06,C0051,Customer 0051,Enterprise,SW,partner,2,P310,Training Package,service,1,287.51,287.51,USD
O102978,2026-01-06T13:00:34,2026-01-06,C0051,Customer 0051,Enterprise,SW,partner,3,P110,Professional Subscription,subscription,1,79.15,79.15,USD
O102979,2026-01-06T14:38:02,2026-01-06,C0096,Customer 0096,SMB,W,web,1,P300,Implementation Package,service,1,490.50,490.50,USD
O102980,2026-01-06T18:59:15,2026-01-06,C0189,Customer 0189,SMB,SW,web,1,P120,Enterprise Subscription,subscription,1,197.62,197.62,USD
O102981,2026-01-06T14:37:03,2026-01-06,C0162,Customer 0162,SMB,W,mobile,1,P310,Training Package,service,1,296.21,296.21,USD
O102982,2026-01-06T14:05:38,2026-01-06,C0135,Customer 0135,Mid-Market,SE,web,1,P200,Analytics Add-on,addon,1,38.24,38.24,USD
O102983,2026-01-07T18:38:10,2026-01-07,C0131,Customer 0131,Consumer,SE,web,1,P200,Analytics Add-on,addon,1,40.19,40.19,USD
O102984,2026-01-07T13:57:04,2026-01-07,C0086,Customer 0086,Consumer,SW,web,1,P210,Automation Add-on,addon,1,54.90,54.90,USD
O102984,2026-01-07T13:57:04,2026-01-07,C0086,Customer 0086,Consumer,SW,web,2,P310,Training Package,service,1,284.65,284.65,USD
O102984,2026-01-07T13:57:04,2026-01-07,C0086,Customer 0086,Consumer,SW,web,3,P300,Implementation Package,service,1,463.60,463.60,USD
O102985,2026-01-07T10:23:05,2026-01-07,C0073,Customer 0073,Mid-Market,SW,web,1,P210,Automation Add-on,addon,2,57.38,114.76,USD
O102985,2026-01-07T10:23:05,2026-01-07,C0073,Customer 0073,Mid-Market,SW,web,2,P200,Analytics Add-on,addon,1,38.24,38.24,USD
O102986,2026-01-07T12:59:30,2026-01-07,C0059,Customer 0059,Consumer,W,web,1,P120,Enterprise Subscription,subscription,1,214.54,214.54,USD
O102986,2026-01-07T12:59:30,2026-01-07,C0059,Customer 0059,Consumer,W,web,2,P100,Starter Subscription,subscription,1,28.06,28.06,USD
O102987,2026-01-07T14:05:20,2026-01-07,C0135,Customer 0135,Mid-Market,SE,mobile,1,P210,Automation Add-on,addon,1,59.96,59.96,USD
O102988,2026-01-07T16:30:01,2026-01-07,C0114,Customer 0114,Consumer,MW,web,1,P310,Training Package,service,1,311.70,311.70,USD
O102988,2026-01-07T16:30:01,2026-01-07,C0114,Customer 0114,Consumer,MW,web,2,P100,Starter Subscription,subscription,1,27.09,27.09,USD
O102989,2026-01-07T18:25:31,2026-01-07,C0070,Customer 0070,SMB,W,web,1,P200,Analytics Add-on,addon,1,38.03,38.03,USD
O102989,2026-01-07T18:25:31,2026-01-07,C0070,Customer 0070,SMB,W,web,2,P120,Enterprise Subscription,subscription,1,203.69,203.69,USD
O102989,2026-01-07T18:25:31,2026-01-07,C0070,Customer 0070,SMB,W,web,3,P110,Professional Subscription,subscription,1,79.42,79.42,USD
O102990,2026-01-07T20:24:53,2026-01-07,C0003,Customer 0003,Consumer,W,web,1,P100,Starter Subscription,subscription,1,30.16,30.16,USD
O102991,2026-01-07T17:41:53,2026-01-07,C0059,Customer 0059,Consumer,W,web,1,P200,Analytics Add-on,addon,1,41.51,41.51,USD
O102992,2026-01-07T17:32:19,2026-01-07,C0187,Customer 0187,SMB,SW,mobile,1,P300,Implementation Package,service,1,509.09,509.09,USD
O102993,2026-01-07T18:01:58,2026-01-07,C0085,Customer 0085,Mid-Market,SW,web,1,P310,Training Package,service,1,296.86,296.86,USD
O102994,2026-01-07T18:26:44,2026-01-07,C0135,Customer 0135,Mid-Market,SE,web,1,P310,Training Package,service,1,300.03,300.03,USD
O102995,2026-01-07T13:44:15,2026-01-07,C0044,Customer 0044,SMB,NE,web,1,P120,Enterprise Subscription,subscription,1,190.63,190.63,USD
O102996,2026-01-07T13:35:38,2026-01-07,C0149,Customer 0149,Mid-Market,MW,web,1,P110,Professional Subscription,subscription,1,80.83,80.83,USD
O102996,2026-01-07T13:35:38,2026-01-07,C0149,Customer 0149,Mid-Market,MW,web,2,P100,Starter Subscription,subscription,1,30.38,30.38,USD
O102997,2026-01-07T10:51:24,2026-01-07,C0009,Customer 0009,Consumer,NE,web,1,P200,Analytics Add-on,addon,1,39.58,39.58,USD
O102998,2026-01-07T15:02:49,2026-01-07,C0031,Customer 0031,Mid-Market,MW,web,1,P120,Enterprise Subscription,subscription,1,214.55,214.55,USD
O102998,2026-01-07T15:02:49,2026-01-07,C0031,Customer 0031,Mid-Market,MW,web,2,P200,Analytics Add-on,addon,1,41.51,41.51,USD
O102999,2026-01-07T16:24:47,2026-01-07,C0161,Customer 0161,Mid-Market,SE,mobile,1,P210,Automation Add-on,addon,1,55.88,55.88,USD
O103000,2026-01-07T16:56:26,2026-01-07,C0230,Customer 0230,Enterprise,MW,partner,1,P120,Enterprise Subscription,subscription,1,184.62,184.62,USD
O103001,2026-01-07T09:29:40,2026-01-07,C0084,Customer 0084,Consumer,NE,web,1,P110,Professional Subscription,subscription,1,76.21,76.21,USD
O103002,2026-01-07T16:11:51,2026-01-07,C0188,Customer 0188,Mid-Market,SW,web,1,P200,Analytics Add-on,addon,2,36.51,73.02,USD
O103003,2026-01-07T15:37:18,2026-01-07,C0140,Customer 0140,Consumer,NE,mobile,1,P110,Professional Subscription,subscription,1,75.18,75.18,USD
O103004,2026-01-07T17:13:54,2026-01-07,C0099,Customer 0099,Enterprise,MW,mobile,1,P200,Analytics Add-on,addon,2,41.60,83.20,USD
O103005,2026-01-07T11:54:53,2026-01-07,C0015,Customer 0015,SMB,SW,web,1,P100,Starter Subscription,subscription,1,29.50,29.50,USD
O103006,2026-01-07T08:09:04,2026-01-07,C0009,Customer 0009,Consumer,NE,partner,1,P300,Implementation Package,service,1,466.10,466.10,USD
O103007,2026-01-07T12:18:41,2026-01-07,C0104,Customer 0104,Mid-Market,W,mobile,1,P200,Analytics Add-on,addon,1,38.93,38.93,USD
O103007,2026-01-07T12:18:41,2026-01-07,C0104,Customer 0104,Mid-Market,W,mobile,2,P100,Starter Subscription,subscription,1,27.75,27.75,USD
O103008,2026-01-07T10:24:58,2026-01-07,C0168,Customer 0168,Mid-Market,W,web,1,P120,Enterprise Subscription,subscription,1,213.96,213.96,USD
O103008,2026-01-07T10:24:58,2026-01-07,C0168,Customer 0168,Mid-Market,W,web,2,P210,Automation Add-on,addon,1,58.01,58.01,USD
O103009,2026-01-07T12:28:44,2026-01-07,C0236,Customer 0236,Consumer,MW,mobile,1,P300,Implementation Package,service,1,530.65,530.65,USD
O103010,2026-01-07T16:01:52,2026-01-07,C0199,Customer 0199,Consumer,W,web,1,P300,Implementation Package,service,1,524.85,524.85,USD
O103011,2026-01-07T19:52:41,2026-01-07,C0224,Customer 0224,Mid-Market,MW,partner,1,P110,Professional Subscription,subscription,1,85.22,85.22,USD
O103011,2026-01-07T19:52:41,2026-01-07,C0224,Customer 0224,Mid-Market,MW,partner,2,P120,Enterprise Subscription,subscription,1,204.06,204.06,USD
O103012,2026-01-07T10:40:15,2026-01-07,C0138,Customer 0138,Mid-Market,W,mobile,1,P120,Enterprise Subscription,subscription,1,204.39,204.39,USD
O103012,2026-01-07T10:40:15,2026-01-07,C0138,Customer 0138,Mid-Market,W,mobile,2,P100,Starter Subscription,subscription,1,27.15,27.15,USD
O103013,2026-01-07T18:07:47,2026-01-07,C0061,Customer 0061,Consumer,MW,mobile,1,P210,Automation Add-on,addon,1,59.42,59.42,USD
O103014,2026-01-07T12:27:05,2026-01-07,C0141,Customer 0141,SMB,MW,mobile,1,P100,Starter Subscription,subscription,1,28.07,28.07,USD
O103014,2026-01-07T12:27:05,2026-01-07,C0141,Customer 0141,SMB,MW,mobile,2,P310,Training Package,service,1,283.14,283.14,USD
O103015,2026-01-07T13:42:58,2026-01-07,C0180,Customer 0180,SMB,SE,mobile,1,P200,Analytics Add-on,addon,1,38.64,38.64,USD
O103016,2026-01-07T20:30:08,2026-01-07,C0157,Customer 0157,Consumer,MW,web,1,P100,Starter Subscription,subscription,1,30.57,30.57,USD
O103016,2026-01-07T20:30:08,2026-01-07,C0157,Customer 0157,Consumer,MW,web,2,P210,Automation Add-on,addon,1,58.95,58.95,USD
O103017,2026-01-08T19:25:22,2026-01-08,C0071,Customer 0071,Mid-Market,SW,partner,1,P100,Starter Subscription,subscription,1,30.12,30.12,USD
O103018,2026-01-08T18:03:07,2026-01-08,C0143,Customer 0143,Consumer,MW,web,1,P300,Implementation Package,service,1,459.96,459.96,USD
O103019,2026-01-08T20:14:11,2026-01-08,C0005,Customer 0005,SMB,SE,mobile,1,P120,Enterprise Subscription,subscription,1,203.28,203.28,USD
O103020,2026-01-08T12:07:27,2026-01-08,C0006,Customer 0006,Consumer,W,web,1,P210,Automation Add-on,addon,2,56.80,113.60,USD
O103021,2026-01-08T11:40:59,2026-01-08,C0213,Customer 0213,Consumer,W,web,1,P110,Professional Subscription,subscription,1,75.44,75.44,USD
O103021,2026-01-08T11:40:59,2026-01-08,C0213,Customer 0213,Consumer,W,web,2,P200,Analytics Add-on,addon,2,37.89,75.78,USD
O103022,2026-01-08T15:34:49,2026-01-08,C0156,Customer 0156,Enterprise,SW,web,1,P110,Professional Subscription,subscription,1,77.64,77.64,USD
O103023,2026-01-08T16:38:25,2026-01-08,C0083,Customer 0083,Mid-Market,SW,web,1,P200,Analytics Add-on,addon,1,39.98,39.98,USD
O103023,2026-01-08T16:38:25,2026-01-08,C0083,Customer 0083,Mid-Market,SW,web,2,P120,Enterprise Subscription,subscription,1,200.47,200.47,USD
O103023,2026-01-08T16:38:25,2026-01-08,C0083,Customer 0083,Mid-Market,SW,web,3,P210,Automation Add-on,addon,1,62.82,62.82,USD
O103024,2026-01-08T19:11:09,2026-01-08,C0097,Customer 0097,Enterprise,NE,web,1,P200,Analytics Add-on,addon,1,41.98,41.98,USD
O103025,2026-01-08T13:30:50,2026-01-08,C0212,Customer 0212,SMB,SE,mobile,1,P210,Automation Add-on,addon,2,62.61,125.22,USD
O103026,2026-01-08T11:36:47,2026-01-08,C0212,Customer 0212,SMB,SE,mobile,1,P200,Analytics Add-on,addon,1,38.28,38.28,USD
O103027,2026-01-08T18:43:44,2026-01-08,C0127,Customer 0127,SMB,W,mobile,1,P210,Automation Add-on,addon,1,56.77,56.77,USD
O103028,2026-01-08T11:46:17,2026-01-08,C0124,Customer 0124,SMB,SE,mobile,1,P110,Professional Subscription,subscription,1,84.49,84.49,USD
O103029,2026-01-08T14:08:08,2026-01-08,C0130,Customer 0130,SMB,MW,web,1,P200,Analytics Add-on,addon,1,37.41,37.41,USD
O103030,2026-01-08T09:23:04,2026-01-08,C0095,Customer 0095,SMB,SE,web,1,P310,Training Package,service,1,311.27,311.27,USD
O103031,2026-01-08T18:00:13,2026-01-08,C0205,Customer 0205,Consumer,SW,web,1,P200,Analytics Add-on,addon,2,40.73,81.46,USD
O103032,2026-01-08T19:32:21,2026-01-08,C0225,Customer 0225,Enterprise,MW,web,1,P110,Professional Subscription,subscription,1,80.54,80.54,USD
O103032,2026-01-08T19:32:21,2026-01-08,C0225,Customer 0225,Enterprise,MW,web,2,P300,Implementation Package,service,1,492.16,492.16,USD
O103033,2026-01-08T17:49:31,2026-01-08,C0154,Customer 0154,SMB,SW,web,1,P110,Professional Subscription,subscription,1,85.25,85.25,USD
O103034,2026-01-08T14:41:37,2026-01-08,C0226,Customer 0226,Consumer,SW,partner,1,P120,Enterprise Subscription,subscription,1,184.82,184.82,USD
O103034,2026-01-08T14:41:37,2026-01-08,C0226,Customer 0226,Consumer,SW,partner,2,P300,Implementation Package,service,1,527.14,527.14,USD
O103034,2026-01-08T14:41:37,2026-01-08,C0226,Customer 0226,Consumer,SW,partner,3,P100,Starter Subscription,subscription,1,28.26,28.26,USD
O103035,2026-01-08T14:51:19,2026-01-08,C0226,Customer 0226,Consumer,SW,mobile,1,P200,Analytics Add-on,addon,2,40.64,81.28,USD
O103036,2026-01-08T09:59:33,2026-01-08,C0095,Customer 0095,SMB,SE,mobile,1,P100,Starter Subscription,subscription,1,30.70,30.70,USD
O103037,2026-01-08T16:55:39,2026-01-08,C0039,Customer 0039,Mid-Market,SW,partner,1,P300,Implementation Package,service,1,533.54,533.54,USD
O103038,2026-01-08T09:30:19,2026-01-08,C0070,Customer 0070,SMB,W,mobile,1,P100,Starter Subscription,subscription,1,28.54,28.54,USD
O103039,2026-01-08T10:49:49,2026-01-08,C0234,Customer 0234,SMB,SW,web,1,P210,Automation Add-on,addon,1,59.48,59.48,USD
O103039,2026-01-08T10:49:49,2026-01-08,C0234,Customer 0234,SMB,SW,web,2,P110,Professional Subscription,subscription,1,83.05,83.05,USD
O103040,2026-01-08T08:26:50,2026-01-08,C0166,Customer 0166,SMB,SE,partner,1,P110,Professional Subscription,subscription,1,85.17,85.17,USD
O103040,2026-01-08T08:26:50,2026-01-08,C0166,Customer 0166,SMB,SE,partner,2,P100,Starter Subscription,subscription,1,29.09,29.09,USD
O103040,2026-01-08T08:26:50,2026-01-08,C0166,Customer 0166,SMB,SE,partner,3,P310,Training Package,service,1,311.48,311.48,USD
O103041,2026-01-08T08:42:49,2026-01-08,C0058,Customer 0058,SMB,W,partner,1,P210,Automation Add-on,addon,2,58.63,117.26,USD
O103042,2026-01-08T18:28:49,2026-01-08,C0004,Customer 0004,Enterprise,NE,web,1,P100,Starter Subscription,subscription,1,29.61,29.61,USD
O103043,2026-01-08T08:45:10,2026-01-08,C0126,Customer 0126,SMB,SE,web,1,P310,Training Package,service,1,322.42,322.42,USD
O103043,2026-01-08T08:45:10,2026-01-08,C0126,Customer 0126,SMB,SE,web,2,P300,Implementation Package,service,1,500.55,500.55,USD
O103044,2026-01-08T16:56:10,2026-01-08,C0045,Customer 0045,Consumer,MW,web,1,P100,Starter Subscription,subscription,1,30.59,30.59,USD
O103044,2026-01-08T16:56:10,2026-01-08,C0045,Customer 0045,Consumer,MW,web,2,P110,Professional Subscription,subscription,1,79.38,79.38,USD
O103044,2026-01-08T16:56:10,2026-01-08,C0045,Customer 0045,Consumer,MW,web,3,P210,Automation Add-on,addon,2,55.27,110.54,USD
O103045,2026-01-08T13:59:43,2026-01-08,C0153,Customer 0153,Consumer,W,partner,1,P110,Professional Subscription,subscription,1,79.13,79.13,USD
O103046,2026-01-08T11:30:04,2026-01-08,C0134,Customer 0134,SMB,SW,mobile,1,P200,Analytics Add-on,addon,1,40.81,40.81,USD
O103046,2026-01-08T11:30:04,2026-01-08,C0134,Customer 0134,SMB,SW,mobile,2,P120,Enterprise Subscription,subscription,1,195.98,195.98,USD
O103046,2026-01-08T11:30:04,2026-01-08,C0134,Customer 0134,SMB,SW,mobile,3,P300,Implementation Package,service,1,473.58,473.58,USD
O103047,2026-01-08T19:18:14,2026-01-08,C0028,Customer 0028,SMB,SE,mobile,1,P100,Starter Subscription,subscription,1,31.15,31.15,USD
O103048,2026-01-08T12:53:11,2026-01-08,C0095,Customer 0095,SMB,SE,web,1,P200,Analytics Add-on,addon,1,38.10,38.10,USD
O103048,2026-01-08T12:53:11,2026-01-08,C0095,Customer 0095,SMB,SE,web,2,P120,Enterprise Subscription,subscription,1,213.56,213.56,USD
O103049,2026-01-08T15:37:58,2026-01-08,C0058,Customer 0058,SMB,W,mobile,1,P210,Automation Add-on,addon,2,57.54,115.08,USD
O103049,2026-01-08T15:37:58,2026-01-08,C0058,Customer 0058,SMB,W,mobile,2,P100,Starter Subscription,subscription,1,30.83,30.83,USD
O103050,2026-01-08T12:14:40,2026-01-08,C0037,Customer 0037,SMB,SE,web,1,P100,Starter Subscription,subscription,1,28.83,28.83,USD
O103051,2026-01-08T19:55:58,2026-01-08,C0199,Customer 0199,Consumer,W,web,1,P200,Analytics Add-on,addon,1,41.12,41.12,USD
O103052,2026-01-09T16:51:21,2026-01-09,C0231,Customer 0231,Consumer,W,mobile,1,P120,Enterprise Subscription,subscription,1,199.37,199.37,USD
O103052,2026-01-09T16:51:21,2026-01-09,C0231,Customer 0231,Consumer,W,mobile,2,P210,Automation Add-on,addon,1,59.67,59.67,USD
O103053,2026-01-09T13:42:30,2026-01-09,C0130,Customer 0130,SMB,MW,partner,1,P120,Enterprise Subscription,subscription,1,190.55,190.55,USD
O103054,2026-01-09T13:19:11,2026-01-09,C0167,Customer 0167,Consumer,NE,web,1,P200,Analytics Add-on,addon,2,38.33,76.66,USD
O103055,2026-01-09T16:59:25,2026-01-09,C0216,Customer 0216,Consumer,SE,web,1,P310,Training Package,service,1,277.07,277.07,USD
O103055,2026-01-09T16:59:25,2026-01-09,C0216,Customer 0216,Consumer,SE,web,2,P300,Implementation Package,service,1,501.43,501.43,USD
O103055,2026-01-09T16:59:25,2026-01-09,C0216,Customer 0216,Consumer,SE,web,3,P120,Enterprise Subscription,subscription,1,193.47,193.47,USD
O103056,2026-01-09T16:29:03,2026-01-09,C0119,Customer 0119,Consumer,SE,web,1,P110,Professional Subscription,subscription,1,82.20,82.20,USD
O103057,2026-01-09T16:44:47,2026-01-09,C0039,Customer 0039,Mid-Market,SW,web,1,P100,Starter Subscription,subscription,1,30.21,30.21,USD
O103058,2026-01-09T13:12:57,2026-01-09,C0027,Customer 0027,Consumer,MW,mobile,1,P200,Analytics Add-on,addon,1,40.71,40.71,USD
O103058,2026-01-09T13:12:57,2026-01-09,C0027,Customer 0027,Consumer,MW,mobile,2,P120,Enterprise Subscription,subscription,1,207.40,207.40,USD
O103059,2026-01-09T18:58:35,2026-01-09,C0132,Customer 0132,SMB,NE,mobile,1,P100,Starter Subscription,subscription,1,28.02,28.02,USD
O103059,2026-01-09T18:58:35,2026-01-09,C0132,Customer 0132,SMB,NE,mobile,2,P310,Training Package,service,1,294.50,294.50,USD
O103060,2026-01-09T08:12:09,2026-01-09,C0188,Customer 0188,Mid-Market,SW,web,1,P110,Professional Subscription,subscription,1,79.89,79.89,USD
O103060,2026-01-09T08:12:09,2026-01-09,C0188,Customer 0188,Mid-Market,SW,web,2,P300,Implementation Package,service,1,471.81,471.81,USD
O103061,2026-01-09T18:16:43,2026-01-09,C0048,Customer 0048,Enterprise,SE,web,1,P110,Professional Subscription,subscription,1,77.69,77.69,USD
O103062,2026-01-09T20:34:26,2026-01-09,C0164,Customer 0164,Consumer,SE,mobile,1,P100,Starter Subscription,subscription,1,27.68,27.68,USD
O103063,2026-01-09T12:11:35,2026-01-09,C0060,Customer 0060,Consumer,MW,web,1,P120,Enterprise Subscription,subscription,1,210.01,210.01,USD
O103064,2026-01-09T14:07:41,2026-01-09,C0194,Customer 0194,Consumer,W,mobile,1,P210,Automation Add-on,addon,1,55.67,55.67,USD
O103065,2026-01-09T13:38:00,2026-01-09,C0093,Customer 0093,SMB,W,partner,1,P210,Automation Add-on,addon,1,55.30,55.30,USD
O103066,2026-01-09T16:04:09,2026-01-09,C0104,Customer 0104,Mid-Market,W,web,1,P300,Implementation Package,service,1,508.44,508.44,USD
O103067,2026-01-09T08:23:11,2026-01-09,C0037,Customer 0037,SMB,SE,partner,1,P100,Starter Subscription,subscription,1,30.09,30.09,USD
O103067,2026-01-09T08:23:11,2026-01-09,C0037,Customer 0037,SMB,SE,partner,2,P200,Analytics Add-on,addon,1,41.43,41.43,USD
O103068,2026-01-09T11:27:51,2026-01-09,C0019,Customer 0019,Consumer,NE,web,1,P310,Training Package,service,1,298.78,298.78,USD
O103068,2026-01-09T11:27:51,2026-01-09,C0019,Customer 0019,Consumer,NE,web,2,P210,Automation Add-on,addon,2,61.69,123.38,USD
O103068,2026-01-09T11:27:51,2026-01-09,C0019,Customer 0019,Consumer,NE,web,3,P120,Enterprise Subscription,subscription,1,208.84,208.84,USD
O103069,2026-01-09T13:55:35,2026-01-09,C0041,Customer 0041,Consumer,NE,mobile,1,P200,Analytics Add-on,addon,2,41.99,83.98,USD
O103070,2026-01-09T08:25:15,2026-01-09,C0217,Customer 0217,SMB,NE,partner,1,P310,Training Package,service,1,292.32,292.32,USD
O103070,2026-01-09T08:25:15,2026-01-09,C0217,Customer 0217,SMB,NE,partner,2,P210,Automation Add-on,addon,1,58.81,58.81,USD
O103071,2026-01-09T18:13:05,2026-01-09,C0052,Customer 0052,SMB,MW,web,1,P310,Training Package,service,1,307.03,307.03,USD
O103071,2026-01-09T18:13:05,2026-01-09,C0052,Customer 0052,SMB,MW,web,2,P110,Professional Subscription,subscription,1,79.30,79.30,USD
O103072,2026-01-09T15:14:40,2026-01-09,C0228,Customer 0228,Consumer,SW,web,1,P210,Automation Add-on,addon,2,57.63,115.26,USD
O103073,2026-01-09T16:42:27,2026-01-09,C0102,Customer 0102,Consumer,SW,web,1,P200,Analytics Add-on,addon,1,41.71,41.71,USD
O103074,2026-01-09T14:37:24,2026-01-09,C0100,Customer 0100,Consumer,MW,web,1,P300,Implementation Package,service,1,505.31,505.31,USD
O103074,2026-01-09T14:37:24,2026-01-09,C0100,Customer 0100,Consumer,MW,web,2,P200,Analytics Add-on,addon,1,40.06,40.06,USD
O103075,2026-01-09T08:40:42,2026-01-09,C0162,Customer 0162,SMB,W,web,1,P120,Enterprise Subscription,subscription,1,183.96,183.96,USD
O103075,2026-01-09T08:40:42,2026-01-09,C0162,Customer 0162,SMB,W,web,2,P110,Professional Subscription,subscription,1,74.38,74.38,USD
O103076,2026-01-09T08:12:25,2026-01-09,C0066,Customer 0066,Consumer,NE,mobile,1,P300,Implementation Package,service,1,462.67,462.67,USD
O103076,2026-01-09T08:12:25,2026-01-09,C0066,Customer 0066,Consumer,NE,mobile,2,P120,Enterprise Subscription,subscription,1,201.50,201.50,USD
O103077,2026-01-09T15:08:36,2026-01-09,C0069,Customer 0069,Consumer,SE,web,1,P100,Starter Subscription,subscription,1,28.17,28.17,USD
O103078,2026-01-09T14:05:08,2026-01-09,C0124,Customer 0124,SMB,SE,web,1,P120,Enterprise Subscription,subscription,1,193.67,193.67,USD
O103078,2026-01-09T14:05:08,2026-01-09,C0124,Customer 0124,SMB,SE,web,2,P310,Training Package,service,1,301.03,301.03,USD
O103078,2026-01-09T14:05:08,2026-01-09,C0124,Customer 0124,SMB,SE,web,3,P100,Starter Subscription,subscription,1,27.31,27.31,USD
O103079,2026-01-09T14:46:02,2026-01-09,C0095,Customer 0095,SMB,SE,web,1,P300,Implementation Package,service,1,473.36,473.36,USD
O103080,2026-01-09T15:38:38,2026-01-09,C0101,Customer 0101,SMB,SE,web,1,P210,Automation Add-on,addon,2,55.45,110.90,USD
O103081,2026-01-09T10:37:04,2026-01-09,C0008,Customer 0008,SMB,W,web,1,P120,Enterprise Subscription,subscription,1,207.52,207.52,USD
O103081,2026-01-09T10:37:04,2026-01-09,C0008,Customer 0008,SMB,W,web,2,P110,Professional Subscription,subscription,1,84.00,84.00,USD
O103082,2026-01-09T08:41:03,2026-01-09,C0096,Customer 0096,SMB,W,mobile,1,P100,Starter Subscription,subscription,1,29.06,29.06,USD
O103083,2026-01-09T18:05:43,2026-01-09,C0159,Customer 0159,Consumer,SW,partner,1,P110,Professional Subscription,subscription,1,84.58,84.58,USD
O103084,2026-01-09T15:54:28,2026-01-09,C0201,Customer 0201,Consumer,NE,mobile,1,P100,Starter Subscription,subscription,1,27.64,27.64,USD
O103085,2026-01-09T16:00:39,2026-01-09,C0194,Customer 0194,Consumer,W,mobile,1,P310,Training Package,service,1,307.85,307.85,USD
O103086,2026-01-09T18:18:02,2026-01-09,C0142,Customer 0142,SMB,SW,web,1,P120,Enterprise Subscription,subscription,1,184.01,184.01,USD
O103086,2026-01-09T18:18:02,2026-01-09,C0142,Customer 0142,SMB,SW,web,2,P300,Implementation Package,service,1,513.84,513.84,USD
O103086,2026-01-09T18:18:02,2026-01-09,C0142,Customer 0142,SMB,SW,web,3,P310,Training Package,service,1,322.61,322.61,USD
O103087,2026-01-10T14:37:33,2026-01-10,C0142,Customer 0142,SMB,SW,web,1,P100,Starter Subscription,subscription,1,28.74,28.74,USD
O103087,2026-01-10T14:37:33,2026-01-10,C0142,Customer 0142,SMB,SW,web,2,P310,Training Package,service,1,295.28,295.28,USD
O103088,2026-01-10T19:25:38,2026-01-10,C0015,Customer 0015,SMB,SW,web,1,P100,Starter Subscription,subscription,1,27.23,27.23,USD
O103088,2026-01-10T19:25:38,2026-01-10,C0015,Customer 0015,SMB,SW,web,2,P120,Enterprise Subscription,subscription,1,202.73,202.73,USD
O103089,2026-01-10T12:43:28,2026-01-10,C0224,Customer 0224,Mid-Market,MW,mobile,1,P200,Analytics Add-on,addon,2,39.94,79.88,USD
O103090,2026-01-10T15:14:01,2026-01-10,C0003,Customer 0003,Consumer,W,mobile,1,P110,Professional Subscription,subscription,1,84.92,84.92,USD
O103091,2026-01-10T16:42:09,2026-01-10,C0205,Customer 0205,Consumer,SW,web,1,P310,Training Package,service,1,282.39,282.39,USD
O103092,2026-01-10T15:44:51,2026-01-10,C0132,Customer 0132,SMB,NE,mobile,1,P100,Starter Subscription,subscription,1,28.50,28.50,USD
O103093,2026-01-10T09:11:28,2026-01-10,C0158,Customer 0158,SMB,W,web,1,P110,Professional Subscription,subscription,1,80.52,80.52,USD
O103093,2026-01-10T09:11:28,2026-01-10,C0158,Customer 0158,SMB,W,web,2,P100,Starter Subscription,subscription,1,30.97,30.97,USD
O103093,2026-01-10T09:11:28,2026-01-10,C0158,Customer 0158,SMB,W,web,3,P200,Analytics Add-on,addon,2,39.30,78.60,USD
O103094,2026-01-10T10:22:34,2026-01-10,C0194,Customer 0194,Consumer,W,partner,1,P310,Training Package,service,1,311.79,311.79,USD
O103094,2026-01-10T10:22:34,2026-01-10,C0194,Customer 0194,Consumer,W,partner,2,P200,Analytics Add-on,addon,1,39.15,39.15,USD
O103095,2026-01-10T15:44:17,2026-01-10,C0056,Customer 0056,Consumer,SE,web,1,P120,Enterprise Subscription,subscription,1,193.16,193.16,USD
O103095,2026-01-10T15:44:17,2026-01-10,C0056,Customer 0056,Consumer,SE,web,2,P100,Starter Subscription,subscription,1,28.86,28.86,USD
O103096,2026-01-10T12:36:49,2026-01-10,C0180,Customer 0180,SMB,SE,web,1,P120,Enterprise Subscription,subscription,1,185.06,185.06,USD
O103097,2026-01-10T13:48:32,2026-01-10,C0081,Customer 0081,SMB,W,mobile,1,P310,Training Package,service,1,290.19,290.19,USD
O103098,2026-01-10T17:36:10,2026-01-10,C0202,Customer 0202,Mid-Market,SW,web,1,P300,Implementation Package,service,1,491.75,491.75,USD
O103098,2026-01-10T17:36:10,2026-01-10,C0202,Customer 0202,Mid-Market,SW,web,2,P110,Professional Subscription,subscription,1,74.80,74.80,USD
O103098,2026-01-10T17:36:10,2026-01-10,C0202,Customer 0202,Mid-Market,SW,web,3,P120,Enterprise Subscription,subscription,1,197.43,197.43,USD
O103099,2026-01-10T15:10:38,2026-01-10,C0167,Customer 0167,Consumer,NE,partner,1,P310,Training Package,service,1,317.01,317.01,USD
O103099,2026-01-10T15:10:38,2026-01-10,C0167,Customer 0167,Consumer,NE,partner,2,P210,Automation Add-on,addon,2,58.02,116.04,USD
O103100,2026-01-10T12:07:00,2026-01-10,C0205,Customer 0205,Consumer,SW,partner,1,P300,Implementation Package,service,1,467.54,467.54,USD
O103100,2026-01-10T12:07:00,2026-01-10,C0205,Customer 0205,Consumer,SW,partner,2,P100,Starter Subscription,subscription,1,29.76,29.76,USD
O103101,2026-01-10T19:32:07,2026-01-10,C0071,Customer 0071,Mid-Market,SW,partner,1,P210,Automation Add-on,addon,1,55.87,55.87,USD
O103101,2026-01-10T19:32:07,2026-01-10,C0071,Customer 0071,Mid-Market,SW,partner,2,P100,Starter Subscription,subscription,1,30.95,30.95,USD
O103102,2026-01-10T14:28:00,2026-01-10,C0004,Customer 0004,Enterprise,NE,mobile,1,P120,Enterprise Subscription,subscription,1,203.24,203.24,USD
O103102,2026-01-10T14:28:00,2026-01-10,C0004,Customer 0004,Enterprise,NE,mobile,2,P110,Professional Subscription,subscription,1,73.15,73.15,USD
O103103,2026-01-10T20:48:57,2026-01-10,C0067,Customer 0067,SMB,NE,mobile,1,P210,Automation Add-on,addon,2,59.75,119.50,USD
O103104,2026-01-10T18:31:41,2026-01-10,C0087,Customer 0087,Mid-Market,W,web,1,P120,Enterprise Subscription,subscription,1,213.31,213.31,USD
O103105,2026-01-10T19:45:18,2026-01-10,C0124,Customer 0124,SMB,SE,mobile,1,P300,Implementation Package,service,1,508.10,508.10,USD
O103105,2026-01-10T19:45:18,2026-01-10,C0124,Customer 0124,SMB,SE,mobile,2,P100,Starter Subscription,subscription,1,30.18,30.18,USD
O103105,2026-01-10T19:45:18,2026-01-10,C0124,Customer 0124,SMB,SE,mobile,3,P200,Analytics Add-on,addon,2,39.42,78.84,USD
O103106,2026-01-10T15:01:39,2026-01-10,C0023,Customer 0023,Consumer,W,mobile,1,P210,Automation Add-on,addon,1,62.56,62.56,USD
O103107,2026-01-10T14:04:03,2026-01-10,C0055,Customer 0055,Mid-Market,NE,web,1,P200,Analytics Add-on,addon,2,38.24,76.48,USD
O103108,2026-01-10T13:45:56,2026-01-10,C0168,Customer 0168,Mid-Market,W,mobile,1,P310,Training Package,service,1,278.47,278.47,USD
O103109,2026-01-10T19:19:59,2026-01-10,C0083,Customer 0083,Mid-Market,SW,partner,1,P200,Analytics Add-on,addon,2,41.47,82.94,USD
O103109,2026-01-10T19:19:59,2026-01-10,C0083,Customer 0083,Mid-Market,SW,partner,2,P300,Implementation Package,service,1,465.98,465.98,USD
O103109,2026-01-10T19:19:59,2026-01-10,C0083,Customer 0083,Mid-Market,SW,partner,3,P310,Training Package,service,1,292.20,292.20,USD
O103110,2026-01-10T08:03:29,2026-01-10,C0209,Customer 0209,SMB,NE,mobile,1,P100,Starter Subscription,subscription,1,28.54,28.54,USD
O103111,2026-01-10T08:15:04,2026-01-10,C0025,Customer 0025,SMB,W,partner,1,P120,Enterprise Subscription,subscription,1,198.51,198.51,USD
O103112,2026-01-10T10:50:52,2026-01-10,C0012,Customer 0012,SMB,NE,mobile,1,P210,Automation Add-on,addon,2,56.64,113.28,USD
O103113,2026-01-10T11:52:23,2026-01-10,C0123,Customer 0123,Consumer,W,partner,1,P120,Enterprise Subscription,subscription,1,214.33,214.33,USD
O103114,2026-01-10T09:43:21,2026-01-10,C0088,Customer 0088,Consumer,SE,mobile,1,P310,Training Package,service,1,277.07,277.07,USD
O103115,2026-01-10T17:11:31,2026-01-10,C0087,Customer 0087,Mid-Market,W,mobile,1,P300,Implementation Package,service,1,517.84,517.84,USD
O103116,2026-01-10T14:22:05,2026-01-10,C0212,Customer 0212,SMB,SE,web,1,P210,Automation Add-on,addon,1,63.08,63.08,USD
O103117,2026-01-10T19:58:19,2026-01-10,C0009,Customer 0009,Consumer,NE,web,1,P120,Enterprise Subscription,subscription,1,187.71,187.71,USD
O103118,2026-01-10T20:31:56,2026-01-10,C0002,Customer 0002,SMB,SE,web,1,P120,Enterprise Subscription,subscription,1,191.17,191.17,USD
O103119,2026-01-11T18:51:21,2026-01-11,C0219,Customer 0219,Consumer,SE,mobile,1,P200,Analytics Add-on,addon,1,36.98,36.98,USD
O103119,2026-01-11T18:51:21,2026-01-11,C0219,Customer 0219,Consumer,SE,mobile,2,P210,Automation Add-on,addon,1,61.06,61.06,USD
O103120,2026-01-11T10:25:56,2026-01-11,C0065,Customer 0065,Enterprise,NE,partner,1,P200,Analytics Add-on,addon,1,41.49,41.49,USD
O103120,2026-01-11T10:25:56,2026-01-11,C0065,Customer 0065,Enterprise,NE,partner,2,P110,Professional Subscription,subscription,1,82.82,82.82,USD
O103120,2026-01-11T10:25:56,2026-01-11,C0065,Customer 0065,Enterprise,NE,partner,3,P300,Implementation Package,service,1,487.37,487.37,USD
O103121,2026-01-11T13:18:44,2026-01-11,C0115,Customer 0115,Consumer,MW,mobile,1,P100,Starter Subscription,subscription,1,28.84,28.84,USD
O103122,2026-01-11T15:07:39,2026-01-11,C0037,Customer 0037,SMB,SE,partner,1,P110,Professional Subscription,subscription,1,82.65,82.65,USD
O103123,2026-01-11T14:04:15,2026-01-11,C0198,Customer 0198,SMB,SW,web,1,P110,Professional Subscription,subscription,1,72.74,72.74,USD
O103124,2026-01-11T08:35:22,2026-01-11,C0137,Customer 0137,Mid-Market,NE,mobile,1,P120,Enterprise Subscription,subscription,1,185.24,185.24,USD
O103124,2026-01-11T08:35:22,2026-01-11,C0137,Customer 0137,Mid-Market,NE,mobile,2,P300,Implementation Package,service,1,473.59,473.59,USD
O103125,2026-01-11T14:19:57,2026-01-11,C0088,Customer 0088,Consumer,SE,web,1,P210,Automation Add-on,addon,1,54.75,54.75,USD
O103126,2026-01-11T13:55:12,2026-01-11,C0101,Customer 0101,SMB,SE,web,1,P210,Automation Add-on,addon,1,59.18,59.18,USD
O103127,2026-01-11T11:57:42,2026-01-11,C0205,Customer 0205,Consumer,SW,partner,1,P310,Training Package,service,1,280.23,280.23,USD
O103127,2026-01-11T11:57:42,2026-01-11,C0205,Customer 0205,Consumer,SW,partner,2,P300,Implementation Package,service,1,499.77,499.77,USD
O103127,2026-01-11T11:57:42,2026-01-11,C0205,Customer 0205,Consumer,SW,partner,3,P100,Starter Subscription,subscription,1,29.05,29.05,USD
O103128,2026-01-11T13:27:40,2026-01-11,C0226,Customer 0226,Consumer,SW,partner,1,P300,Implementation Package,service,1,474.23,474.23,USD
O103129,2026-01-11T08:56:08,2026-01-11,C0090,Customer 0090,Consumer,NE,mobile,1,P110,Professional Subscription,subscription,1,76.86,76.86,USD
O103130,2026-01-11T18:58:54,2026-01-11,C0146,Customer 0146,SMB,SW,web,1,P120,Enterprise Subscription,subscription,1,189.12,189.12,USD
O103131,2026-01-11T08:00:17,2026-01-11,C0165,Customer 0165,Mid-Market,SE,web,1,P120,Enterprise Subscription,subscription,1,195.60,195.60,USD
O103132,2026-01-11T10:43:01,2026-01-11,C0115,Customer 0115,Consumer,MW,web,1,P310,Training Package,service,1,288.80,288.80,USD
O103132,2026-01-11T10:43:01,2026-01-11,C0115,Customer 0115,Consumer,MW,web,2,P300,Implementation Package,service,1,535.18,535.18,USD
O103132,2026-01-11T10:43:01,2026-01-11,C0115,Customer 0115,Consumer,MW,web,3,P120,Enterprise Subscription,subscription,1,198.65,198.65,USD
O103133,2026-01-11T20:43:48,2026-01-11,C0192,Customer 0192,Mid-Market,MW,mobile,1,P110,Professional Subscription,subscription,1,79.08,79.08,USD
O103133,2026-01-11T20:43:48,2026-01-11,C0192,Customer 0192,Mid-Market,MW,mobile,2,P100,Starter Subscription,subscription,1,30.23,30.23,USD
O103133,2026-01-11T20:43:48,2026-01-11,C0192,Customer 0192,Mid-Market,MW,mobile,3,P300,Implementation Package,service,1,522.49,522.49,USD
O103134,2026-01-11T12:37:20,2026-01-11,C0173,Customer 0173,SMB,SE,mobile,1,P300,Implementation Package,service,1,489.69,489.69,USD
O103135,2026-01-11T17:19:04,2026-01-11,C0080,Customer 0080,Mid-Market,W,mobile,1,P120,Enterprise Subscription,subscription,1,188.36,188.36,USD
O103136,2026-01-11T10:09:10,2026-01-11,C0004,Customer 0004,Enterprise,NE,mobile,1,P300,Implementation Package,service,1,502.56,502.56,USD
O103137,2026-01-11T13:29:17,2026-01-11,C0208,Customer 0208,Consumer,NE,mobile,1,P100,Starter Subscription,subscription,1,29.80,29.80,USD
O103137,2026-01-11T13:29:17,2026-01-11,C0208,Customer 0208,Consumer,NE,mobile,2,P120,Enterprise Subscription,subscription,1,196.64,196.64,USD
O103137,2026-01-11T13:29:17,2026-01-11,C0208,Customer 0208,Consumer,NE,mobile,3,P210,Automation Add-on,addon,2,54.69,109.38,USD
O103138,2026-01-11T13:04:20,2026-01-11,C0095,Customer 0095,SMB,SE,web,1,P120,Enterprise Subscription,subscription,1,202.70,202.70,USD
O103138,2026-01-11T13:04:20,2026-01-11,C0095,Customer 0095,SMB,SE,web,2,P210,Automation Add-on,addon,2,58.90,117.80,USD
O103139,2026-01-11T12:24:40,2026-01-11,C0130,Customer 0130,SMB,MW,web,1,P310,Training Package,service,1,320.41,320.41,USD
O103140,2026-01-11T18:41:42,2026-01-11,C0198,Customer 0198,SMB,SW,web,1,P120,Enterprise Subscription,subscription,1,192.01,192.01,USD
O103141,2026-01-11T10:25:01,2026-01-11,C0221,Customer 0221,Consumer,MW,web,1,P110,Professional Subscription,subscription,1,81.61,81.61,USD
O103142,2026-01-11T16:23:02,2026-01-11,C0079,Customer 0079,SMB,SE,web,1,P300,Implementation Package,service,1,483.22,483.22,USD
O103143,2026-01-11T08:32:56,2026-01-11,C0034,Customer 0034,Consumer,SW,mobile,1,P100,Starter Subscription,subscription,1,29.69,29.69,USD
O103144,2026-01-11T10:43:01,2026-01-11,C0160,Customer 0160,Mid-Market,SE,web,1,P210,Automation Add-on,addon,1,55.82,55.82,USD
O103144,2026-01-11T10:43:01,2026-01-11,C0160,Customer 0160,Mid-Market,SE,web,2,P120,Enterprise Subscription,subscription,1,185.79,185.79,USD
O103145,2026-01-12T15:07:34,2026-01-12,C0047,Customer 0047,Consumer,MW,partner,1,P310,Training Package,service,1,275.61,275.61,USD
O103145,2026-01-12T15:07:34,2026-01-12,C0047,Customer 0047,Consumer,MW,partner,2,P100,Starter Subscription,subscription,1,29.07,29.07,USD
O103145,2026-01-12T15:07:34,2026-01-12,C0047,Customer 0047,Consumer,MW,partner,3,P300,Implementation Package,service,1,534.96,534.96,USD
O103146,2026-01-12T14:44:48,2026-01-12,C0040,Customer 0040,SMB,W,mobile,1,P100,Starter Subscription,subscription,1,27.07,27.07,USD
O103147,2026-01-12T13:33:40,2026-01-12,C0075,Customer 0075,Consumer,NE,web,1,P100,Starter Subscription,subscription,1,28.68,28.68,USD
O103147,2026-01-12T13:33:40,2026-01-12,C0075,Customer 0075,Consumer,NE,web,2,P200,Analytics Add-on,addon,1,41.72,41.72,USD
O103148,2026-01-12T09:42:45,2026-01-12,C0046,Customer 0046,Consumer,W,mobile,1,P300,Implementation Package,service,1,478.03,478.03,USD
O103149,2026-01-12T14:59:52,2026-01-12,C0039,Customer 0039,Mid-Market,SW,partner,1,P300,Implementation Package,service,1,518.21,518.21,USD
O103150,2026-01-12T09:14:47,2026-01-12,C0007,Customer 0007,Consumer,W,partner,1,P300,Implementation Package,service,1,490.83,490.83,USD
O103150,2026-01-12T09:14:47,2026-01-12,C0007,Customer 0007,Consumer,W,partner,2,P210,Automation Add-on,addon,1,57.76,57.76,USD
O103151,2026-01-12T19:05:19,2026-01-12,C0043,Customer 0043,Mid-Market,MW,mobile,1,P300,Implementation Package,service,1,463.45,463.45,USD
O103151,2026-01-12T19:05:19,2026-01-12,C0043,Customer 0043,Mid-Market,MW,mobile,2,P210,Automation Add-on,addon,1,59.12,59.12,USD
O103152,2026-01-12T11:03:40,2026-01-12,C0150,Customer 0150,Mid-Market,NE,web,1,P210,Automation Add-on,addon,1,56.14,56.14,USD
O103153,2026-01-12T13:37:58,2026-01-12,C0030,Customer 0030,Consumer,SW,web,1,P120,Enterprise Subscription,subscription,1,194.56,194.56,USD
O103153,2026-01-12T13:37:58,2026-01-12,C0030,Customer 0030,Consumer,SW,web,2,P300,Implementation Package,service,1,483.35,483.35,USD
O103154,2026-01-12T11:36:13,2026-01-12,C0116,Customer 0116,Mid-Market,NE,partner,1,P120,Enterprise Subscription,subscription,1,194.80,194.80,USD
O103155,2026-01-12T09:52:40,2026-01-12,C0045,Customer 0045,Consumer,MW,partner,1,P200,Analytics Add-on,addon,2,39.39,78.78,USD
O103155,2026-01-12T09:52:40,2026-01-12,C0045,Customer 0045,Consumer,MW,partner,2,P300,Implementation Package,service,1,531.01,531.01,USD
O103156,2026-01-12T14:10:20,2026-01-12,C0112,Customer 0112,SMB,NE,web,1,P100,Starter Subscription,subscription,1,29.23,29.23,USD
O103157,2026-01-12T18:53:14,2026-01-12,C0222,Customer 0222,Consumer,NE,partner,1,P300,Implementation Package,service,1,536.28,536.28,USD
O103158,2026-01-12T08:58:03,2026-01-12,C0013,Customer 0013,Consumer,W,web,1,P300,Implementation Package,service,1,507.93,507.93,USD
O103159,2026-01-12T17:52:00,2026-01-12,C0103,Customer 0103,Consumer,NE,web,1,P210,Automation Add-on,addon,1,59.98,59.98,USD
O103159,2026-01-12T17:52:00,2026-01-12,C0103,Customer 0103,Consumer,NE,web,2,P100,Starter Subscription,subscription,1,29.90,29.90,USD
O103160,2026-01-12T17:57:05,2026-01-12,C0127,Customer 0127,SMB,W,partner,1,P210,Automation Add-on,addon,1,60.13,60.13,USD
O103160,2026-01-12T17:57:05,2026-01-12,C0127,Customer 0127,SMB,W,partner,2,P110,Professional Subscription,subscription,1,81.76,81.76,USD
O103160,2026-01-12T17:57:05,2026-01-12,C0127,Customer 0127,SMB,W,partner,3,P300,Implementation Package,service,1,471.80,471.80,USD
O103161,2026-01-12T09:06:57,2026-01-12,C0001,Customer 0001,Consumer,NE,web,1,P200,Analytics Add-on,addon,1,41.40,41.40,USD
O103161,2026-01-12T09:06:57,2026-01-12,C0001,Customer 0001,Consumer,NE,web,2,P100,Starter Subscription,subscription,1,27.32,27.32,USD
O103162,2026-01-12T20:30:22,2026-01-12,C0238,Customer 0238,Mid-Market,MW,web,1,P100,Starter Subscription,subscription,1,27.26,27.26,USD
O103163,2026-01-12T17:09:19,2026-01-12,C0239,Customer 0239,Mid-Market,W,web,1,P210,Automation Add-on,addon,1,54.90,54.90,USD
O103164,2026-01-12T13:49:31,2026-01-12,C0024,Customer 0024,SMB,SW,web,1,P300,Implementation Package,service,1,461.99,461.99,USD
O103165,2026-01-12T16:14:08,2026-01-12,C0185,Customer 0185,SMB,SE,web,1,P100,Starter Subscription,subscription,1,27.91,27.91,USD
O103165,2026-01-12T16:14:08,2026-01-12,C0185,Customer 0185,SMB,SE,web,2,P210,Automation Add-on,addon,1,63.05,63.05,USD
O103165,2026-01-12T16:14:08,2026-01-12,C0185,Customer 0185,SMB,SE,web,3,P120,Enterprise Subscription,subscription,1,208.61,208.61,USD
O103166,2026-01-12T10:40:29,2026-01-12,C0022,Customer 0022,SMB,NE,web,1,P300,Implementation Package,service,1,483.88,483.88,USD
O103166,2026-01-12T10:40:29,2026-01-12,C0022,Customer 0022,SMB,NE,web,2,P310,Training Package,service,1,309.03,309.03,USD
O103167,2026-01-12T15:40:45,2026-01-12,C0141,Customer 0141,SMB,MW,mobile,1,P200,Analytics Add-on,addon,2,39.54,79.08,USD
O103168,2026-01-12T20:03:12,2026-01-12,C0054,Customer 0054,Consumer,NE,web,1,P100,Starter Subscription,subscription,1,28.94,28.94,USD
O103169,2026-01-12T13:55:12,2026-01-12,C0128,Customer 0128,Consumer,SE,mobile,1,P210,Automation Add-on,addon,1,63.70,63.70,USD
O103170,2026-01-13T15:39:27,2026-01-13,C0096,Customer 0096,SMB,W,web,1,P110,Professional Subscription,subscription,1,79.75,79.75,USD
O103171,2026-01-13T10:09:07,2026-01-13,C0186,Customer 0186,Mid-Market,SE,web,1,P300,Implementation Package,service,1,492.53,492.53,USD
O103171,2026-01-13T10:09:07,2026-01-13,C0186,Customer 0186,Mid-Market,SE,web,2,P210,Automation Add-on,addon,2,58.94,117.88,USD
O103172,2026-01-13T20:56:54,2026-01-13,C0012,Customer 0012,SMB,NE,web,1,P100,Starter Subscription,subscription,1,29.55,29.55,USD
O103173,2026-01-13T15:52:26,2026-01-13,C0004,Customer 0004,Enterprise,NE,mobile,1,P110,Professional Subscription,subscription,1,76.26,76.26,USD
O103173,2026-01-13T15:52:26,2026-01-13,C0004,Customer 0004,Enterprise,NE,mobile,2,P200,Analytics Add-on,addon,2,36.00,72.00,USD
O103174,2026-01-13T17:37:30,2026-01-13,C0233,Customer 0233,Mid-Market,SE,mobile,1,P300,Implementation Package,service,1,494.31,494.31,USD
O103175,2026-01-13T12:31:07,2026-01-13,C0208,Customer 0208,Consumer,NE,web,1,P120,Enterprise Subscription,subscription,1,183.20,183.20,USD
O103175,2026-01-13T12:31:07,2026-01-13,C0208,Customer 0208,Consumer,NE,web,2,P110,Professional Subscription,subscription,1,76.06,76.06,USD
O103176,2026-01-13T09:45:41,2026-01-13,C0156,Customer 0156,Enterprise,SW,web,1,P300,Implementation Package,service,1,466.05,466.05,USD
O103177,2026-01-13T12:39:52,2026-01-13,C0001,Customer 0001,Consumer,NE,web,1,P310,Training Package,service,1,320.76,320.76,USD
O103178,2026-01-13T20:34:52,2026-01-13,C0223,Customer 0223,Consumer,MW,web,1,P110,Professional Subscription,subscription,1,75.84,75.84,USD
O103178,2026-01-13T20:34:52,2026-01-13,C0223,Customer 0223,Consumer,MW,web,2,P200,Analytics Add-on,addon,2,40.12,80.24,USD
O103178,2026-01-13T20:34:52,2026-01-13,C0223,Customer 0223,Consumer,MW,web,3,P120,Enterprise Subscription,subscription,1,212.41,212.41,USD
O103179,2026-01-13T15:23:50,2026-01-13,C0055,Customer 0055,Mid-Market,NE,mobile,1,P310,Training Package,service,1,302.01,302.01,USD
O103179,2026-01-13T15:23:50,2026-01-13,C0055,Customer 0055,Mid-Market,NE,mobile,2,P300,Implementation Package,service,1,463.46,463.46,USD
O103179,2026-01-13T15:23:50,2026-01-13,C0055,Customer 0055,Mid-Market,NE,mobile,3,P120,Enterprise Subscription,subscription,1,202.35,202.35,USD
O103180,2026-01-13T11:31:12,2026-01-13,C0025,Customer 0025,SMB,W,mobile,1,P310,Training Package,service,1,293.37,293.37,USD
O103180,2026-01-13T11:31:12,2026-01-13,C0025,Customer 0025,SMB,W,mobile,2,P300,Implementation Package,service,1,536.40,536.40,USD
O103181,2026-01-13T12:36:40,2026-01-13,C0025,Customer 0025,SMB,W,mobile,1,P120,Enterprise Subscription,subscription,1,184.99,184.99,USD
O103182,2026-01-13T16:08:54,2026-01-13,C0137,Customer 0137,Mid-Market,NE,web,1,P200,Analytics Add-on,addon,1,37.03,37.03,USD
O103183,2026-01-13T19:12:01,2026-01-13,C0124,Customer 0124,SMB,SE,mobile,1,P120,Enterprise Subscription,subscription,1,203.52,203.52,USD
O103184,2026-01-13T12:50:52,2026-01-13,C0087,Customer 0087,Mid-Market,W,mobile,1,P300,Implementation Package,service,1,474.00,474.00,USD
O103185,2026-01-13T13:08:36,2026-01-13,C0222,Customer 0222,Consumer,NE,mobile,1,P310,Training Package,service,1,294.04,294.04,USD
O103186,2026-01-13T12:27:13,2026-01-13,C0036,Customer 0036,Mid-Market,NE,web,1,P120,Enterprise Subscription,subscription,1,200.22,200.22,USD
O103186,2026-01-13T12:27:13,2026-01-13,C0036,Customer 0036,Mid-Market,NE,web,2,P310,Training Package,service,1,309.94,309.94,USD
O103187,2026-01-13T13:19:43,2026-01-13,C0010,Customer 0010,Consumer,MW,web,1,P210,Automation Add-on,addon,1,55.39,55.39,USD
O103187,2026-01-13T13:19:43,2026-01-13,C0010,Customer 0010,Consumer,MW,web,2,P310,Training Package,service,1,310.97,310.97,USD
O103188,2026-01-13T14:36:21,2026-01-13,C0216,Customer 0216,Consumer,SE,web,1,P300,Implementation Package,service,1,464.93,464.93,USD
O103189,2026-01-13T20:34:53,2026-01-13,C0199,Customer 0199,Consumer,W,web,1,P100,Starter Subscription,subscription,1,29.46,29.46,USD
O103190,2026-01-13T10:24:38,2026-01-13,C0045,Customer 0045,Consumer,MW,web,1,P110,Professional Subscription,subscription,1,72.74,72.74,USD
O103190,2026-01-13T10:24:38,2026-01-13,C0045,Customer 0045,Consumer,MW,web,2,P300,Implementation Package,service,1,480.77,480.77,USD
O103191,2026-01-13T09:44:30,2026-01-13,C0088,Customer 0088,Consumer,SE,web,1,P210,Automation Add-on,addon,2,58.80,117.60,USD
O103192,2026-01-13T18:44:17,2026-01-13,C0180,Customer 0180,SMB,SE,web,1,P200,Analytics Add-on,addon,2,39.88,79.76,USD
O103192,2026-01-13T18:44:17,2026-01-13,C0180,Customer 0180,SMB,SE,web,2,P300,Implementation Package,service,1,492.77,492.77,USD
O103193,2026-01-13T09:34:06,2026-01-13,C0197,Customer 0197,Mid-Market,SW,mobile,1,P110,Professional Subscription,subscription,1,84.89,84.89,USD
O103194,2026-01-13T10:07:40,2026-01-13,C0135,Customer 0135,Mid-Market,SE,partner,1,P100,Starter Subscription,subscription,1,30.68,30.68,USD
O103195,2026-01-13T17:29:44,2026-01-13,C0028,Customer 0028,SMB,SE,web,1,P110,Professional Subscription,subscription,1,77.67,77.67,USD
O103196,2026-01-13T09:47:18,2026-01-13,C0055,Customer 0055,Mid-Market,NE,web,1,P100,Starter Subscription,subscription,1,29.99,29.99,USD
O103197,2026-01-13T14:42:25,2026-01-13,C0213,Customer 0213,Consumer,W,web,1,P120,Enterprise Subscription,subscription,1,196.78,196.78,USD
O103198,2026-01-13T13:26:09,2026-01-13,C0016,Customer 0016,Enterprise,W,mobile,1,P200,Analytics Add-on,addon,1,41.22,41.22,USD
O103198,2026-01-13T13:26:09,2026-01-13,C0016,Customer 0016,Enterprise,W,mobile,2,P110,Professional Subscription,subscription,1,75.26,75.26,USD
O103199,2026-01-13T12:38:24,2026-01-13,C0002,Customer 0002,SMB,SE,mobile,1,P310,Training Package,service,1,304.94,304.94,USD
O103199,2026-01-13T12:38:24,2026-01-13,C0002,Customer 0002,SMB,SE,mobile,2,P100,Starter Subscription,subscription,1,27.55,27.55,USD
O103200,2026-01-13T20:45:51,2026-01-13,C0204,Customer 0204,SMB,MW,partner,1,P300,Implementation Package,service,1,501.35,501.35,USD
O103201,2026-01-14T14:19:05,2026-01-14,C0108,Customer 0108,SMB,W,web,1,P210,Automation Add-on,addon,1,60.75,60.75,USD
O103202,2026-01-14T13:10:07,2026-01-14,C0190,Customer 0190,Consumer,W,web,1,P100,Starter Subscription,subscription,1,27.05,27.05,USD
O103202,2026-01-14T13:10:07,2026-01-14,C0190,Customer 0190,Consumer,W,web,2,P300,Implementation Package,service,1,536.72,536.72,USD
O103203,2026-01-14T14:20:07,2026-01-14,C0055,Customer 0055,Mid-Market,NE,mobile,1,P300,Implementation Package,service,1,481.21,481.21,USD
O103204,2026-01-14T17:06:11,2026-01-14,C0068,Customer 0068,SMB,SE,web,1,P120,Enterprise Subscription,subscription,1,211.37,211.37,USD
O103205,2026-01-14T20:10:40,2026-01-14,C0201,Customer 0201,Consumer,NE,partner,1,P120,Enterprise Subscription,subscription,1,185.89,185.89,USD
O103206,2026-01-14T08:34:47,2026-01-14,C0042,Customer 0042,Consumer,MW,web,1,P100,Starter Subscription,subscription,1,29.57,29.57,USD
O103207,2026-01-14T15:40:16,2026-01-14,C0021,Customer 0021,Mid-Market,SE,mobile,1,P300,Implementation Package,service,1,496.65,496.65,USD
O103207,2026-01-14T15:40:16,2026-01-14,C0021,Customer 0021,Mid-Market,SE,mobile,2,P210,Automation Add-on,addon,1,55.34,55.34,USD
O103208,2026-01-14T15:15:32,2026-01-14,C0078,Customer 0078,Mid-Market,SW,web,1,P200,Analytics Add-on,addon,2,37.66,75.32,USD
O103209,2026-01-14T18:23:20,2026-01-14,C0206,Customer 0206,Consumer,SW,web,1,P210,Automation Add-on,addon,1,56.18,56.18,USD
O103209,2026-01-14T18:23:20,2026-01-14,C0206,Customer 0206,Consumer,SW,web,2,P110,Professional Subscription,subscription,1,85.18,85.18,USD
O103210,2026-01-14T08:31:47,2026-01-14,C0158,Customer 0158,SMB,W,web,1,P100,Starter Subscription,subscription,1,28.33,28.33,USD
O103211,2026-01-14T09:49:34,2026-01-14,C0214,Customer 0214,Mid-Market,MW,partner,1,P300,Implementation Package,service,1,522.23,522.23,USD
O103212,2026-01-14T13:58:50,2026-01-14,C0205,Customer 0205,Consumer,SW,web,1,P100,Starter Subscription,subscription,1,28.68,28.68,USD
O103213,2026-01-14T10:46:22,2026-01-14,C0189,Customer 0189,SMB,SW,mobile,1,P300,Implementation Package,service,1,505.90,505.90,USD
O103214,2026-01-14T18:49:30,2026-01-14,C0011,Customer 0011,SMB,MW,web,1,P200,Analytics Add-on,addon,1,37.68,37.68,USD
O103214,2026-01-14T18:49:30,2026-01-14,C0011,Customer 0011,SMB,MW,web,2,P300,Implementation Package,service,1,475.38,475.38,USD
O103215,2026-01-14T20:59:35,2026-01-14,C0147,Customer 0147,Enterprise,W,web,1,P120,Enterprise Subscription,subscription,1,191.69,191.69,USD
O103216,2026-01-14T20:24:38,2026-01-14,C0094,Customer 0094,Consumer,NE,web,1,P210,Automation Add-on,addon,1,58.56,58.56,USD
O103217,2026-01-14T09:06:54,2026-01-14,C0190,Customer 0190,Consumer,W,mobile,1,P310,Training Package,service,1,289.40,289.40,USD
O103217,2026-01-14T09:06:54,2026-01-14,C0190,Customer 0190,Consumer,W,mobile,2,P110,Professional Subscription,subscription,1,82.70,82.70,USD
O103218,2026-01-14T17:04:53,2026-01-14,C0214,Customer 0214,Mid-Market,MW,web,1,P210,Automation Add-on,addon,1,60.40,60.40,USD
O103219,2026-01-14T15:22:28,2026-01-14,C0047,Customer 0047,Consumer,MW,web,1,P200,Analytics Add-on,addon,2,40.62,81.24,USD
O103220,2026-01-14T15:10:55,2026-01-14,C0052,Customer 0052,SMB,MW,web,1,P100,Starter Subscription,subscription,1,30.41,30.41,USD
O103221,2026-01-14T16:08:14,2026-01-14,C0220,Customer 0220,Enterprise,SE,mobile,1,P110,Professional Subscription,subscription,1,75.92,75.92,USD
O103222,2026-01-14T20:09:18,2026-01-14,C0058,Customer 0058,SMB,W,partner,1,P120,Enterprise Subscription,subscription,1,211.19,211.19,USD
O103222,2026-01-14T20:09:18,2026-01-14,C0058,Customer 0058,SMB,W,partner,2,P310,Training Package,service,1,288.39,288.39,USD
O103223,2026-01-14T12:19:39,2026-01-14,C0218,Customer 0218,Enterprise,SW,web,1,P300,Implementation Package,service,1,515.19,515.19,USD
O103223,2026-01-14T12:19:39,2026-01-14,C0218,Customer 0218,Enterprise,SW,web,2,P210,Automation Add-on,addon,1,56.14,56.14,USD
O103223,2026-01-14T12:19:39,2026-01-14,C0218,Customer 0218,Enterprise,SW,web,3,P310,Training Package,service,1,321.57,321.57,USD
O103224,2026-01-14T15:33:28,2026-01-14,C0011,Customer 0011,SMB,MW,web,1,P100,Starter Subscription,subscription,1,27.72,27.72,USD
O103225,2026-01-14T11:29:02,2026-01-14,C0165,Customer 0165,Mid-Market,SE,partner,1,P210,Automation Add-on,addon,1,58.54,58.54,USD
O103226,2026-01-14T20:24:28,2026-01-14,C0008,Customer 0008,SMB,W,mobile,1,P110,Professional Subscription,subscription,1,82.15,82.15,USD
O103227,2026-01-14T14:19:47,2026-01-14,C0186,Customer 0186,Mid-Market,SE,web,1,P110,Professional Subscription,subscription,1,76.19,76.19,USD
O103228,2026-01-14T09:04:01,2026-01-14,C0119,Customer 0119,Consumer,SE,partner,1,P300,Implementation Package,service,1,478.44,478.44,USD
O103228,2026-01-14T09:04:01,2026-01-14,C0119,Customer 0119,Consumer,SE,partner,2,P210,Automation Add-on,addon,1,60.44,60.44,USD
O103229,2026-01-14T19:05:57,2026-01-14,C0170,Customer 0170,Mid-Market,SE,web,1,P120,Enterprise Subscription,subscription,1,203.93,203.93,USD
O103229,2026-01-14T19:05:57,2026-01-14,C0170,Customer 0170,Mid-Market,SE,web,2,P210,Automation Add-on,addon,1,60.14,60.14,USD
O103230,2026-01-14T20:50:28,2026-01-14,C0157,Customer 0157,Consumer,MW,mobile,1,P210,Automation Add-on,addon,1,60.92,60.92,USD
O103230,2026-01-14T20:50:28,2026-01-14,C0157,Customer 0157,Consumer,MW,mobile,2,P300,Implementation Package,service,1,529.93,529.93,USD
O103230,2026-01-14T20:50:28,2026-01-14,C0157,Customer 0157,Consumer,MW,mobile,3,P110,Professional Subscription,subscription,1,83.69,83.69,USD
O103231,2026-01-14T17:13:36,2026-01-14,C0038,Customer 0038,Mid-Market,NE,mobile,1,P100,Starter Subscription,subscription,1,29.99,29.99,USD
O103231,2026-01-14T17:13:36,2026-01-14,C0038,Customer 0038,Mid-Market,NE,mobile,2,P310,Training Package,service,1,310.01,310.01,USD
O103231,2026-01-14T17:13:36,2026-01-14,C0038,Customer 0038,Mid-Market,NE,mobile,3,P210,Automation Add-on,addon,2,63.42,126.84,USD
O103232,2026-01-14T16:18:09,2026-01-14,C0052,Customer 0052,SMB,MW,web,1,P110,Professional Subscription,subscription,1,77.70,77.70,USD
O103233,2026-01-14T17:21:37,2026-01-14,C0204,Customer 0204,SMB,MW,mobile,1,P310,Training Package,service,1,310.91,310.91,USD
O103233,2026-01-14T17:21:37,2026-01-14,C0204,Customer 0204,SMB,MW,mobile,2,P200,Analytics Add-on,addon,1,41.56,41.56,USD
O103234,2026-01-15T08:48:20,2026-01-15,C0011,Customer 0011,SMB,MW,web,1,P210,Automation Add-on,addon,1,57.74,57.74,USD
O103235,2026-01-15T17:21:44,2026-01-15,C0147,Customer 0147,Enterprise,W,partner,1,P300,Implementation Package,service,1,472.12,472.12,USD
O103236,2026-01-15T11:57:12,2026-01-15,C0002,Customer 0002,SMB,SE,web,1,P120,Enterprise Subscription,subscription,1,190.89,190.89,USD
O103237,2026-01-15T08:17:48,2026-01-15,C0185,Customer 0185,SMB,SE,web,1,P310,Training Package,service,1,291.82,291.82,USD
O103238,2026-01-15T08:41:46,2026-01-15,C0038,Customer 0038,Mid-Market,NE,mobile,1,P110,Professional Subscription,subscription,1,85.22,85.22,USD
O103239,2026-01-15T15:16:42,2026-01-15,C0101,Customer 0101,SMB,SE,web,1,P120,Enterprise Subscription,subscription,1,195.27,195.27,USD
O103239,2026-01-15T15:16:42,2026-01-15,C0101,Customer 0101,SMB,SE,web,2,P110,Professional Subscription,subscription,1,81.07,81.07,USD
O103239,2026-01-15T15:16:42,2026-01-15,C0101,Customer 0101,SMB,SE,web,3,P100,Starter Subscription,subscription,1,30.31,30.31,USD
O103240,2026-01-15T14:35:43,2026-01-15,C0206,Customer 0206,Consumer,SW,partner,1,P210,Automation Add-on,addon,1,58.15,58.15,USD
O103241,2026-01-15T13:25:28,2026-01-15,C0156,Customer 0156,Enterprise,SW,web,1,P210,Automation Add-on,addon,1,60.38,60.38,USD
O103241,2026-01-15T13:25:28,2026-01-15,C0156,Customer 0156,Enterprise,SW,web,2,P120,Enterprise Subscription,subscription,1,192.46,192.46,USD
O103241,2026-01-15T13:25:28,2026-01-15,C0156,Customer 0156,Enterprise,SW,web,3,P300,Implementation Package,service,1,517.69,517.69,USD
O103242,2026-01-15T17:06:27,2026-01-15,C0070,Customer 0070,SMB,W,mobile,1,P120,Enterprise Subscription,subscription,1,197.01,197.01,USD
O103243,2026-01-15T08:36:58,2026-01-15,C0141,Customer 0141,SMB,MW,web,1,P200,Analytics Add-on,addon,1,38.49,38.49,USD
O103243,2026-01-15T08:36:58,2026-01-15,C0141,Customer 0141,SMB,MW,web,2,P310,Training Package,service,1,296.95,296.95,USD
O103244,2026-01-15T08:04:52,2026-01-15,C0081,Customer 0081,SMB,W,mobile,1,P120,Enterprise Subscription,subscription,1,210.08,210.08,USD
O103245,2026-01-15T18:34:03,2026-01-15,C0082,Customer 0082,Consumer,SE,mobile,1,P100,Starter Subscription,subscription,1,28.53,28.53,USD
O103245,2026-01-15T18:34:03,2026-01-15,C0082,Customer 0082,Consumer,SE,mobile,2,P310,Training Package,service,1,302.27,302.27,USD
O103246,2026-01-15T09:59:55,2026-01-15,C0137,Customer 0137,Mid-Market,NE,web,1,P210,Automation Add-on,addon,1,60.91,60.91,USD
O103247,2026-01-15T16:32:08,2026-01-15,C0133,Customer 0133,Consumer,SW,partner,1,P310,Training Package,service,1,308.65,308.65,USD
O103248,2026-01-15T13:02:49,2026-01-15,C0145,Customer 0145,Mid-Market,W,partner,1,P200,Analytics Add-on,addon,1,41.31,41.31,USD
O103249,2026-01-15T11:12:54,2026-01-15,C0045,Customer 0045,Consumer,MW,partner,1,P110,Professional Subscription,subscription,1,79.66,79.66,USD
O103250,2026-01-15T17:09:31,2026-01-15,C0059,Customer 0059,Consumer,W,web,1,P310,Training Package,service,1,313.95,313.95,USD
O103251,2026-01-15T14:55:16,2026-01-15,C0214,Customer 0214,Mid-Market,MW,web,1,P210,Automation Add-on,addon,1,61.54,61.54,USD
O103251,2026-01-15T14:55:16,2026-01-15,C0214,Customer 0214,Mid-Market,MW,web,2,P200,Analytics Add-on,addon,1,40.14,40.14,USD
O103252,2026-01-15T11:34:51,2026-01-15,C0240,Customer 0240,Consumer,W,web,1,P120,Enterprise Subscription,subscription,1,198.36,198.36,USD
O103253,2026-01-15T13:28:14,2026-01-15,C0175,Customer 0175,Enterprise,W,web,1,P120,Enterprise Subscription,subscription,1,208.24,208.24,USD
O103253,2026-01-15T13:28:14,2026-01-15,C0175,Customer 0175,Enterprise,W,web,2,P200,Analytics Add-on,addon,1,36.71,36.71,USD
O103254,2026-01-15T17:53:59,2026-01-15,C0087,Customer 0087,Mid-Market,W,mobile,1,P310,Training Package,service,1,313.31,313.31,USD
O103255,2026-01-15T16:41:10,2026-01-15,C0160,Customer 0160,Mid-Market,SE,web,1,P300,Implementation Package,service,1,465.79,465.79,USD
O103255,2026-01-15T16:41:10,2026-01-15,C0160,Customer 0160,Mid-Market,SE,web,2,P120,Enterprise Subscription,subscription,1,213.44,213.44,USD
O103256,2026-01-15T18:06:04,2026-01-15,C0009,Customer 0009,Consumer,NE,mobile,1,P300,Implementation Package,service,1,529.26,529.26,USD
O103256,2026-01-15T18:06:04,2026-01-15,C0009,Customer 0009,Consumer,NE,mobile,2,P310,Training Package,service,1,314.74,314.74,USD
O103257,2026-01-15T15:00:47,2026-01-15,C0174,Customer 0174,Mid-Market,SW,mobile,1,P300,Implementation Package,service,1,535.52,535.52,USD
O103257,2026-01-15T15:00:47,2026-01-15,C0174,Customer 0174,Mid-Market,SW,mobile,2,P100,Starter Subscription,subscription,1,29.52,29.52,USD
O103258,2026-01-15T18:03:28,2026-01-15,C0125,Customer 0125,Mid-Market,NE,web,1,P210,Automation Add-on,addon,2,61.83,123.66,USD
O103259,2026-01-15T15:05:25,2026-01-15,C0078,Customer 0078,Mid-Market,SW,web,1,P100,Starter Subscription,subscription,1,28.16,28.16,USD
O103260,2026-01-15T15:00:38,2026-01-15,C0047,Customer 0047,Consumer,MW,partner,1,P100,Starter Subscription,subscription,1,27.44,27.44,USD
O103261,2026-01-15T11:09:14,2026-01-15,C0137,Customer 0137,Mid-Market,NE,web,1,P110,Professional Subscription,subscription,1,83.33,83.33,USD
O103262,2026-01-15T09:24:03,2026-01-15,C0144,Customer 0144,Consumer,W,web,1,P200,Analytics Add-on,addon,1,41.24,41.24,USD
O103263,2026-01-15T17:38:37,2026-01-15,C0085,Customer 0085,Mid-Market,SW,web,1,P200,Analytics Add-on,addon,2,40.79,81.58,USD
O103264,2026-01-15T11:56:13,2026-01-15,C0044,Customer 0044,SMB,NE,mobile,1,P210,Automation Add-on,addon,2,63.59,127.18,USD
O103265,2026-01-15T15:56:36,2026-01-15,C0233,Customer 0233,Mid-Market,SE,mobile,1,P110,Professional Subscription,subscription,1,73.47,73.47,USD
O103265,2026-01-15T15:56:36,2026-01-15,C0233,Customer 0233,Mid-Market,SE,mobile,2,P310,Training Package,service,1,305.22,305.22,USD
O103266,2026-01-15T17:23:05,2026-01-15,C0170,Customer 0170,Mid-Market,SE,mobile,1,P100,Starter Subscription,subscription,1,30.99,30.99,USD
O103266,2026-01-15T17:23:05,2026-01-15,C0170,Customer 0170,Mid-Market,SE,mobile,2,P300,Implementation Package,service,1,472.54,472.54,USD
O103267,2026-01-16T14:57:19,2026-01-16,C0082,Customer 0082,Consumer,SE,web,1,P200,Analytics Add-on,addon,1,37.05,37.05,USD
O103267,2026-01-16T14:57:19,2026-01-16,C0082,Customer 0082,Consumer,SE,web,2,P100,Starter Subscription,subscription,1,28.41,28.41,USD
O103267,2026-01-16T14:57:19,2026-01-16,C0082,Customer 0082,Consumer,SE,web,3,P300,Implementation Package,service,1,497.41,497.41,USD
O103268,2026-01-16T13:54:02,2026-01-16,C0155,Customer 0155,Consumer,SE,web,1,P200,Analytics Add-on,addon,1,38.15,38.15,USD
O103269,2026-01-16T17:38:05,2026-01-16,C0177,Customer 0177,Consumer,W,mobile,1,P110,Professional Subscription,subscription,1,77.00,77.00,USD
O103270,2026-01-16T08:26:43,2026-01-16,C0145,Customer 0145,Mid-Market,W,mobile,1,P300,Implementation Package,service,1,474.63,474.63,USD
O103270,2026-01-16T08:26:43,2026-01-16,C0145,Customer 0145,Mid-Market,W,mobile,2,P100,Starter Subscription,subscription,1,27.52,27.52,USD
O103271,2026-01-16T14:45:07,2026-01-16,C0073,Customer 0073,Mid-Market,SW,web,1,P110,Professional Subscription,subscription,1,75.28,75.28,USD
O103272,2026-01-16T20:17:24,2026-01-16,C0148,Customer 0148,Consumer,SE,web,1,P100,Starter Subscription,subscription,1,31.06,31.06,USD
O103272,2026-01-16T20:17:24,2026-01-16,C0148,Customer 0148,Consumer,SE,web,2,P210,Automation Add-on,addon,1,57.28,57.28,USD
O103272,2026-01-16T20:17:24,2026-01-16,C0148,Customer 0148,Consumer,SE,web,3,P200,Analytics Add-on,addon,2,40.02,80.04,USD
O103273,2026-01-16T18:29:13,2026-01-16,C0045,Customer 0045,Consumer,MW,mobile,1,P110,Professional Subscription,subscription,1,80.97,80.97,USD
O103274,2026-01-16T12:26:20,2026-01-16,C0078,Customer 0078,Mid-Market,SW,mobile,1,P200,Analytics Add-on,addon,1,40.23,40.23,USD
O103274,2026-01-16T12:26:20,2026-01-16,C0078,Customer 0078,Mid-Market,SW,mobile,2,P100,Starter Subscription,subscription,1,30.27,30.27,USD
O103275,2026-01-16T18:43:17,2026-01-16,C0057,Customer 0057,Mid-Market,W,mobile,1,P310,Training Package,service,1,275.65,275.65,USD
O103275,2026-01-16T18:43:17,2026-01-16,C0057,Customer 0057,Mid-Market,W,mobile,2,P120,Enterprise Subscription,subscription,1,184.38,184.38,USD
O103276,2026-01-16T12:12:44,2026-01-16,C0206,Customer 0206,Consumer,SW,partner,1,P110,Professional Subscription,subscription,1,78.64,78.64,USD
O103276,2026-01-16T12:12:44,2026-01-16,C0206,Customer 0206,Consumer,SW,partner,2,P300,Implementation Package,service,1,529.67,529.67,USD
O103276,2026-01-16T12:12:44,2026-01-16,C0206,Customer 0206,Consumer,SW,partner,3,P100,Starter Subscription,subscription,1,29.01,29.01,USD
O103277,2026-01-16T15:40:10,2026-01-16,C0149,Customer 0149,Mid-Market,MW,web,1,P200,Analytics Add-on,addon,1,38.65,38.65,USD
O103278,2026-01-16T20:14:55,2026-01-16,C0041,Customer 0041,Consumer,NE,mobile,1,P310,Training Package,service,1,299.82,299.82,USD
O103278,2026-01-16T20:14:55,2026-01-16,C0041,Customer 0041,Consumer,NE,mobile,2,P300,Implementation Package,service,1,504.02,504.02,USD
O103278,2026-01-16T20:14:55,2026-01-16,C0041,Customer 0041,Consumer,NE,mobile,3,P120,Enterprise Subscription,subscription,1,199.50,199.50,USD
O103279,2026-01-16T13:13:24,2026-01-16,C0160,Customer 0160,Mid-Market,SE,web,1,P200,Analytics Add-on,addon,1,37.05,37.05,USD
O103279,2026-01-16T13:13:24,2026-01-16,C0160,Customer 0160,Mid-Market,SE,web,2,P110,Professional Subscription,subscription,1,82.71,82.71,USD
O103280,2026-01-16T14:38:01,2026-01-16,C0219,Customer 0219,Consumer,SE,mobile,1,P200,Analytics Add-on,addon,1,41.94,41.94,USD
O103281,2026-01-16T14:21:09,2026-01-16,C0229,Customer 0229,SMB,SE,web,1,P210,Automation Add-on,addon,2,57.87,115.74,USD
O103282,2026-01-16T11:56:01,2026-01-16,C0162,Customer 0162,SMB,W,mobile,1,P300,Implementation Package,service,1,488.24,488.24,USD
O103283,2026-01-16T20:48:56,2026-01-16,C0054,Customer 0054,Consumer,NE,web,1,P310,Training Package,service,1,295.15,295.15,USD
O103284,2026-01-16T17:39:59,2026-01-16,C0031,Customer 0031,Mid-Market,MW,partner,1,P110,Professional Subscription,subscription,1,83.86,83.86,USD
O103285,2026-01-16T17:48:42,2026-01-16,C0097,Customer 0097,Enterprise,NE,mobile,1,P100,Starter Subscription,subscription,1,29.88,29.88,USD
O103285,2026-01-16T17:48:42,2026-01-16,C0097,Customer 0097,Enterprise,NE,mobile,2,P210,Automation Add-on,addon,2,61.44,122.88,USD
O103285,2026-01-16T17:48:42,2026-01-16,C0097,Customer 0097,Enterprise,NE,mobile,3,P310,Training Package,service,1,309.20,309.20,USD
O103286,2026-01-16T16:37:51,2026-01-16,C0121,Customer 0121,SMB,NE,web,1,P310,Training Package,service,1,299.68,299.68,USD
O103287,2026-01-16T15:12:54,2026-01-16,C0181,Customer 0181,SMB,W,web,1,P310,Training Package,service,1,299.68,299.68,USD
O103287,2026-01-16T15:12:54,2026-01-16,C0181,Customer 0181,SMB,W,web,2,P200,Analytics Add-on,addon,1,40.31,40.31,USD
O103288,2026-01-16T15:34:41,2026-01-16,C0173,Customer 0173,SMB,SE,partner,1,P100,Starter Subscription,subscription,1,31.31,31.31,USD
O103288,2026-01-16T15:34:41,2026-01-16,C0173,Customer 0173,SMB,SE,partner,2,P120,Enterprise Subscription,subscription,1,195.40,195.40,USD
O103289,2026-01-16T18:41:10,2026-01-16,C0220,Customer 0220,Enterprise,SE,web,1,P200,Analytics Add-on,addon,1,36.56,36.56,USD
O103290,2026-01-16T16:26:48,2026-01-16,C0125,Customer 0125,Mid-Market,NE,web,1,P200,Analytics Add-on,addon,2,39.29,78.58,USD
O103291,2026-01-16T13:38:59,2026-01-16,C0023,Customer 0023,Consumer,W,web,1,P200,Analytics Add-on,addon,1,40.50,40.50,USD
O103291,2026-01-16T13:38:59,2026-01-16,C0023,Customer 0023,Consumer,W,web,2,P300,Implementation Package,service,1,470.28,470.28,USD
O103292,2026-01-16T16:36:04,2026-01-16,C0179,Customer 0179,Consumer,SW,web,1,P210,Automation Add-on,addon,2,62.28,124.56,USD
O103293,2026-01-16T17:40:37,2026-01-16,C0182,Customer 0182,Consumer,MW,web,1,P210,Automation Add-on,addon,1,59.11,59.11,USD
O103294,2026-01-16T20:12:40,2026-01-16,C0020,Customer 0020,SMB,MW,partner,1,P120,Enterprise Subscription,subscription,1,187.56,187.56,USD
O103295,2026-01-16T16:14:36,2026-01-16,C0068,Customer 0068,SMB,SE,mobile,1,P200,Analytics Add-on,addon,1,37.22,37.22,USD
O103295,2026-01-16T16:14:36,2026-01-16,C0068,Customer 0068,SMB,SE,mobile,2,P120,Enterprise Subscription,subscription,1,190.49,190.49,USD
O103296,2026-01-16T09:05:10,2026-01-16,C0057,Customer 0057,Mid-Market,W,mobile,1,P210,Automation Add-on,addon,1,60.38,60.38,USD
O103297,2026-01-16T08:52:27,2026-01-16,C0058,Customer 0058,SMB,W,web,1,P300,Implementation Package,service,1,475.34,475.34,USD
O103298,2026-01-17T18:06:26,2026-01-17,C0172,Customer 0172,SMB,W,web,1,P210,Automation Add-on,addon,1,62.15,62.15,USD
O103299,2026-01-17T13:54:57,2026-01-17,C0028,Customer 0028,SMB,SE,mobile,1,P110,Professional Subscription,subscription,1,83.45,83.45,USD
O103300,2026-01-17T11:05:14,2026-01-17,C0120,Customer 0120,Mid-Market,SW,web,1,P110,Professional Subscription,subscription,1,85.23,85.23,USD
O103300,2026-01-17T11:05:14,2026-01-17,C0120,Customer 0120,Mid-Market,SW,web,2,P300,Implementation Package,service,1,538.68,538.68,USD
O103301,2026-01-17T18:29:10,2026-01-17,C0200,Customer 0200,Consumer,W,web,1,P110,Professional Subscription,subscription,1,81.95,81.95,USD
O103301,2026-01-17T18:29:10,2026-01-17,C0200,Customer 0200,Consumer,W,web,2,P210,Automation Add-on,addon,2,60.99,121.98,USD
O103302,2026-01-17T18:10:37,2026-01-17,C0021,Customer 0021,Mid-Market,SE,web,1,P300,Implementation Package,service,1,512.98,512.98,USD
O103303,2026-01-17T19:33:51,2026-01-17,C0048,Customer 0048,Enterprise,SE,web,1,P120,Enterprise Subscription,subscription,1,187.33,187.33,USD
O103304,2026-01-17T18:31:35,2026-01-17,C0201,Customer 0201,Consumer,NE,mobile,1,P200,Analytics Add-on,addon,2,37.13,74.26,USD
O103305,2026-01-17T12:55:50,2026-01-17,C0182,Customer 0182,Consumer,MW,web,1,P200,Analytics Add-on,addon,1,38.12,38.12,USD
O103306,2026-01-17T10:28:59,2026-01-17,C0090,Customer 0090,Consumer,NE,web,1,P300,Implementation Package,service,1,481.12,481.12,USD
O103306,2026-01-17T10:28:59,2026-01-17,C0090,Customer 0090,Consumer,NE,web,2,P200,Analytics Add-on,addon,2,36.59,73.18,USD
O103307,2026-01-17T10:22:34,2026-01-17,C0176,Customer 0176,Mid-Market,SW,web,1,P200,Analytics Add-on,addon,1,36.48,36.48,USD
O103308,2026-01-17T20:08:13,2026-01-17,C0030,Customer 0030,Consumer,SW,mobile,1,P210,Automation Add-on,addon,1,56.78,56.78,USD
O103308,2026-01-17T20:08:13,2026-01-17,C0030,Customer 0030,Consumer,SW,mobile,2,P110,Professional Subscription,subscription,1,83.23,83.23,USD
O103308,2026-01-17T20:08:13,2026-01-17,C0030,Customer 0030,Consumer,SW,mobile,3,P310,Training Package,service,1,277.36,277.36,USD
O103309,2026-01-17T19:33:47,2026-01-17,C0048,Customer 0048,Enterprise,SE,mobile,1,P110,Professional Subscription,subscription,1,83.16,83.16,USD
O103310,2026-01-17T09:39:48,2026-01-17,C0020,Customer 0020,SMB,MW,web,1,P310,Training Package,service,1,315.73,315.73,USD
O103311,2026-01-17T15:07:10,2026-01-17,C0110,Customer 0110,Consumer,W,web,1,P100,Starter Subscription,subscription,1,28.70,28.70,USD
O103311,2026-01-17T15:07:10,2026-01-17,C0110,Customer 0110,Consumer,W,web,2,P310,Training Package,service,1,321.59,321.59,USD
O103312,2026-01-17T16:39:18,2026-01-17,C0096,Customer 0096,SMB,W,web,1,P210,Automation Add-on,addon,1,60.80,60.80,USD
O103312,2026-01-17T16:39:18,2026-01-17,C0096,Customer 0096,SMB,W,web,2,P300,Implementation Package,service,1,491.96,491.96,USD
O103312,2026-01-17T16:39:18,2026-01-17,C0096,Customer 0096,SMB,W,web,3,P200,Analytics Add-on,addon,1,36.66,36.66,USD
O103313,2026-01-17T13:44:51,2026-01-17,C0054,Customer 0054,Consumer,NE,web,1,P200,Analytics Add-on,addon,2,40.38,80.76,USD
O103314,2026-01-17T16:25:46,2026-01-17,C0054,Customer 0054,Consumer,NE,web,1,P210,Automation Add-on,addon,1,55.00,55.00,USD
O103315,2026-01-17T16:01:09,2026-01-17,C0174,Customer 0174,Mid-Market,SW,web,1,P200,Analytics Add-on,addon,2,36.42,72.84,USD
O103316,2026-01-17T12:40:41,2026-01-17,C0072,Customer 0072,SMB,NE,mobile,1,P310,Training Package,service,1,289.62,289.62,USD
O103317,2026-01-17T20:47:07,2026-01-17,C0206,Customer 0206,Consumer,SW,web,1,P310,Training Package,service,1,301.20,301.20,USD
O103317,2026-01-17T20:47:07,2026-01-17,C0206,Customer 0206,Consumer,SW,web,2,P100,Starter Subscription,subscription,1,27.25,27.25,USD
O103317,2026-01-17T20:47:07,2026-01-17,C0206,Customer 0206,Consumer,SW,web,3,P300,Implementation Package,service,1,500.47,500.47,USD
O103318,2026-01-17T10:10:39,2026-01-17,C0168,Customer 0168,Mid-Market,W,partner,1,P110,Professional Subscription,subscription,1,82.45,82.45,USD
O103319,2026-01-17T15:05:58,2026-01-17,C0236,Customer 0236,Consumer,MW,web,1,P300,Implementation Package,service,1,489.58,489.58,USD
O103319,2026-01-17T15:05:58,2026-01-17,C0236,Customer 0236,Consumer,MW,web,2,P210,Automation Add-on,addon,1,62.74,62.74,USD
O103320,2026-01-17T17:35:16,2026-01-17,C0092,Customer 0092,Mid-Market,W,web,1,P120,Enterprise Subscription,subscription,1,212.74,212.74,USD
O103321,2026-01-17T17:30:49,2026-01-17,C0038,Customer 0038,Mid-Market,NE,web,1,P100,Starter Subscription,subscription,1,27.87,27.87,USD
O103321,2026-01-17T17:30:49,2026-01-17,C0038,Customer 0038,Mid-Market,NE,web,2,P110,Professional Subscription,subscription,1,83.97,83.97,USD
O103321,2026-01-17T17:30:49,2026-01-17,C0038,Customer 0038,Mid-Market,NE,web,3,P210,Automation Add-on,addon,2,57.00,114.00,USD
O103322,2026-01-17T17:18:17,2026-01-17,C0233,Customer 0233,Mid-Market,SE,partner,1,P310,Training Package,service,1,292.40,292.40,USD
O103323,2026-01-17T19:32:50,2026-01-17,C0105,Customer 0105,SMB,SE,web,1,P300,Implementation Package,service,1,471.32,471.32,USD
O103324,2026-01-17T11:34:29,2026-01-17,C0124,Customer 0124,SMB,SE,web,1,P200,Analytics Add-on,addon,1,37.87,37.87,USD
O103325,2026-01-17T08:39:47,2026-01-17,C0075,Customer 0075,Consumer,NE,mobile,1,P120,Enterprise Subscription,subscription,1,208.17,208.17,USD
O103325,2026-01-17T08:39:47,2026-01-17,C0075,Customer 0075,Consumer,NE,mobile,2,P300,Implementation Package,service,1,537.92,537.92,USD
O103326,2026-01-18T17:45:10,2026-01-18,C0214,Customer 0214,Mid-Market,MW,mobile,1,P210,Automation Add-on,addon,1,62.58,62.58,USD
O103327,2026-01-18T09:00:08,2026-01-18,C0016,Customer 0016,Enterprise,W,mobile,1,P210,Automation Add-on,addon,1,55.54,55.54,USD
O103328,2026-01-18T20:44:27,2026-01-18,C0162,Customer 0162,SMB,W,mobile,1,P200,Analytics Add-on,addon,1,41.10,41.10,USD
O103329,2026-01-18T17:44:57,2026-01-18,C0180,Customer 0180,SMB,SE,partner,1,P300,Implementation Package,service,1,507.69,507.69,USD
O103330,2026-01-18T12:12:33,2026-01-18,C0212,Customer 0212,SMB,SE,web,1,P310,Training Package,service,1,286.48,286.48,USD
O103331,2026-01-18T20:22:16,2026-01-18,C0086,Customer 0086,Consumer,SW,mobile,1,P210,Automation Add-on,addon,2,56.74,113.48,USD
O103332,2026-01-18T15:54:00,2026-01-18,C0096,Customer 0096,SMB,W,web,1,P210,Automation Add-on,addon,2,60.52,121.04,USD
O103332,2026-01-18T15:54:00,2026-01-18,C0096,Customer 0096,SMB,W,web,2,P110,Professional Subscription,subscription,1,74.51,74.51,USD
O103333,2026-01-18T20:27:07,2026-01-18,C0074,Customer 0074,Mid-Market,NE,web,1,P110,Professional Subscription,subscription,1,77.96,77.96,USD
O103334,2026-01-18T16:20:51,2026-01-18,C0029,Customer 0029,Consumer,MW,web,1,P210,Automation Add-on,addon,1,58.28,58.28,USD
O103334,2026-01-18T16:20:51,2026-01-18,C0029,Customer 0029,Consumer,MW,web,2,P300,Implementation Package,service,1,532.74,532.74,USD
O103334,2026-01-18T16:20:51,2026-01-18,C0029,Customer 0029,Consumer,MW,web,3,P100,Starter Subscription,subscription,1,30.18,30.18,USD
O103335,2026-01-18T19:32:03,2026-01-18,C0024,Customer 0024,SMB,SW,mobile,1,P300,Implementation Package,service,1,512.01,512.01,USD
O103335,2026-01-18T19:32:03,2026-01-18,C0024,Customer 0024,SMB,SW,mobile,2,P210,Automation Add-on,addon,1,54.71,54.71,USD
O103336,2026-01-18T16:49:40,2026-01-18,C0052,Customer 0052,SMB,MW,mobile,1,P100,Starter Subscription,subscription,1,26.74,26.74,USD
O103337,2026-01-18T12:57:44,2026-01-18,C0207,Customer 0207,Consumer,SW,mobile,1,P110,Professional Subscription,subscription,1,81.59,81.59,USD
O103338,2026-01-18T17:57:10,2026-01-18,C0089,Customer 0089,SMB,NE,mobile,1,P310,Training Package,service,1,291.77,291.77,USD
O103339,2026-01-18T10:27:53,2026-01-18,C0171,Customer 0171,Consumer,NE,web,1,P120,Enterprise Subscription,subscription,1,208.67,208.67,USD
O103340,2026-01-18T10:55:28,2026-01-18,C0211,Customer 0211,SMB,NE,mobile,1,P310,Training Package,service,1,290.32,290.32,USD
O103340,2026-01-18T10:55:28,2026-01-18,C0211,Customer 0211,SMB,NE,mobile,2,P110,Professional Subscription,subscription,1,78.04,78.04,USD
O103341,2026-01-18T15:06:59,2026-01-18,C0053,Customer 0053,SMB,SE,mobile,1,P120,Enterprise Subscription,subscription,1,184.37,184.37,USD
O103342,2026-01-18T14:22:42,2026-01-18,C0036,Customer 0036,Mid-Market,NE,mobile,1,P310,Training Package,service,1,315.36,315.36,USD
O103343,2026-01-18T13:48:05,2026-01-18,C0206,Customer 0206,Consumer,SW,mobile,1,P200,Analytics Add-on,addon,1,41.93,41.93,USD
O103344,2026-01-18T09:31:56,2026-01-18,C0053,Customer 0053,SMB,SE,web,1,P310,Training Package,service,1,278.96,278.96,USD
O103345,2026-01-18T16:37:01,2026-01-18,C0017,Customer 0017,Enterprise,NE,web,1,P100,Starter Subscription,subscription,1,28.14,28.14,USD
O103346,2026-01-18T11:11:00,2026-01-18,C0228,Customer 0228,Consumer,SW,web,1,P310,Training Package,service,1,315.81,315.81,USD
O103347,2026-01-18T10:01:00,2026-01-18,C0120,Customer 0120,Mid-Market,SW,mobile,1,P100,Starter Subscription,subscription,1,27.31,27.31,USD
O103348,2026-01-18T13:47:53,2026-01-18,C0005,Customer 0005,SMB,SE,web,1,P110,Professional Subscription,subscription,1,76.65,76.65,USD
O103349,2026-01-18T11:30:36,2026-01-18,C0202,Customer 0202,Mid-Market,SW,web,1,P210,Automation Add-on,addon,2,62.80,125.60,USD
O103350,2026-01-19T10:56:55,2026-01-19,C0056,Customer 0056,Consumer,SE,partner,1,P300,Implementation Package,service,1,522.95,522.95,USD
O103350,2026-01-19T10:56:55,2026-01-19,C0056,Customer 0056,Consumer,SE,partner,2,P210,Automation Add-on,addon,1,62.08,62.08,USD
O103351,2026-01-19T11:47:58,2026-01-19,C0226,Customer 0226,Consumer,SW,web,1,P110,Professional Subscription,subscription,1,79.03,79.03,USD
O103352,2026-01-19T12:45:54,2026-01-19,C0222,Customer 0222,Consumer,NE,partner,1,P110,Professional Subscription,subscription,1,77.77,77.77,USD
O103353,2026-01-19T11:45:08,2026-01-19,C0190,Customer 0190,Consumer,W,web,1,P200,Analytics Add-on,addon,1,41.94,41.94,USD
O103354,2026-01-19T20:11:02,2026-01-19,C0098,Customer 0098,SMB,W,web,1,P100,Starter Subscription,subscription,1,30.88,30.88,USD
O103354,2026-01-19T20:11:02,2026-01-19,C0098,Customer 0098,SMB,W,web,2,P300,Implementation Package,service,1,465.04,465.04,USD
O103355,2026-01-19T16:39:00,2026-01-19,C0116,Customer 0116,Mid-Market,NE,web,1,P200,Analytics Add-on,addon,1,39.83,39.83,USD
O103356,2026-01-19T09:39:30,2026-01-19,C0039,Customer 0039,Mid-Market,SW,partner,1,P210,Automation Add-on,addon,1,56.58,56.58,USD
O103357,2026-01-19T19:00:54,2026-01-19,C0175,Customer 0175,Enterprise,W,web,1,P210,Automation Add-on,addon,1,61.93,61.93,USD
O103358,2026-01-19T16:30:04,2026-01-19,C0077,Customer 0077,SMB,SE,web,1,P120,Enterprise Subscription,subscription,1,214.91,214.91,USD
O103359,2026-01-19T19:57:34,2026-01-19,C0190,Customer 0190,Consumer,W,mobile,1,P110,Professional Subscription,subscription,1,76.00,76.00,USD
O103360,2026-01-19T20:52:51,2026-01-19,C0226,Customer 0226,Consumer,SW,mobile,1,P120,Enterprise Subscription,subscription,1,190.48,190.48,USD
O103361,2026-01-19T08:24:15,2026-01-19,C0139,Customer 0139,Consumer,W,mobile,1,P120,Enterprise Subscription,subscription,1,200.53,200.53,USD
O103362,2026-01-19T12:49:09,2026-01-19,C0044,Customer 0044,SMB,NE,web,1,P110,Professional Subscription,subscription,1,84.79,84.79,USD
O103363,2026-01-19T17:05:26,2026-01-19,C0092,Customer 0092,Mid-Market,W,web,1,P120,Enterprise Subscription,subscription,1,202.59,202.59,USD
O103364,2026-01-19T18:32:41,2026-01-19,C0060,Customer 0060,Consumer,MW,mobile,1,P110,Professional Subscription,subscription,1,72.88,72.88,USD
O103365,2026-01-19T12:30:08,2026-01-19,C0073,Customer 0073,Mid-Market,SW,partner,1,P110,Professional Subscription,subscription,1,78.18,78.18,USD
O103365,2026-01-19T12:30:08,2026-01-19,C0073,Customer 0073,Mid-Market,SW,partner,2,P200,Analytics Add-on,addon,1,37.43,37.43,USD
O103366,2026-01-19T16:48:28,2026-01-19,C0164,Customer 0164,Consumer,SE,web,1,P210,Automation Add-on,addon,2,57.56,115.12,USD
O103366,2026-01-19T16:48:28,2026-01-19,C0164,Customer 0164,Consumer,SE,web,2,P120,Enterprise Subscription,subscription,1,189.42,189.42,USD
O103367,2026-01-19T12:39:28,2026-01-19,C0215,Customer 0215,SMB,W,mobile,1,P300,Implementation Package,service,1,468.42,468.42,USD
O103368,2026-01-19T11:46:00,2026-01-19,C0125,Customer 0125,Mid-Market,NE,web,1,P100,Starter Subscription,subscription,1,29.41,29.41,USD
O103369,2026-01-19T14:25:51,2026-01-19,C0103,Customer 0103,Consumer,NE,web,1,P100,Starter Subscription,subscription,1,28.98,28.98,USD
O103369,2026-01-19T14:25:51,2026-01-19,C0103,Customer 0103,Consumer,NE,web,2,P200,Analytics Add-on,addon,1,41.99,41.99,USD
O103369,2026-01-19T14:25:51,2026-01-19,C0103,Customer 0103,Consumer,NE,web,3,P310,Training Package,service,1,322.05,322.05,USD
O103370,2026-01-19T11:33:20,2026-01-19,C0084,Customer 0084,Consumer,NE,web,1,P100,Starter Subscription,subscription,1,28.68,28.68,USD
O103371,2026-01-19T10:21:56,2026-01-19,C0015,Customer 0015,SMB,SW,partner,1,P310,Training Package,service,1,308.57,308.57,USD
O103372,2026-01-19T09:17:23,2026-01-19,C0160,Customer 0160,Mid-Market,SE,web,1,P110,Professional Subscription,subscription,1,77.19,77.19,USD
O103373,2026-01-19T11:45:24,2026-01-19,C0204,Customer 0204,SMB,MW,web,1,P200,Analytics Add-on,addon,2,37.55,75.10,USD
O103374,2026-01-20T13:53:41,2026-01-20,C0154,Customer 0154,SMB,SW,web,1,P120,Enterprise Subscription,subscription,1,186.18,186.18,USD
O103375,2026-01-20T09:09:34,2026-01-20,C0096,Customer 0096,SMB,W,web,1,P210,Automation Add-on,addon,1,54.82,54.82,USD
O103376,2026-01-20T11:03:11,2026-01-20,C0236,Customer 0236,Consumer,MW,web,1,P200,Analytics Add-on,addon,2,41.73,83.46,USD
O103376,2026-01-20T11:03:11,2026-01-20,C0236,Customer 0236,Consumer,MW,web,2,P300,Implementation Package,service,1,522.19,522.19,USD
O103377,2026-01-20T15:36:33,2026-01-20,C0104,Customer 0104,Mid-Market,W,partner,1,P200,Analytics Add-on,addon,1,37.65,37.65,USD
O103377,2026-01-20T15:36:33,2026-01-20,C0104,Customer 0104,Mid-Market,W,partner,2,P300,Implementation Package,service,1,477.50,477.50,USD
O103377,2026-01-20T15:36:33,2026-01-20,C0104,Customer 0104,Mid-Market,W,partner,3,P310,Training Package,service,1,308.71,308.71,USD
O103378,2026-01-20T19:06:46,2026-01-20,C0138,Customer 0138,Mid-Market,W,web,1,P120,Enterprise Subscription,subscription,1,207.99,207.99,USD
O103378,2026-01-20T19:06:46,2026-01-20,C0138,Customer 0138,Mid-Market,W,web,2,P100,Starter Subscription,subscription,1,30.32,30.32,USD
O103378,2026-01-20T19:06:46,2026-01-20,C0138,Customer 0138,Mid-Market,W,web,3,P200,Analytics Add-on,addon,1,38.62,38.62,USD
O103379,2026-01-20T16:25:19,2026-01-20,C0063,Customer 0063,SMB,NE,partner,1,P310,Training Package,service,1,297.69,297.69,USD
O103380,2026-01-20T13:38:42,2026-01-20,C0042,Customer 0042,Consumer,MW,web,1,P200,Analytics Add-on,addon,1,37.77,37.77,USD
O103381,2026-01-20T08:51:27,2026-01-20,C0166,Customer 0166,SMB,SE,mobile,1,P300,Implementation Package,service,1,515.29,515.29,USD
O103381,2026-01-20T08:51:27,2026-01-20,C0166,Customer 0166,SMB,SE,mobile,2,P200,Analytics Add-on,addon,1,37.80,37.80,USD
O103382,2026-01-20T10:58:10,2026-01-20,C0220,Customer 0220,Enterprise,SE,partner,1,P100,Starter Subscription,subscription,1,31.14,31.14,USD
O103382,2026-01-20T10:58:10,2026-01-20,C0220,Customer 0220,Enterprise,SE,partner,2,P300,Implementation Package,service,1,462.93,462.93,USD
O103382,2026-01-20T10:58:10,2026-01-20,C0220,Customer 0220,Enterprise,SE,partner,3,P120,Enterprise Subscription,subscription,1,213.27,213.27,USD
O103383,2026-01-20T14:26:29,2026-01-20,C0198,Customer 0198,SMB,SW,mobile,1,P210,Automation Add-on,addon,2,57.93,115.86,USD
O103384,2026-01-20T10:26:50,2026-01-20,C0092,Customer 0092,Mid-Market,W,web,1,P100,Starter Subscription,subscription,1,28.50,28.50,USD
O103385,2026-01-20T13:41:20,2026-01-20,C0195,Customer 0195,Consumer,SW,web,1,P200,Analytics Add-on,addon,1,36.13,36.13,USD
O103386,2026-01-20T09:22:26,2026-01-20,C0030,Customer 0030,Consumer,SW,web,1,P210,Automation Add-on,addon,1,56.28,56.28,USD
O103387,2026-01-20T10:03:25,2026-01-20,C0187,Customer 0187,SMB,SW,web,1,P200,Analytics Add-on,addon,2,36.63,73.26,USD
O103388,2026-01-20T10:16:00,2026-01-20,C0062,Customer 0062,Consumer,SW,partner,1,P310,Training Package,service,1,287.80,287.80,USD
O103389,2026-01-20T18:50:56,2026-01-20,C0072,Customer 0072,SMB,NE,web,1,P110,Professional Subscription,subscription,1,84.56,84.56,USD
O103390,2026-01-20T18:48:25,2026-01-20,C0110,Customer 0110,Consumer,W,web,1,P120,Enterprise Subscription,subscription,1,211.43,211.43,USD
O103390,2026-01-20T18:48:25,2026-01-20,C0110,Customer 0110,Consumer,W,web,2,P210,Automation Add-on,addon,1,59.12,59.12,USD
O103390,2026-01-20T18:48:25,2026-01-20,C0110,Customer 0110,Consumer,W,web,3,P110,Professional Subscription,subscription,1,76.73,76.73,USD
O103391,2026-01-20T19:28:22,2026-01-20,C0222,Customer 0222,Consumer,NE,web,1,P310,Training Package,service,1,308.39,308.39,USD
O103391,2026-01-20T19:28:22,2026-01-20,C0222,Customer 0222,Consumer,NE,web,2,P300,Implementation Package,service,1,537.64,537.64,USD
O103391,2026-01-20T19:28:22,2026-01-20,C0222,Customer 0222,Consumer,NE,web,3,P210,Automation Add-on,addon,1,58.68,58.68,USD
O103392,2026-01-20T12:31:55,2026-01-20,C0039,Customer 0039,Mid-Market,SW,web,1,P310,Training Package,service,1,305.09,305.09,USD
O103393,2026-01-20T19:35:40,2026-01-20,C0070,Customer 0070,SMB,W,mobile,1,P120,Enterprise Subscription,subscription,1,204.00,204.00,USD
O103394,2026-01-20T15:36:39,2026-01-20,C0192,Customer 0192,Mid-Market,MW,mobile,1,P310,Training Package,service,1,293.35,293.35,USD
O103394,2026-01-20T15:36:39,2026-01-20,C0192,Customer 0192,Mid-Market,MW,mobile,2,P210,Automation Add-on,addon,2,54.76,109.52,USD
O103395,2026-01-20T12:54:36,2026-01-20,C0013,Customer 0013,Consumer,W,web,1,P120,Enterprise Subscription,subscription,1,210.46,210.46,USD
O103395,2026-01-20T12:54:36,2026-01-20,C0013,Customer 0013,Consumer,W,web,2,P100,Starter Subscription,subscription,1,29.73,29.73,USD
O103396,2026-01-20T09:12:54,2026-01-20,C0051,Customer 0051,Enterprise,SW,mobile,1,P210,Automation Add-on,addon,2,58.59,117.18,USD
O103397,2026-01-20T17:27:16,2026-01-20,C0040,Customer 0040,SMB,W,web,1,P110,Professional Subscription,subscription,1,79.63,79.63,USD
O103397,2026-01-20T17:27:16,2026-01-20,C0040,Customer 0040,SMB,W,web,2,P210,Automation Add-on,addon,2,60.86,121.72,USD
O103398,2026-01-20T19:35:03,2026-01-20,C0093,Customer 0093,SMB,W,mobile,1,P100,Starter Subscription,subscription,1,31.26,31.26,USD
O103399,2026-01-20T17:20:08,2026-01-20,C0158,Customer 0158,SMB,W,web,1,P100,Starter Subscription,subscription,1,30.93,30.93,USD
O103400,2026-01-20T14:06:44,2026-01-20,C0003,Customer 0003,Consumer,W,mobile,1,P300,Implementation Package,service,1,496.95,496.95,USD
O103401,2026-01-20T18:20:44,2026-01-20,C0090,Customer 0090,Consumer,NE,web,1,P300,Implementation Package,service,1,471.77,471.77,USD
O103402,2026-01-20T18:06:58,2026-01-20,C0227,Customer 0227,Mid-Market,MW,mobile,1,P110,Professional Subscription,subscription,1,76.55,76.55,USD
O103402,2026-01-20T18:06:58,2026-01-20,C0227,Customer 0227,Mid-Market,MW,mobile,2,P210,Automation Add-on,addon,2,59.00,118.00,USD
O103403,2026-01-21T11:01:38,2026-01-21,C0122,Customer 0122,Consumer,W,web,1,P200,Analytics Add-on,addon,1,39.74,39.74,USD
O103404,2026-01-21T17:46:48,2026-01-21,C0020,Customer 0020,SMB,MW,web,1,P120,Enterprise Subscription,subscription,1,189.82,189.82,USD
O103405,2026-01-21T17:00:12,2026-01-21,C0027,Customer 0027,Consumer,MW,partner,1,P200,Analytics Add-on,addon,1,37.56,37.56,USD
O103406,2026-01-21T20:08:44,2026-01-21,C0086,Customer 0086,Consumer,SW,mobile,1,P200,Analytics Add-on,addon,1,37.51,37.51,USD
O103406,2026-01-21T20:08:44,2026-01-21,C0086,Customer 0086,Consumer,SW,mobile,2,P300,Implementation Package,service,1,501.12,501.12,USD
O103407,2026-01-21T14:19:10,2026-01-21,C0116,Customer 0116,Mid-Market,NE,partner,1,P110,Professional Subscription,subscription,1,78.75,78.75,USD
O103407,2026-01-21T14:19:10,2026-01-21,C0116,Customer 0116,Mid-Market,NE,partner,2,P310,Training Package,service,1,301.55,301.55,USD
O103408,2026-01-21T16:22:32,2026-01-21,C0233,Customer 0233,Mid-Market,SE,partner,1,P310,Training Package,service,1,275.12,275.12,USD
O103409,2026-01-21T14:02:46,2026-01-21,C0137,Customer 0137,Mid-Market,NE,web,1,P210,Automation Add-on,addon,1,56.59,56.59,USD
O103409,2026-01-21T14:02:46,2026-01-21,C0137,Customer 0137,Mid-Market,NE,web,2,P100,Starter Subscription,subscription,1,27.68,27.68,USD
O103410,2026-01-21T16:03:58,2026-01-21,C0170,Customer 0170,Mid-Market,SE,mobile,1,P110,Professional Subscription,subscription,1,81.48,81.48,USD
O103411,2026-01-21T16:27:02,2026-01-21,C0154,Customer 0154,SMB,SW,web,1,P120,Enterprise Subscription,subscription,1,187.53,187.53,USD
O103412,2026-01-21T17:52:23,2026-01-21,C0149,Customer 0149,Mid-Market,MW,mobile,1,P300,Implementation Package,service,1,529.50,529.50,USD
O103412,2026-01-21T17:52:23,2026-01-21,C0149,Customer 0149,Mid-Market,MW,mobile,2,P210,Automation Add-on,addon,1,59.31,59.31,USD
O103413,2026-01-21T19:28:31,2026-01-21,C0115,Customer 0115,Consumer,MW,partner,1,P210,Automation Add-on,addon,2,59.48,118.96,USD
O103414,2026-01-21T19:51:46,2026-01-21,C0020,Customer 0020,SMB,MW,web,1,P210,Automation Add-on,addon,1,58.08,58.08,USD
O103415,2026-01-21T16:19:23,2026-01-21,C0060,Customer 0060,Consumer,MW,web,1,P300,Implementation Package,service,1,535.92,535.92,USD
O103416,2026-01-21T20:58:40,2026-01-21,C0207,Customer 0207,Consumer,SW,web,1,P300,Implementation Package,service,1,507.54,507.54,USD
O103417,2026-01-21T09:01:34,2026-01-21,C0064,Customer 0064,SMB,W,web,1,P310,Training Package,service,1,278.47,278.47,USD
O103418,2026-01-21T20:50:54,2026-01-21,C0205,Customer 0205,Consumer,SW,partner,1,P210,Automation Add-on,addon,1,63.13,63.13,USD
O103419,2026-01-21T12:31:29,2026-01-21,C0078,Customer 0078,Mid-Market,SW,mobile,1,P110,Professional Subscription,subscription,1,73.72,73.72,USD
O103420,2026-01-21T18:31:55,2026-01-21,C0070,Customer 0070,SMB,W,web,1,P310,Training Package,service,1,316.05,316.05,USD
O103421,2026-01-21T09:31:19,2026-01-21,C0068,Customer 0068,SMB,SE,partner,1,P300,Implementation Package,service,1,525.00,525.00,USD
O103422,2026-01-21T19:16:59,2026-01-21,C0078,Customer 0078,Mid-Market,SW,web,1,P310,Training Package,service,1,293.20,293.20,USD
O103423,2026-01-21T16:43:07,2026-01-21,C0222,Customer 0222,Consumer,NE,web,1,P300,Implementation Package,service,1,519.28,519.28,USD
O103423,2026-01-21T16:43:07,2026-01-21,C0222,Customer 0222,Consumer,NE,web,2,P310,Training Package,service,1,291.05,291.05,USD
O103424,2026-01-21T08:05:29,2026-01-21,C0172,Customer 0172,SMB,W,web,1,P200,Analytics Add-on,addon,1,39.86,39.86,USD
O103424,2026-01-21T08:05:29,2026-01-21,C0172,Customer 0172,SMB,W,web,2,P100,Starter Subscription,subscription,1,28.69,28.69,USD
O103425,2026-01-21T16:50:24,2026-01-21,C0164,Customer 0164,Consumer,SE,web,1,P110,Professional Subscription,subscription,1,84.55,84.55,USD
O103426,2026-01-21T13:51:29,2026-01-21,C0018,Customer 0018,Consumer,MW,mobile,1,P110,Professional Subscription,subscription,1,81.22,81.22,USD
O103426,2026-01-21T13:51:29,2026-01-21,C0018,Customer 0018,Consumer,MW,mobile,2,P210,Automation Add-on,addon,1,57.97,57.97,USD
O103427,2026-01-21T10:56:40,2026-01-21,C0018,Customer 0018,Consumer,MW,partner,1,P310,Training Package,service,1,315.67,315.67,USD
O103427,2026-01-21T10:56:40,2026-01-21,C0018,Customer 0018,Consumer,MW,partner,2,P200,Analytics Add-on,addon,1,36.52,36.52,USD
O103428,2026-01-21T12:43:22,2026-01-21,C0177,Customer 0177,Consumer,W,web,1,P110,Professional Subscription,subscription,1,80.04,80.04,USD
O103428,2026-01-21T12:43:22,2026-01-21,C0177,Customer 0177,Consumer,W,web,2,P210,Automation Add-on,addon,1,56.27,56.27,USD
O103429,2026-01-21T20:58:54,2026-01-21,C0184,Customer 0184,SMB,MW,partner,1,P200,Analytics Add-on,addon,1,38.41,38.41,USD
O103430,2026-01-21T10:13:14,2026-01-21,C0154,Customer 0154,SMB,SW,mobile,1,P310,Training Package,service,1,286.87,286.87,USD
O103431,2026-01-21T13:07:23,2026-01-21,C0144,Customer 0144,Consumer,W,mobile,1,P310,Training Package,service,1,312.91,312.91,USD
O103432,2026-01-21T11:09:21,2026-01-21,C0007,Customer 0007,Consumer,W,web,1,P120,Enterprise Subscription,subscription,1,190.16,190.16,USD
O103433,2026-01-22T11:10:26,2026-01-22,C0046,Customer 0046,Consumer,W,web,1,P200,Analytics Add-on,addon,1,37.14,37.14,USD
O103434,2026-01-22T11:21:26,2026-01-22,C0225,Customer 0225,Enterprise,MW,mobile,1,P120,Enterprise Subscription,subscription,1,191.77,191.77,USD
O103435,2026-01-22T16:09:36,2026-01-22,C0166,Customer 0166,SMB,SE,web,1,P300,Implementation Package,service,1,503.59,503.59,USD
O103435,2026-01-22T16:09:36,2026-01-22,C0166,Customer 0166,SMB,SE,web,2,P310,Training Package,service,1,278.75,278.75,USD
O103436,2026-01-22T12:42:07,2026-01-22,C0237,Customer 0237,Mid-Market,MW,mobile,1,P200,Analytics Add-on,addon,1,40.09,40.09,USD
O103436,2026-01-22T12:42:07,2026-01-22,C0237,Customer 0237,Mid-Market,MW,mobile,2,P110,Professional Subscription,subscription,1,78.30,78.30,USD
O103437,2026-01-22T12:23:00,2026-01-22,C0018,Customer 0018,Consumer,MW,partner,1,P120,Enterprise Subscription,subscription,1,212.19,212.19,USD
O103437,2026-01-22T12:23:00,2026-01-22,C0018,Customer 0018,Consumer,MW,partner,2,P210,Automation Add-on,addon,1,58.01,58.01,USD
O103438,2026-01-22T20:17:22,2026-01-22,C0144,Customer 0144,Consumer,W,mobile,1,P300,Implementation Package,service,1,537.07,537.07,USD
O103439,2026-01-22T09:48:51,2026-01-22,C0106,Customer 0106,SMB,MW,web,1,P210,Automation Add-on,addon,1,60.51,60.51,USD
O103439,2026-01-22T09:48:51,2026-01-22,C0106,Customer 0106,SMB,MW,web,2,P200,Analytics Add-on,addon,1,40.48,40.48,USD
O103439,2026-01-22T09:48:51,2026-01-22,C0106,Customer 0106,SMB,MW,web,3,P110,Professional Subscription,subscription,1,75.22,75.22,USD
O103440,2026-01-22T12:28:33,2026-01-22,C0085,Customer 0085,Mid-Market,SW,web,1,P210,Automation Add-on,addon,2,57.64,115.28,USD
O103440,2026-01-22T12:28:33,2026-01-22,C0085,Customer 0085,Mid-Market,SW,web,2,P300,Implementation Package,service,1,470.84,470.84,USD
O103440,2026-01-22T12:28:33,2026-01-22,C0085,Customer 0085,Mid-Market,SW,web,3,P200,Analytics Add-on,addon,2,38.34,76.68,USD
O103441,2026-01-22T20:51:22,2026-01-22,C0181,Customer 0181,SMB,W,web,1,P110,Professional Subscription,subscription,1,73.48,73.48,USD
O103442,2026-01-22T17:58:53,2026-01-22,C0154,Customer 0154,SMB,SW,web,1,P200,Analytics Add-on,addon,1,36.61,36.61,USD
O103442,2026-01-22T17:58:53,2026-01-22,C0154,Customer 0154,SMB,SW,web,2,P100,Starter Subscription,subscription,1,30.86,30.86,USD
O103443,2026-01-22T20:20:09,2026-01-22,C0100,Customer 0100,Consumer,MW,mobile,1,P120,Enterprise Subscription,subscription,1,204.01,204.01,USD
O103444,2026-01-22T13:46:13,2026-01-22,C0117,Customer 0117,Consumer,MW,partner,1,P200,Analytics Add-on,addon,1,37.10,37.10,USD
O103444,2026-01-22T13:46:13,2026-01-22,C0117,Customer 0117,Consumer,MW,partner,2,P110,Professional Subscription,subscription,1,77.34,77.34,USD
O103445,2026-01-22T14:29:46,2026-01-22,C0022,Customer 0022,SMB,NE,mobile,1,P300,Implementation Package,service,1,494.60,494.60,USD
O103446,2026-01-22T16:13:44,2026-01-22,C0006,Customer 0006,Consumer,W,web,1,P300,Implementation Package,service,1,501.64,501.64,USD
O103447,2026-01-22T17:31:56,2026-01-22,C0179,Customer 0179,Consumer,SW,web,1,P200,Analytics Add-on,addon,2,41.27,82.54,USD
O103448,2026-01-22T08:56:38,2026-01-22,C0045,Customer 0045,Consumer,MW,mobile,1,P110,Professional Subscription,subscription,1,78.07,78.07,USD
O103449,2026-01-22T16:30:08,2026-01-22,C0050,Customer 0050,Consumer,W,partner,1,P100,Starter Subscription,subscription,1,28.84,28.84,USD
O103450,2026-01-22T08:39:08,2026-01-22,C0213,Customer 0213,Consumer,W,web,1,P300,Implementation Package,service,1,469.19,469.19,USD
O103451,2026-01-22T20:42:06,2026-01-22,C0239,Customer 0239,Mid-Market,W,web,1,P200,Analytics Add-on,addon,1,39.25,39.25,USD
O103452,2026-01-22T08:14:39,2026-01-22,C0041,Customer 0041,Consumer,NE,web,1,P120,Enterprise Subscription,subscription,1,211.95,211.95,USD
O103453,2026-01-22T18:12:34,2026-01-22,C0137,Customer 0137,Mid-Market,NE,mobile,1,P120,Enterprise Subscription,subscription,1,185.91,185.91,USD
O103453,2026-01-22T18:12:34,2026-01-22,C0137,Customer 0137,Mid-Market,NE,mobile,2,P110,Professional Subscription,subscription,1,80.31,80.31,USD
O103454,2026-01-22T16:32:00,2026-01-22,C0070,Customer 0070,SMB,W,partner,1,P110,Professional Subscription,subscription,1,78.90,78.90,USD
O103454,2026-01-22T16:32:00,2026-01-22,C0070,Customer 0070,SMB,W,partner,2,P100,Starter Subscription,subscription,1,29.25,29.25,USD
O103455,2026-01-22T12:09:10,2026-01-22,C0086,Customer 0086,Consumer,SW,mobile,1,P210,Automation Add-on,addon,1,57.20,57.20,USD
O103456,2026-01-22T09:57:44,2026-01-22,C0076,Customer 0076,Mid-Market,MW,web,1,P110,Professional Subscription,subscription,1,84.69,84.69,USD
O103457,2026-01-22T10:02:11,2026-01-22,C0167,Customer 0167,Consumer,NE,web,1,P120,Enterprise Subscription,subscription,1,187.19,187.19,USD
O103458,2026-01-22T13:35:39,2026-01-22,C0026,Customer 0026,Consumer,NE,web,1,P120,Enterprise Subscription,subscription,1,184.79,184.79,USD
O103458,2026-01-22T13:35:39,2026-01-22,C0026,Customer 0026,Consumer,NE,web,2,P110,Professional Subscription,subscription,1,77.14,77.14,USD
O103458,2026-01-22T13:35:39,2026-01-22,C0026,Customer 0026,Consumer,NE,web,3,P300,Implementation Package,service,1,511.40,511.40,USD
O103459,2026-01-22T17:23:24,2026-01-22,C0066,Customer 0066,Consumer,NE,mobile,1,P310,Training Package,service,1,278.62,278.62,USD
O103460,2026-01-22T18:08:13,2026-01-22,C0116,Customer 0116,Mid-Market,NE,mobile,1,P200,Analytics Add-on,addon,1,39.13,39.13,USD
O103460,2026-01-22T18:08:13,2026-01-22,C0116,Customer 0116,Mid-Market,NE,mobile,2,P100,Starter Subscription,subscription,1,29.32,29.32,USD
O103461,2026-01-22T09:49:54,2026-01-22,C0040,Customer 0040,SMB,W,mobile,1,P110,Professional Subscription,subscription,1,82.13,82.13,USD
O103462,2026-01-22T20:53:43,2026-01-22,C0059,Customer 0059,Consumer,W,web,1,P110,Professional Subscription,subscription,1,83.72,83.72,USD
O103463,2026-01-22T14:21:50,2026-01-22,C0191,Customer 0191,SMB,W,mobile,1,P310,Training Package,service,1,320.63,320.63,USD
O103464,2026-01-22T19:41:03,2026-01-22,C0229,Customer 0229,SMB,SE,mobile,1,P110,Professional Subscription,subscription,1,75.87,75.87,USD
O103465,2026-01-22T20:10:31,2026-01-22,C0125,Customer 0125,Mid-Market,NE,web,1,P120,Enterprise Subscription,subscription,1,199.78,199.78,USD
O103466,2026-01-22T19:27:10,2026-01-22,C0219,Customer 0219,Consumer,SE,mobile,1,P300,Implementation Package,service,1,497.06,497.06,USD
O103467,2026-01-22T17:23:41,2026-01-22,C0072,Customer 0072,SMB,NE,mobile,1,P300,Implementation Package,service,1,491.29,491.29,USD
O103467,2026-01-22T17:23:41,2026-01-22,C0072,Customer 0072,SMB,NE,mobile,2,P100,Starter Subscription,subscription,1,30.58,30.58,USD
O103468,2026-01-23T20:36:23,2026-01-23,C0006,Customer 0006,Consumer,W,web,1,P120,Enterprise Subscription,subscription,1,193.71,193.71,USD
O103468,2026-01-23T20:36:23,2026-01-23,C0006,Customer 0006,Consumer,W,web,2,P300,Implementation Package,service,1,487.38,487.38,USD
O103468,2026-01-23T20:36:23,2026-01-23,C0006,Customer 0006,Consumer,W,web,3,P100,Starter Subscription,subscription,1,27.12,27.12,USD
O103469,2026-01-23T15:38:42,2026-01-23,C0154,Customer 0154,SMB,SW,mobile,1,P210,Automation Add-on,addon,1,57.30,57.30,USD
O103469,2026-01-23T15:38:42,2026-01-23,C0154,Customer 0154,SMB,SW,mobile,2,P110,Professional Subscription,subscription,1,76.46,76.46,USD
O103469,2026-01-23T15:38:42,2026-01-23,C0154,Customer 0154,SMB,SW,mobile,3,P200,Analytics Add-on,addon,1,40.34,40.34,USD
O103470,2026-01-23T11:34:35,2026-01-23,C0198,Customer 0198,SMB,SW,web,1,P300,Implementation Package,service,1,491.32,491.32,USD
O103470,2026-01-23T11:34:35,2026-01-23,C0198,Customer 0198,SMB,SW,web,2,P120,Enterprise Subscription,subscription,1,194.80,194.80,USD
O103471,2026-01-23T18:58:07,2026-01-23,C0089,Customer 0089,SMB,NE,web,1,P300,Implementation Package,service,1,518.86,518.86,USD
O103471,2026-01-23T18:58:07,2026-01-23,C0089,Customer 0089,SMB,NE,web,2,P110,Professional Subscription,subscription,1,75.23,75.23,USD
O103471,2026-01-23T18:58:07,2026-01-23,C0089,Customer 0089,SMB,NE,web,3,P210,Automation Add-on,addon,2,58.66,117.32,USD
O103472,2026-01-23T17:57:23,2026-01-23,C0221,Customer 0221,Consumer,MW,web,1,P120,Enterprise Subscription,subscription,1,202.19,202.19,USD
O103473,2026-01-23T12:56:35,2026-01-23,C0063,Customer 0063,SMB,NE,web,1,P200,Analytics Add-on,addon,1,37.11,37.11,USD
O103474,2026-01-23T20:28:53,2026-01-23,C0061,Customer 0061,Consumer,MW,web,1,P120,Enterprise Subscription,subscription,1,199.67,199.67,USD
O103475,2026-01-23T08:53:47,2026-01-23,C0223,Customer 0223,Consumer,MW,web,1,P110,Professional Subscription,subscription,1,79.53,79.53,USD
O103475,2026-01-23T08:53:47,2026-01-23,C0223,Customer 0223,Consumer,MW,web,2,P210,Automation Add-on,addon,2,59.62,119.24,USD
O103476,2026-01-23T19:44:14,2026-01-23,C0191,Customer 0191,SMB,W,web,1,P100,Starter Subscription,subscription,1,30.08,30.08,USD
O103476,2026-01-23T19:44:14,2026-01-23,C0191,Customer 0191,SMB,W,web,2,P300,Implementation Package,service,1,491.84,491.84,USD
O103477,2026-01-23T17:10:46,2026-01-23,C0202,Customer 0202,Mid-Market,SW,partner,1,P110,Professional Subscription,subscription,1,84.95,84.95,USD
O103478,2026-01-23T16:21:34,2026-01-23,C0055,Customer 0055,Mid-Market,NE,web,1,P300,Implementation Package,service,1,470.16,470.16,USD
O103479,2026-01-23T08:19:11,2026-01-23,C0229,Customer 0229,SMB,SE,web,1,P120,Enterprise Subscription,subscription,1,192.01,192.01,USD
O103480,2026-01-23T17:59:53,2026-01-23,C0084,Customer 0084,Consumer,NE,web,1,P300,Implementation Package,service,1,531.69,531.69,USD
O103480,2026-01-23T17:59:53,2026-01-23,C0084,Customer 0084,Consumer,NE,web,2,P310,Training Package,service,1,293.74,293.74,USD
O103481,2026-01-23T10:23:40,2026-01-23,C0173,Customer 0173,SMB,SE,web,1,P120,Enterprise Subscription,subscription,1,209.94,209.94,USD
O103482,2026-01-23T17:06:57,2026-01-23,C0195,Customer 0195,Consumer,SW,mobile,1,P200,Analytics Add-on,addon,1,41.09,41.09,USD
O103483,2026-01-23T13:23:03,2026-01-23,C0136,Customer 0136,SMB,SE,mobile,1,P210,Automation Add-on,addon,1,57.02,57.02,USD
O103484,2026-01-23T18:01:24,2026-01-23,C0009,Customer 0009,Consumer,NE,web,1,P210,Automation Add-on,addon,2,60.04,120.08,USD
O103485,2026-01-23T19:02:07,2026-01-23,C0221,Customer 0221,Consumer,MW,web,1,P120,Enterprise Subscription,subscription,1,214.48,214.48,USD
O103486,2026-01-23T16:00:28,2026-01-23,C0144,Customer 0144,Consumer,W,web,1,P100,Starter Subscription,subscription,1,27.20,27.20,USD
O103487,2026-01-23T12:46:43,2026-01-23,C0036,Customer 0036,Mid-Market,NE,partner,1,P110,Professional Subscription,subscription,1,84.84,84.84,USD
O103488,2026-01-23T15:20:36,2026-01-23,C0079,Customer 0079,SMB,SE,web,1,P120,Enterprise Subscription,subscription,1,208.60,208.60,USD
O103489,2026-01-23T20:25:39,2026-01-23,C0138,Customer 0138,Mid-Market,W,web,1,P100,Starter Subscription,subscription,1,28.62,28.62,USD
O103490,2026-01-23T19:44:56,2026-01-23,C0084,Customer 0084,Consumer,NE,web,1,P120,Enterprise Subscription,subscription,1,197.40,197.40,USD
O103491,2026-01-23T15:34:17,2026-01-23,C0094,Customer 0094,Consumer,NE,web,1,P200,Analytics Add-on,addon,1,36.52,36.52,USD
O103491,2026-01-23T15:34:17,2026-01-23,C0094,Customer 0094,Consumer,NE,web,2,P110,Professional Subscription,subscription,1,73.49,73.49,USD
O103492,2026-01-23T17:39:42,2026-01-23,C0068,Customer 0068,SMB,SE,web,1,P200,Analytics Add-on,addon,2,37.93,75.86,USD
O103493,2026-01-23T13:27:43,2026-01-23,C0158,Customer 0158,SMB,W,web,1,P120,Enterprise Subscription,subscription,1,212.54,212.54,USD
O103493,2026-01-23T13:27:43,2026-01-23,C0158,Customer 0158,SMB,W,web,2,P300,Implementation Package,service,1,497.61,497.61,USD
O103493,2026-01-23T13:27:43,2026-01-23,C0158,Customer 0158,SMB,W,web,3,P110,Professional Subscription,subscription,1,73.35,73.35,USD
O103494,2026-01-23T13:42:49,2026-01-23,C0212,Customer 0212,SMB,SE,mobile,1,P310,Training Package,service,1,275.43,275.43,USD
O103494,2026-01-23T13:42:49,2026-01-23,C0212,Customer 0212,SMB,SE,mobile,2,P210,Automation Add-on,addon,1,55.01,55.01,USD
O103495,2026-01-23T08:32:59,2026-01-23,C0176,Customer 0176,Mid-Market,SW,web,1,P210,Automation Add-on,addon,1,59.57,59.57,USD
O103495,2026-01-23T08:32:59,2026-01-23,C0176,Customer 0176,Mid-Market,SW,web,2,P310,Training Package,service,1,299.00,299.00,USD
O103496,2026-01-23T14:03:09,2026-01-23,C0027,Customer 0027,Consumer,MW,web,1,P120,Enterprise Subscription,subscription,1,204.29,204.29,USD
O103497,2026-01-23T11:39:56,2026-01-23,C0064,Customer 0064,SMB,W,web,1,P200,Analytics Add-on,addon,1,41.31,41.31,USD
O103497,2026-01-23T11:39:56,2026-01-23,C0064,Customer 0064,SMB,W,web,2,P110,Professional Subscription,subscription,1,74.47,74.47,USD
O103497,2026-01-23T11:39:56,2026-01-23,C0064,Customer 0064,SMB,W,web,3,P300,Implementation Package,service,1,459.93,459.93,USD
O103498,2026-01-23T20:14:56,2026-01-23,C0052,Customer 0052,SMB,MW,partner,1,P100,Starter Subscription,subscription,1,28.75,28.75,USD
O103499,2026-01-23T19:06:01,2026-01-23,C0199,Customer 0199,Consumer,W,web,1,P300,Implementation Package,service,1,498.62,498.62,USD
O103500,2026-01-23T14:13:03,2026-01-23,C0121,Customer 0121,SMB,NE,web,1,P200,Analytics Add-on,addon,1,40.60,40.60,USD
O103500,2026-01-23T14:13:03,2026-01-23,C0121,Customer 0121,SMB,NE,web,2,P110,Professional Subscription,subscription,1,77.17,77.17,USD
O103501,2026-01-23T10:10:10,2026-01-23,C0225,Customer 0225,Enterprise,MW,web,1,P200,Analytics Add-on,addon,2,41.00,82.00,USD
O103502,2026-01-24T17:27:29,2026-01-24,C0070,Customer 0070,SMB,W,mobile,1,P300,Implementation Package,service,1,524.17,524.17,USD
O103503,2026-01-24T13:20:03,2026-01-24,C0021,Customer 0021,Mid-Market,SE,mobile,1,P100,Starter Subscription,subscription,1,27.68,27.68,USD
O103503,2026-01-24T13:20:03,2026-01-24,C0021,Customer 0021,Mid-Market,SE,mobile,2,P110,Professional Subscription,subscription,1,81.80,81.80,USD
O103504,2026-01-24T09:24:02,2026-01-24,C0144,Customer 0144,Consumer,W,mobile,1,P310,Training Package,service,1,295.15,295.15,USD
O103505,2026-01-24T14:02:20,2026-01-24,C0096,Customer 0096,SMB,W,mobile,1,P110,Professional Subscription,subscription,1,83.33,83.33,USD
O103506,2026-01-24T14:15:35,2026-01-24,C0202,Customer 0202,Mid-Market,SW,web,1,P100,Starter Subscription,subscription,1,28.36,28.36,USD
O103507,2026-01-24T10:43:06,2026-01-24,C0231,Customer 0231,Consumer,W,partner,1,P200,Analytics Add-on,addon,2,40.56,81.12,USD
O103507,2026-01-24T10:43:06,2026-01-24,C0231,Customer 0231,Consumer,W,partner,2,P120,Enterprise Subscription,subscription,1,205.19,205.19,USD
O103507,2026-01-24T10:43:06,2026-01-24,C0231,Customer 0231,Consumer,W,partner,3,P110,Professional Subscription,subscription,1,80.18,80.18,USD
O103508,2026-01-24T16:47:34,2026-01-24,C0091,Customer 0091,Mid-Market,NE,web,1,P300,Implementation Package,service,1,523.18,523.18,USD
O103509,2026-01-24T19:50:02,2026-01-24,C0223,Customer 0223,Consumer,MW,web,1,P120,Enterprise Subscription,subscription,1,204.65,204.65,USD
O103510,2026-01-24T10:36:11,2026-01-24,C0138,Customer 0138,Mid-Market,W,mobile,1,P300,Implementation Package,service,1,528.97,528.97,USD
O103511,2026-01-24T17:37:14,2026-01-24,C0066,Customer 0066,Consumer,NE,web,1,P210,Automation Add-on,addon,1,58.92,58.92,USD
O103512,2026-01-24T14:27:46,2026-01-24,C0075,Customer 0075,Consumer,NE,partner,1,P300,Implementation Package,service,1,537.30,537.30,USD
O103512,2026-01-24T14:27:46,2026-01-24,C0075,Customer 0075,Consumer,NE,partner,2,P100,Starter Subscription,subscription,1,30.42,30.42,USD
O103513,2026-01-24T19:22:30,2026-01-24,C0218,Customer 0218,Enterprise,SW,web,1,P110,Professional Subscription,subscription,1,76.63,76.63,USD
O103514,2026-01-24T16:22:16,2026-01-24,C0189,Customer 0189,SMB,SW,mobile,1,P310,Training Package,service,1,288.95,288.95,USD
O103515,2026-01-24T10:05:50,2026-01-24,C0086,Customer 0086,Consumer,SW,partner,1,P100,Starter Subscription,subscription,1,29.96,29.96,USD
O103515,2026-01-24T10:05:50,2026-01-24,C0086,Customer 0086,Consumer,SW,partner,2,P200,Analytics Add-on,addon,1,36.22,36.22,USD
O103515,2026-01-24T10:05:50,2026-01-24,C0086,Customer 0086,Consumer,SW,partner,3,P210,Automation Add-on,addon,1,54.64,54.64,USD
O103516,2026-01-24T19:32:53,2026-01-24,C0039,Customer 0039,Mid-Market,SW,partner,1,P120,Enterprise Subscription,subscription,1,188.96,188.96,USD
O103516,2026-01-24T19:32:53,2026-01-24,C0039,Customer 0039,Mid-Market,SW,partner,2,P310,Training Package,service,1,311.00,311.00,USD
O103517,2026-01-24T18:05:45,2026-01-24,C0137,Customer 0137,Mid-Market,NE,web,1,P120,Enterprise Subscription,subscription,1,184.98,184.98,USD
O103518,2026-01-24T18:49:25,2026-01-24,C0207,Customer 0207,Consumer,SW,mobile,1,P100,Starter Subscription,subscription,1,26.90,26.90,USD
O103519,2026-01-24T17:34:39,2026-01-24,C0133,Customer 0133,Consumer,SW,web,1,P300,Implementation Package,service,1,537.04,537.04,USD
O103519,2026-01-24T17:34:39,2026-01-24,C0133,Customer 0133,Consumer,SW,web,2,P110,Professional Subscription,subscription,1,85.11,85.11,USD
O103520,2026-01-24T13:20:18,2026-01-24,C0159,Customer 0159,Consumer,SW,web,1,P210,Automation Add-on,addon,1,59.30,59.30,USD
O103521,2026-01-24T08:52:53,2026-01-24,C0089,Customer 0089,SMB,NE,mobile,1,P110,Professional Subscription,subscription,1,84.05,84.05,USD
O103521,2026-01-24T08:52:53,2026-01-24,C0089,Customer 0089,SMB,NE,mobile,2,P120,Enterprise Subscription,subscription,1,211.60,211.60,USD
O103522,2026-01-24T19:03:00,2026-01-24,C0167,Customer 0167,Consumer,NE,mobile,1,P110,Professional Subscription,subscription,1,73.61,73.61,USD
O103523,2026-01-24T11:16:21,2026-01-24,C0103,Customer 0103,Consumer,NE,mobile,1,P120,Enterprise Subscription,subscription,1,207.97,207.97,USD
O103524,2026-01-24T17:49:59,2026-01-24,C0159,Customer 0159,Consumer,SW,web,1,P100,Starter Subscription,subscription,1,28.96,28.96,USD
O103525,2026-01-24T10:09:02,2026-01-24,C0195,Customer 0195,Consumer,SW,mobile,1,P110,Professional Subscription,subscription,1,78.97,78.97,USD
O103525,2026-01-24T10:09:02,2026-01-24,C0195,Customer 0195,Consumer,SW,mobile,2,P300,Implementation Package,service,1,524.86,524.86,USD
O103526,2026-01-24T20:36:41,2026-01-24,C0161,Customer 0161,Mid-Market,SE,web,1,P210,Automation Add-on,addon,1,59.30,59.30,USD
O103526,2026-01-24T20:36:41,2026-01-24,C0161,Customer 0161,Mid-Market,SE,web,2,P310,Training Package,service,1,315.05,315.05,USD
O103527,2026-01-24T15:52:00,2026-01-24,C0018,Customer 0018,Consumer,MW,mobile,1,P120,Enterprise Subscription,subscription,1,202.35,202.35,USD
O103528,2026-01-24T12:41:59,2026-01-24,C0182,Customer 0182,Consumer,MW,mobile,1,P100,Starter Subscription,subscription,1,27.98,27.98,USD
O103528,2026-01-24T12:41:59,2026-01-24,C0182,Customer 0182,Consumer,MW,mobile,2,P110,Professional Subscription,subscription,1,78.01,78.01,USD
O103529,2026-01-24T10:42:40,2026-01-24,C0075,Customer 0075,Consumer,NE,web,1,P310,Training Package,service,1,283.51,283.51,USD
O103529,2026-01-24T10:42:40,2026-01-24,C0075,Customer 0075,Consumer,NE,web,2,P120,Enterprise Subscription,subscription,1,202.18,202.18,USD
O103529,2026-01-24T10:42:40,2026-01-24,C0075,Customer 0075,Consumer,NE,web,3,P110,Professional Subscription,subscription,1,73.82,73.82,USD
O103530,2026-01-24T18:37:35,2026-01-24,C0157,Customer 0157,Consumer,MW,web,1,P120,Enterprise Subscription,subscription,1,187.87,187.87,USD
O103531,2026-01-24T10:46:15,2026-01-24,C0171,Customer 0171,Consumer,NE,mobile,1,P100,Starter Subscription,subscription,1,30.25,30.25,USD
O103532,2026-01-24T17:05:05,2026-01-24,C0228,Customer 0228,Consumer,SW,partner,1,P110,Professional Subscription,subscription,1,75.63,75.63,USD
O103532,2026-01-24T17:05:05,2026-01-24,C0228,Customer 0228,Consumer,SW,partner,2,P310,Training Package,service,1,312.00,312.00,USD
O103533,2026-01-24T16:38:28,2026-01-24,C0143,Customer 0143,Consumer,MW,web,1,P110,Professional Subscription,subscription,1,81.76,81.76,USD
O103533,2026-01-24T16:38:28,2026-01-24,C0143,Customer 0143,Consumer,MW,web,2,P300,Implementation Package,service,1,469.78,469.78,USD
O103534,2026-01-24T08:30:50,2026-01-24,C0226,Customer 0226,Consumer,SW,web,1,P310,Training Package,service,1,295.08,295.08,USD
O103535,2026-01-24T20:13:52,2026-01-24,C0234,Customer 0234,SMB,SW,partner,1,P120,Enterprise Subscription,subscription,1,208.10,208.10,USD
O103535,2026-01-24T20:13:52,2026-01-24,C0234,Customer 0234,SMB,SW,partner,2,P100,Starter Subscription,subscription,1,28.47,28.47,USD
O103536,2026-01-24T19:17:55,2026-01-24,C0066,Customer 0066,Consumer,NE,web,1,P100,Starter Subscription,subscription,1,29.22,29.22,USD
O103536,2026-01-24T19:17:55,2026-01-24,C0066,Customer 0066,Consumer,NE,web,2,P120,Enterprise Subscription,subscription,1,186.12,186.12,USD
O103536,2026-01-24T19:17:55,2026-01-24,C0066,Customer 0066,Consumer,NE,web,3,P110,Professional Subscription,subscription,1,82.54,82.54,USD
O103537,2026-01-25T08:39:26,2026-01-25,C0198,Customer 0198,SMB,SW,partner,1,P120,Enterprise Subscription,subscription,1,185.07,185.07,USD
O103538,2026-01-25T12:57:28,2026-01-25,C0008,Customer 0008,SMB,W,web,1,P200,Analytics Add-on,addon,2,38.04,76.08,USD
O103538,2026-01-25T12:57:28,2026-01-25,C0008,Customer 0008,SMB,W,web,2,P110,Professional Subscription,subscription,1,81.56,81.56,USD
O103538,2026-01-25T12:57:28,2026-01-25,C0008,Customer 0008,SMB,W,web,3,P120,Enterprise Subscription,subscription,1,210.27,210.27,USD
O103539,2026-01-25T10:18:20,2026-01-25,C0126,Customer 0126,SMB,SE,web,1,P100,Starter Subscription,subscription,1,30.55,30.55,USD
O103540,2026-01-25T16:29:12,2026-01-25,C0109,Customer 0109,Mid-Market,W,partner,1,P300,Implementation Package,service,1,515.19,515.19,USD
O103541,2026-01-25T16:49:34,2026-01-25,C0052,Customer 0052,SMB,MW,web,1,P200,Analytics Add-on,addon,1,39.73,39.73,USD
O103541,2026-01-25T16:49:34,2026-01-25,C0052,Customer 0052,SMB,MW,web,2,P110,Professional Subscription,subscription,1,78.66,78.66,USD
O103542,2026-01-25T12:17:40,2026-01-25,C0071,Customer 0071,Mid-Market,SW,web,1,P110,Professional Subscription,subscription,1,83.36,83.36,USD
O103542,2026-01-25T12:17:40,2026-01-25,C0071,Customer 0071,Mid-Market,SW,web,2,P100,Starter Subscription,subscription,1,30.62,30.62,USD
O103543,2026-01-25T15:32:38,2026-01-25,C0122,Customer 0122,Consumer,W,mobile,1,P200,Analytics Add-on,addon,1,36.52,36.52,USD
O103543,2026-01-25T15:32:38,2026-01-25,C0122,Customer 0122,Consumer,W,mobile,2,P300,Implementation Package,service,1,494.02,494.02,USD
O103544,2026-01-25T18:15:26,2026-01-25,C0205,Customer 0205,Consumer,SW,web,1,P200,Analytics Add-on,addon,1,41.05,41.05,USD
O103545,2026-01-25T12:28:29,2026-01-25,C0063,Customer 0063,SMB,NE,web,1,P100,Starter Subscription,subscription,1,30.06,30.06,USD
O103546,2026-01-25T20:58:47,2026-01-25,C0057,Customer 0057,Mid-Market,W,web,1,P200,Analytics Add-on,addon,1,36.15,36.15,USD
O103546,2026-01-25T20:58:47,2026-01-25,C0057,Customer 0057,Mid-Market,W,web,2,P310,Training Package,service,1,317.78,317.78,USD
O103547,2026-01-25T18:13:22,2026-01-25,C0067,Customer 0067,SMB,NE,web,1,P120,Enterprise Subscription,subscription,1,210.45,210.45,USD
O103548,2026-01-25T15:32:39,2026-01-25,C0039,Customer 0039,Mid-Market,SW,partner,1,P300,Implementation Package,service,1,530.57,530.57,USD
O103549,2026-01-25T09:14:49,2026-01-25,C0079,Customer 0079,SMB,SE,partner,1,P310,Training Package,service,1,288.66,288.66,USD
O103549,2026-01-25T09:14:49,2026-01-25,C0079,Customer 0079,SMB,SE,partner,2,P110,Professional Subscription,subscription,1,78.09,78.09,USD
O103549,2026-01-25T09:14:49,2026-01-25,C0079,Customer 0079,SMB,SE,partner,3,P100,Starter Subscription,subscription,1,31.07,31.07,USD
O103550,2026-01-25T14:31:16,2026-01-25,C0128,Customer 0128,Consumer,SE,mobile,1,P110,Professional Subscription,subscription,1,75.79,75.79,USD
O103550,2026-01-25T14:31:16,2026-01-25,C0128,Customer 0128,Consumer,SE,mobile,2,P100,Starter Subscription,subscription,1,30.39,30.39,USD
O103551,2026-01-25T18:54:14,2026-01-25,C0124,Customer 0124,SMB,SE,web,1,P200,Analytics Add-on,addon,1,37.11,37.11,USD
O103552,2026-01-25T10:37:22,2026-01-25,C0100,Customer 0100,Consumer,MW,web,1,P300,Implementation Package,service,1,469.18,469.18,USD
O103552,2026-01-25T10:37:22,2026-01-25,C0100,Customer 0100,Consumer,MW,web,2,P120,Enterprise Subscription,subscription,1,190.14,190.14,USD
O103553,2026-01-25T10:18:58,2026-01-25,C0183,Customer 0183,SMB,MW,partner,1,P110,Professional Subscription,subscription,1,78.08,78.08,USD
O103554,2026-01-25T20:40:10,2026-01-25,C0203,Customer 0203,SMB,SW,web,1,P100,Starter Subscription,subscription,1,29.73,29.73,USD
O103555,2026-01-25T12:17:51,2026-01-25,C0228,Customer 0228,Consumer,SW,partner,1,P300,Implementation Package,service,1,462.98,462.98,USD
O103556,2026-01-25T17:13:58,2026-01-25,C0234,Customer 0234,SMB,SW,mobile,1,P100,Starter Subscription,subscription,1,27.58,27.58,USD
O103556,2026-01-25T17:13:58,2026-01-25,C0234,Customer 0234,SMB,SW,mobile,2,P200,Analytics Add-on,addon,1,37.02,37.02,USD
O103557,2026-01-25T09:20:08,2026-01-25,C0169,Customer 0169,Consumer,SW,web,1,P210,Automation Add-on,addon,2,62.08,124.16,USD
O103558,2026-01-25T12:44:50,2026-01-25,C0082,Customer 0082,Consumer,SE,web,1,P200,Analytics Add-on,addon,1,36.96,36.96,USD
O103559,2026-01-25T14:55:28,2026-01-25,C0021,Customer 0021,Mid-Market,SE,web,1,P300,Implementation Package,service,1,503.36,503.36,USD
O103560,2026-01-25T14:42:09,2026-01-25,C0086,Customer 0086,Consumer,SW,mobile,1,P120,Enterprise Subscription,subscription,1,213.77,213.77,USD
O103560,2026-01-25T14:42:09,2026-01-25,C0086,Customer 0086,Consumer,SW,mobile,2,P210,Automation Add-on,addon,2,56.68,113.36,USD
O103560,2026-01-25T14:42:09,2026-01-25,C0086,Customer 0086,Consumer,SW,mobile,3,P110,Professional Subscription,subscription,1,80.00,80.00,USD
O103561,2026-01-25T14:21:36,2026-01-25,C0056,Customer 0056,Consumer,SE,mobile,1,P200,Analytics Add-on,addon,1,41.76,41.76,USD
O103562,2026-01-25T16:58:30,2026-01-25,C0182,Customer 0182,Consumer,MW,web,1,P210,Automation Add-on,addon,1,62.84,62.84,USD
O103562,2026-01-25T16:58:30,2026-01-25,C0182,Customer 0182,Consumer,MW,web,2,P200,Analytics Add-on,addon,2,37.66,75.32,USD
O103563,2026-01-25T09:33:28,2026-01-25,C0235,Customer 0235,Consumer,W,web,1,P310,Training Package,service,1,310.77,310.77,USD
O103563,2026-01-25T09:33:28,2026-01-25,C0235,Customer 0235,Consumer,W,web,2,P120,Enterprise Subscription,subscription,1,193.49,193.49,USD
O103564,2026-01-25T08:35:32,2026-01-25,C0058,Customer 0058,SMB,W,mobile,1,P120,Enterprise Subscription,subscription,1,206.84,206.84,USD
O103565,2026-01-25T19:12:45,2026-01-25,C0161,Customer 0161,Mid-Market,SE,mobile,1,P120,Enterprise Subscription,subscription,1,212.80,212.80,USD
O103566,2026-01-25T08:03:08,2026-01-25,C0102,Customer 0102,Consumer,SW,web,1,P210,Automation Add-on,addon,1,62.23,62.23,USD
O103567,2026-01-25T11:46:03,2026-01-25,C0233,Customer 0233,Mid-Market,SE,web,1,P310,Training Package,service,1,316.25,316.25,USD
O103568,2026-01-25T20:17:12,2026-01-25,C0109,Customer 0109,Mid-Market,W,web,1,P210,Automation Add-on,addon,1,57.24,57.24,USD
O103569,2026-01-25T16:47:56,2026-01-25,C0075,Customer 0075,Consumer,NE,mobile,1,P200,Analytics Add-on,addon,1,36.53,36.53,USD
O103570,2026-01-26T08:30:06,2026-01-26,C0113,Customer 0113,Enterprise,MW,mobile,1,P300,Implementation Package,service,1,462.23,462.23,USD
O103571,2026-01-26T16:37:35,2026-01-26,C0045,Customer 0045,Consumer,MW,web,1,P210,Automation Add-on,addon,2,59.98,119.96,USD
O103571,2026-01-26T16:37:35,2026-01-26,C0045,Customer 0045,Consumer,MW,web,2,P300,Implementation Package,service,1,477.55,477.55,USD
O103572,2026-01-26T13:37:44,2026-01-26,C0033,Customer 0033,SMB,W,web,1,P310,Training Package,service,1,308.54,308.54,USD
O103573,2026-01-26T10:49:28,2026-01-26,C0092,Customer 0092,Mid-Market,W,web,1,P300,Implementation Package,service,1,464.66,464.66,USD
O103574,2026-01-26T15:10:48,2026-01-26,C0007,Customer 0007,Consumer,W,mobile,1,P300,Implementation Package,service,1,479.01,479.01,USD
O103575,2026-01-26T20:25:08,2026-01-26,C0041,Customer 0041,Consumer,NE,web,1,P110,Professional Subscription,subscription,1,80.50,80.50,USD
O103575,2026-01-26T20:25:08,2026-01-26,C0041,Customer 0041,Consumer,NE,web,2,P310,Training Package,service,1,294.61,294.61,USD
O103576,2026-01-26T13:45:33,2026-01-26,C0188,Customer 0188,Mid-Market,SW,web,1,P300,Implementation Package,service,1,466.97,466.97,USD
O103576,2026-01-26T13:45:33,2026-01-26,C0188,Customer 0188,Mid-Market,SW,web,2,P310,Training Package,service,1,320.74,320.74,USD
O103577,2026-01-26T16:40:49,2026-01-26,C0089,Customer 0089,SMB,NE,web,1,P100,Starter Subscription,subscription,1,31.17,31.17,USD
O103578,2026-01-26T16:48:50,2026-01-26,C0198,Customer 0198,SMB,SW,partner,1,P310,Training Package,service,1,290.26,290.26,USD
O103578,2026-01-26T16:48:50,2026-01-26,C0198,Customer 0198,SMB,SW,partner,2,P200,Analytics Add-on,addon,1,37.78,37.78,USD
O103579,2026-01-26T12:29:39,2026-01-26,C0073,Customer 0073,Mid-Market,SW,mobile,1,P310,Training Package,service,1,299.98,299.98,USD
O103580,2026-01-26T18:32:17,2026-01-26,C0163,Customer 0163,Consumer,MW,web,1,P110,Professional Subscription,subscription,1,77.96,77.96,USD
O103580,2026-01-26T18:32:17,2026-01-26,C0163,Customer 0163,Consumer,MW,web,2,P300,Implementation Package,service,1,476.09,476.09,USD
O103581,2026-01-26T17:32:36,2026-01-26,C0172,Customer 0172,SMB,W,mobile,1,P200,Analytics Add-on,addon,2,41.51,83.02,USD
O103581,2026-01-26T17:32:36,2026-01-26,C0172,Customer 0172,SMB,W,mobile,2,P310,Training Package,service,1,318.84,318.84,USD
O103582,2026-01-26T11:17:42,2026-01-26,C0054,Customer 0054,Consumer,NE,web,1,P110,Professional Subscription,subscription,1,75.41,75.41,USD
O103583,2026-01-26T15:19:41,2026-01-26,C0139,Customer 0139,Consumer,W,web,1,P100,Starter Subscription,subscription,1,30.66,30.66,USD
O103584,2026-01-26T20:47:17,2026-01-26,C0030,Customer 0030,Consumer,SW,partner,1,P110,Professional Subscription,subscription,1,75.83,75.83,USD
O103585,2026-01-26T13:41:06,2026-01-26,C0090,Customer 0090,Consumer,NE,partner,1,P310,Training Package,service,1,303.73,303.73,USD
O103586,2026-01-26T09:03:50,2026-01-26,C0147,Customer 0147,Enterprise,W,partner,1,P210,Automation Add-on,addon,1,62.59,62.59,USD
O103586,2026-01-26T09:03:50,2026-01-26,C0147,Customer 0147,Enterprise,W,partner,2,P200,Analytics Add-on,addon,1,39.05,39.05,USD
O103587,2026-01-26T18:39:31,2026-01-26,C0111,Customer 0111,Consumer,NE,partner,1,P310,Training Package,service,1,321.53,321.53,USD
O103588,2026-01-26T08:39:32,2026-01-26,C0010,Customer 0010,Consumer,MW,partner,1,P120,Enterprise Subscription,subscription,1,211.39,211.39,USD
O103588,2026-01-26T08:39:32,2026-01-26,C0010,Customer 0010,Consumer,MW,partner,2,P300,Implementation Package,service,1,476.36,476.36,USD
O103589,2026-01-26T15:04:17,2026-01-26,C0147,Customer 0147,Enterprise,W,mobile,1,P310,Training Package,service,1,311.52,311.52,USD
O103589,2026-01-26T15:04:17,2026-01-26,C0147,Customer 0147,Enterprise,W,mobile,2,P300,Implementation Package,service,1,500.01,500.01,USD
O103590,2026-01-26T16:29:37,2026-01-26,C0089,Customer 0089,SMB,NE,web,1,P210,Automation Add-on,addon,2,61.97,123.94,USD
O103591,2026-01-26T11:19:51,2026-01-26,C0019,Customer 0019,Consumer,NE,web,1,P200,Analytics Add-on,addon,1,40.04,40.04,USD
O103591,2026-01-26T11:19:51,2026-01-26,C0019,Customer 0019,Consumer,NE,web,2,P100,Starter Subscription,subscription,1,29.67,29.67,USD
O103592,2026-01-26T12:03:18,2026-01-26,C0014,Customer 0014,Consumer,SW,web,1,P100,Starter Subscription,subscription,1,31.29,31.29,USD
O103593,2026-01-26T13:41:41,2026-01-26,C0042,Customer 0042,Consumer,MW,web,1,P110,Professional Subscription,subscription,1,78.95,78.95,USD
O103594,2026-01-26T11:39:22,2026-01-26,C0029,Customer 0029,Consumer,MW,partner,1,P300,Implementation Package,service,1,500.76,500.76,USD
O103595,2026-01-26T13:28:34,2026-01-26,C0240,Customer 0240,Consumer,W,web,1,P200,Analytics Add-on,addon,1,39.37,39.37,USD
O103596,2026-01-26T18:55:46,2026-01-26,C0129,Customer 0129,Consumer,SE,web,1,P120,Enterprise Subscription,subscription,1,195.68,195.68,USD
O103596,2026-01-26T18:55:46,2026-01-26,C0129,Customer 0129,Consumer,SE,web,2,P210,Automation Add-on,addon,1,56.43,56.43,USD
O103597,2026-01-26T10:24:21,2026-01-26,C0036,Customer 0036,Mid-Market,NE,web,1,P310,Training Package,service,1,303.52,303.52,USD
O103597,2026-01-26T10:24:21,2026-01-26,C0036,Customer 0036,Mid-Market,NE,web,2,P210,Automation Add-on,addon,2,61.03,122.06,USD
O103598,2026-01-26T17:17:24,2026-01-26,C0018,Customer 0018,Consumer,MW,web,1,P120,Enterprise Subscription,subscription,1,209.51,209.51,USD
O103598,2026-01-26T17:17:24,2026-01-26,C0018,Customer 0018,Consumer,MW,web,2,P210,Automation Add-on,addon,2,54.92,109.84,USD
O103598,2026-01-26T17:17:24,2026-01-26,C0018,Customer 0018,Consumer,MW,web,3,P300,Implementation Package,service,1,524.46,524.46,USD
O103599,2026-01-26T10:50:32,2026-01-26,C0027,Customer 0027,Consumer,MW,web,1,P120,Enterprise Subscription,subscription,1,183.33,183.33,USD
O103599,2026-01-26T10:50:32,2026-01-26,C0027,Customer 0027,Consumer,MW,web,2,P210,Automation Add-on,addon,2,61.39,122.78,USD
O103599,2026-01-26T10:50:32,2026-01-26,C0027,Customer 0027,Consumer,MW,web,3,P110,Professional Subscription,subscription,1,75.36,75.36,USD
O103600,2026-01-26T11:14:37,2026-01-26,C0208,Customer 0208,Consumer,NE,web,1,P300,Implementation Package,service,1,495.41,495.41,USD
O103601,2026-01-26T13:21:09,2026-01-26,C0226,Customer 0226,Consumer,SW,web,1,P110,Professional Subscription,subscription,1,84.26,84.26,USD
O103602,2026-01-26T19:08:54,2026-01-26,C0146,Customer 0146,SMB,SW,web,1,P120,Enterprise Subscription,subscription,1,195.34,195.34,USD
O103603,2026-01-26T12:07:29,2026-01-26,C0186,Customer 0186,Mid-Market,SE,web,1,P200,Analytics Add-on,addon,2,40.95,81.90,USD
O103604,2026-01-27T14:16:05,2026-01-27,C0193,Customer 0193,Consumer,SW,web,1,P300,Implementation Package,service,1,529.07,529.07,USD
O103605,2026-01-27T16:06:54,2026-01-27,C0152,Customer 0152,Consumer,MW,web,1,P120,Enterprise Subscription,subscription,1,203.36,203.36,USD
O103605,2026-01-27T16:06:54,2026-01-27,C0152,Customer 0152,Consumer,MW,web,2,P100,Starter Subscription,subscription,1,28.80,28.80,USD
O103606,2026-01-27T09:23:49,2026-01-27,C0068,Customer 0068,SMB,SE,partner,1,P110,Professional Subscription,subscription,1,79.73,79.73,USD
O103607,2026-01-27T10:59:17,2026-01-27,C0209,Customer 0209,SMB,NE,mobile,1,P110,Professional Subscription,subscription,1,82.71,82.71,USD
O103608,2026-01-27T15:14:37,2026-01-27,C0101,Customer 0101,SMB,SE,web,1,P100,Starter Subscription,subscription,1,29.12,29.12,USD
O103609,2026-01-27T11:36:01,2026-01-27,C0031,Customer 0031,Mid-Market,MW,partner,1,P310,Training Package,service,1,306.98,306.98,USD
O103610,2026-01-27T18:59:59,2026-01-27,C0047,Customer 0047,Consumer,MW,web,1,P110,Professional Subscription,subscription,1,84.89,84.89,USD
O103610,2026-01-27T18:59:59,2026-01-27,C0047,Customer 0047,Consumer,MW,web,2,P100,Starter Subscription,subscription,1,29.13,29.13,USD
O103611,2026-01-27T13:16:07,2026-01-27,C0063,Customer 0063,SMB,NE,web,1,P110,Professional Subscription,subscription,1,82.62,82.62,USD
O103611,2026-01-27T13:16:07,2026-01-27,C0063,Customer 0063,SMB,NE,web,2,P200,Analytics Add-on,addon,1,39.18,39.18,USD
O103612,2026-01-27T18:28:46,2026-01-27,C0238,Customer 0238,Mid-Market,MW,partner,1,P200,Analytics Add-on,addon,1,39.02,39.02,USD
O103612,2026-01-27T18:28:46,2026-01-27,C0238,Customer 0238,Mid-Market,MW,partner,2,P100,Starter Subscription,subscription,1,31.20,31.20,USD
O103613,2026-01-27T12:36:18,2026-01-27,C0021,Customer 0021,Mid-Market,SE,web,1,P200,Analytics Add-on,addon,2,37.51,75.02,USD
O103614,2026-01-27T08:41:42,2026-01-27,C0217,Customer 0217,SMB,NE,partner,1,P110,Professional Subscription,subscription,1,77.33,77.33,USD
O103615,2026-01-27T17:01:29,2026-01-27,C0001,Customer 0001,Consumer,NE,web,1,P210,Automation Add-on,addon,1,55.95,55.95,USD
O103616,2026-01-27T17:56:18,2026-01-27,C0019,Customer 0019,Consumer,NE,mobile,1,P120,Enterprise Subscription,subscription,1,200.58,200.58,USD
O103616,2026-01-27T17:56:18,2026-01-27,C0019,Customer 0019,Consumer,NE,mobile,2,P200,Analytics Add-on,addon,1,40.42,40.42,USD
O103617,2026-01-27T12:24:28,2026-01-27,C0081,Customer 0081,SMB,W,mobile,1,P120,Enterprise Subscription,subscription,1,207.60,207.60,USD
O103617,2026-01-27T12:24:28,2026-01-27,C0081,Customer 0081,SMB,W,mobile,2,P110,Professional Subscription,subscription,1,75.26,75.26,USD
O103618,2026-01-27T16:01:02,2026-01-27,C0220,Customer 0220,Enterprise,SE,web,1,P120,Enterprise Subscription,subscription,1,185.15,185.15,USD
O103618,2026-01-27T16:01:02,2026-01-27,C0220,Customer 0220,Enterprise,SE,web,2,P200,Analytics Add-on,addon,1,36.79,36.79,USD
O103619,2026-01-27T20:33:59,2026-01-27,C0020,Customer 0020,SMB,MW,partner,1,P310,Training Package,service,1,307.74,307.74,USD
O103620,2026-01-27T12:38:21,2026-01-27,C0022,Customer 0022,SMB,NE,mobile,1,P120,Enterprise Subscription,subscription,1,197.43,197.43,USD
O103620,2026-01-27T12:38:21,2026-01-27,C0022,Customer 0022,SMB,NE,mobile,2,P300,Implementation Package,service,1,479.74,479.74,USD
O103621,2026-01-27T19:05:27,2026-01-27,C0121,Customer 0121,SMB,NE,mobile,1,P120,Enterprise Subscription,subscription,1,188.35,188.35,USD
O103622,2026-01-27T11:01:13,2026-01-27,C0008,Customer 0008,SMB,W,mobile,1,P300,Implementation Package,service,1,469.79,469.79,USD
O103622,2026-01-27T11:01:13,2026-01-27,C0008,Customer 0008,SMB,W,mobile,2,P200,Analytics Add-on,addon,2,38.16,76.32,USD
O103623,2026-01-27T18:51:27,2026-01-27,C0109,Customer 0109,Mid-Market,W,web,1,P110,Professional Subscription,subscription,1,78.22,78.22,USD
O103624,2026-01-27T16:17:07,2026-01-27,C0060,Customer 0060,Consumer,MW,web,1,P200,Analytics Add-on,addon,2,39.32,78.64,USD
O103625,2026-01-27T18:16:46,2026-01-27,C0163,Customer 0163,Consumer,MW,partner,1,P110,Professional Subscription,subscription,1,74.17,74.17,USD
O103625,2026-01-27T18:16:46,2026-01-27,C0163,Customer 0163,Consumer,MW,partner,2,P200,Analytics Add-on,addon,2,38.54,77.08,USD
O103626,2026-01-27T19:22:36,2026-01-27,C0086,Customer 0086,Consumer,SW,web,1,P300,Implementation Package,service,1,499.53,499.53,USD
O103627,2026-01-27T17:47:11,2026-01-27,C0133,Customer 0133,Consumer,SW,partner,1,P200,Analytics Add-on,addon,2,40.81,81.62,USD
O103628,2026-01-27T08:26:31,2026-01-27,C0209,Customer 0209,SMB,NE,web,1,P310,Training Package,service,1,300.48,300.48,USD
O103629,2026-01-27T10:21:37,2026-01-27,C0030,Customer 0030,Consumer,SW,web,1,P100,Starter Subscription,subscription,1,27.94,27.94,USD
O103630,2026-01-27T17:19:47,2026-01-27,C0066,Customer 0066,Consumer,NE,web,1,P120,Enterprise Subscription,subscription,1,190.54,190.54,USD
O103631,2026-01-27T10:02:54,2026-01-27,C0196,Customer 0196,SMB,SW,partner,1,P120,Enterprise Subscription,subscription,1,209.93,209.93,USD
O103632,2026-01-27T12:42:27,2026-01-27,C0201,Customer 0201,Consumer,NE,web,1,P110,Professional Subscription,subscription,1,77.28,77.28,USD
O103633,2026-01-27T11:31:42,2026-01-27,C0114,Customer 0114,Consumer,MW,mobile,1,P210,Automation Add-on,addon,1,57.78,57.78,USD
O103633,2026-01-27T11:31:42,2026-01-27,C0114,Customer 0114,Consumer,MW,mobile,2,P110,Professional Subscription,subscription,1,81.28,81.28,USD
O103634,2026-01-27T15:07:49,2026-01-27,C0185,Customer 0185,SMB,SE,web,1,P210,Automation Add-on,addon,1,63.21,63.21,USD
O103634,2026-01-27T15:07:49,2026-01-27,C0185,Customer 0185,SMB,SE,web,2,P110,Professional Subscription,subscription,1,85.14,85.14,USD
O103634,2026-01-27T15:07:49,2026-01-27,C0185,Customer 0185,SMB,SE,web,3,P100,Starter Subscription,subscription,1,29.73,29.73,USD
O103635,2026-01-27T08:40:29,2026-01-27,C0189,Customer 0189,SMB,SW,mobile,1,P100,Starter Subscription,subscription,1,28.89,28.89,USD
O103636,2026-01-27T20:49:35,2026-01-27,C0225,Customer 0225,Enterprise,MW,web,1,P300,Implementation Package,service,1,459.73,459.73,USD
O103636,2026-01-27T20:49:35,2026-01-27,C0225,Customer 0225,Enterprise,MW,web,2,P110,Professional Subscription,subscription,1,84.33,84.33,USD
O103637,2026-01-27T12:37:14,2026-01-27,C0120,Customer 0120,Mid-Market,SW,partner,1,P210,Automation Add-on,addon,1,55.38,55.38,USD
O103638,2026-01-27T10:38:13,2026-01-27,C0230,Customer 0230,Enterprise,MW,web,1,P300,Implementation Package,service,1,498.20,498.20,USD
O103638,2026-01-27T10:38:13,2026-01-27,C0230,Customer 0230,Enterprise,MW,web,2,P200,Analytics Add-on,addon,1,40.80,40.80,USD
O103638,2026-01-27T10:38:13,2026-01-27,C0230,Customer 0230,Enterprise,MW,web,3,P100,Starter Subscription,subscription,1,27.80,27.80,USD
O103639,2026-01-27T12:52:12,2026-01-27,C0027,Customer 0027,Consumer,MW,web,1,P100,Starter Subscription,subscription,1,26.77,26.77,USD
O103639,2026-01-27T12:52:12,2026-01-27,C0027,Customer 0027,Consumer,MW,web,2,P200,Analytics Add-on,addon,1,36.05,36.05,USD
O103640,2026-01-27T08:00:25,2026-01-27,C0171,Customer 0171,Consumer,NE,web,1,P110,Professional Subscription,subscription,1,76.14,76.14,USD
O103641,2026-01-28T17:41:01,2026-01-28,C0076,Customer 0076,Mid-Market,MW,mobile,1,P300,Implementation Package,service,1,476.61,476.61,USD
O103641,2026-01-28T17:41:01,2026-01-28,C0076,Customer 0076,Mid-Market,MW,mobile,2,P100,Starter Subscription,subscription,1,27.63,27.63,USD
O103642,2026-01-28T18:06:46,2026-01-28,C0141,Customer 0141,SMB,MW,web,1,P300,Implementation Package,service,1,521.37,521.37,USD
O103642,2026-01-28T18:06:46,2026-01-28,C0141,Customer 0141,SMB,MW,web,2,P100,Starter Subscription,subscription,1,31.19,31.19,USD
O103643,2026-01-28T11:36:45,2026-01-28,C0079,Customer 0079,SMB,SE,web,1,P310,Training Package,service,1,282.58,282.58,USD
O103643,2026-01-28T11:36:45,2026-01-28,C0079,Customer 0079,SMB,SE,web,2,P110,Professional Subscription,subscription,1,80.62,80.62,USD
O103644,2026-01-28T16:48:58,2026-01-28,C0067,Customer 0067,SMB,NE,web,1,P110,Professional Subscription,subscription,1,75.42,75.42,USD
O103645,2026-01-28T08:39:37,2026-01-28,C0074,Customer 0074,Mid-Market,NE,web,1,P210,Automation Add-on,addon,2,61.72,123.44,USD
O103646,2026-01-28T16:46:03,2026-01-28,C0203,Customer 0203,SMB,SW,web,1,P120,Enterprise Subscription,subscription,1,210.27,210.27,USD
O103647,2026-01-28T09:52:49,2026-01-28,C0023,Customer 0023,Consumer,W,mobile,1,P100,Starter Subscription,subscription,1,30.68,30.68,USD
O103648,2026-01-28T18:33:16,2026-01-28,C0205,Customer 0205,Consumer,SW,web,1,P300,Implementation Package,service,1,521.24,521.24,USD
O103649,2026-01-28T17:14:43,2026-01-28,C0069,Customer 0069,Consumer,SE,web,1,P200,Analytics Add-on,addon,2,40.35,80.70,USD
O103649,2026-01-28T17:14:43,2026-01-28,C0069,Customer 0069,Consumer,SE,web,2,P310,Training Package,service,1,311.50,311.50,USD
O103650,2026-01-28T19:43:56,2026-01-28,C0086,Customer 0086,Consumer,SW,web,1,P310,Training Package,service,1,282.46,282.46,USD
O103651,2026-01-28T10:32:43,2026-01-28,C0115,Customer 0115,Consumer,MW,web,1,P310,Training Package,service,1,288.84,288.84,USD
O103652,2026-01-28T17:56:30,2026-01-28,C0223,Customer 0223,Consumer,MW,web,1,P310,Training Package,service,1,304.58,304.58,USD
O103652,2026-01-28T17:56:30,2026-01-28,C0223,Customer 0223,Consumer,MW,web,2,P210,Automation Add-on,addon,2,60.36,120.72,USD
O103653,2026-01-28T09:40:33,2026-01-28,C0130,Customer 0130,SMB,MW,mobile,1,P210,Automation Add-on,addon,1,57.64,57.64,USD
O103654,2026-01-28T10:32:35,2026-01-28,C0221,Customer 0221,Consumer,MW,web,1,P310,Training Package,service,1,284.62,284.62,USD
O103654,2026-01-28T10:32:35,2026-01-28,C0221,Customer 0221,Consumer,MW,web,2,P200,Analytics Add-on,addon,2,41.92,83.84,USD
O103655,2026-01-28T16:45:49,2026-01-28,C0130,Customer 0130,SMB,MW,mobile,1,P120,Enterprise Subscription,subscription,1,194.09,194.09,USD
O103656,2026-01-28T12:44:01,2026-01-28,C0030,Customer 0030,Consumer,SW,web,1,P120,Enterprise Subscription,subscription,1,192.76,192.76,USD
O103657,2026-01-28T18:02:56,2026-01-28,C0175,Customer 0175,Enterprise,W,web,1,P120,Enterprise Subscription,subscription,1,185.33,185.33,USD
O103658,2026-01-28T18:55:03,2026-01-28,C0197,Customer 0197,Mid-Market,SW,web,1,P100,Starter Subscription,subscription,1,27.01,27.01,USD
O103659,2026-01-28T20:28:09,2026-01-28,C0097,Customer 0097,Enterprise,NE,web,1,P210,Automation Add-on,addon,1,61.22,61.22,USD
O103660,2026-01-28T12:00:30,2026-01-28,C0015,Customer 0015,SMB,SW,mobile,1,P200,Analytics Add-on,addon,1,36.17,36.17,USD
O103661,2026-01-28T16:26:50,2026-01-28,C0087,Customer 0087,Mid-Market,W,mobile,1,P120,Enterprise Subscription,subscription,1,211.09,211.09,USD
O103662,2026-01-28T19:15:30,2026-01-28,C0098,Customer 0098,SMB,W,web,1,P100,Starter Subscription,subscription,1,30.76,30.76,USD
O103662,2026-01-28T19:15:30,2026-01-28,C0098,Customer 0098,SMB,W,web,2,P110,Professional Subscription,subscription,1,78.96,78.96,USD
O103663,2026-01-28T12:38:32,2026-01-28,C0157,Customer 0157,Consumer,MW,web,1,P300,Implementation Package,service,1,487.06,487.06,USD
O103663,2026-01-28T12:38:32,2026-01-28,C0157,Customer 0157,Consumer,MW,web,2,P200,Analytics Add-on,addon,1,37.28,37.28,USD
O103664,2026-01-28T19:54:14,2026-01-28,C0004,Customer 0004,Enterprise,NE,partner,1,P110,Professional Subscription,subscription,1,83.84,83.84,USD
O103665,2026-01-28T11:43:26,2026-01-28,C0090,Customer 0090,Consumer,NE,partner,1,P300,Implementation Package,service,1,492.97,492.97,USD
O103665,2026-01-28T11:43:26,2026-01-28,C0090,Customer 0090,Consumer,NE,partner,2,P210,Automation Add-on,addon,1,58.35,58.35,USD
O103666,2026-01-28T08:15:43,2026-01-28,C0027,Customer 0027,Consumer,MW,web,1,P200,Analytics Add-on,addon,1,39.19,39.19,USD
O103667,2026-01-28T09:38:48,2026-01-28,C0120,Customer 0120,Mid-Market,SW,partner,1,P310,Training Package,service,1,294.61,294.61,USD
O103667,2026-01-28T09:38:48,2026-01-28,C0120,Customer 0120,Mid-Market,SW,partner,2,P100,Starter Subscription,subscription,1,28.23,28.23,USD
O103668,2026-01-28T10:27:42,2026-01-28,C0031,Customer 0031,Mid-Market,MW,partner,1,P100,Starter Subscription,subscription,1,27.99,27.99,USD
O103669,2026-01-28T15:46:37,2026-01-28,C0155,Customer 0155,Consumer,SE,web,1,P120,Enterprise Subscription,subscription,1,195.90,195.90,USD
O103670,2026-01-28T17:06:32,2026-01-28,C0063,Customer 0063,SMB,NE,partner,1,P300,Implementation Package,service,1,492.18,492.18,USD
O103670,2026-01-28T17:06:32,2026-01-28,C0063,Customer 0063,SMB,NE,partner,2,P210,Automation Add-on,addon,1,54.92,54.92,USD
O103671,2026-01-28T17:18:04,2026-01-28,C0079,Customer 0079,SMB,SE,web,1,P200,Analytics Add-on,addon,1,40.18,40.18,USD
O103671,2026-01-28T17:18:04,2026-01-28,C0079,Customer 0079,SMB,SE,web,2,P120,Enterprise Subscription,subscription,1,189.99,189.99,USD
O103672,2026-01-28T19:16:29,2026-01-28,C0103,Customer 0103,Consumer,NE,web,1,P310,Training Package,service,1,295.85,295.85,USD
O103673,2026-01-28T20:46:53,2026-01-28,C0202,Customer 0202,Mid-Market,SW,mobile,1,P100,Starter Subscription,subscription,1,28.31,28.31,USD
O103673,2026-01-28T20:46:53,2026-01-28,C0202,Customer 0202,Mid-Market,SW,mobile,2,P120,Enterprise Subscription,subscription,1,206.55,206.55,USD
O103673,2026-01-28T20:46:53,2026-01-28,C0202,Customer 0202,Mid-Market,SW,mobile,3,P200,Analytics Add-on,addon,1,36.39,36.39,USD
O103674,2026-01-28T12:02:16,2026-01-28,C0053,Customer 0053,SMB,SE,web,1,P200,Analytics Add-on,addon,1,38.19,38.19,USD
O103675,2026-01-28T17:27:26,2026-01-28,C0064,Customer 0064,SMB,W,mobile,1,P300,Implementation Package,service,1,518.26,518.26,USD
O103675,2026-01-28T17:27:26,2026-01-28,C0064,Customer 0064,SMB,W,mobile,2,P100,Starter Subscription,subscription,1,26.69,26.69,USD
O103676,2026-01-28T18:13:56,2026-01-28,C0208,Customer 0208,Consumer,NE,mobile,1,P100,Starter Subscription,subscription,1,28.10,28.10,USD
O103676,2026-01-28T18:13:56,2026-01-28,C0208,Customer 0208,Consumer,NE,mobile,2,P310,Training Package,service,1,276.19,276.19,USD
O103676,2026-01-28T18:13:56,2026-01-28,C0208,Customer 0208,Consumer,NE,mobile,3,P120,Enterprise Subscription,subscription,1,213.15,213.15,USD
O103677,2026-01-28T17:03:15,2026-01-28,C0095,Customer 0095,SMB,SE,web,1,P210,Automation Add-on,addon,1,55.98,55.98,USD
O103677,2026-01-28T17:03:15,2026-01-28,C0095,Customer 0095,SMB,SE,web,2,P100,Starter Subscription,subscription,1,27.41,27.41,USD
O103678,2026-01-28T15:41:48,2026-01-28,C0189,Customer 0189,SMB,SW,mobile,1,P100,Starter Subscription,subscription,1,28.46,28.46,USD
O103679,2026-01-28T17:11:12,2026-01-28,C0161,Customer 0161,Mid-Market,SE,web,1,P300,Implementation Package,service,1,465.55,465.55,USD
O103679,2026-01-28T17:11:12,2026-01-28,C0161,Customer 0161,Mid-Market,SE,web,2,P310,Training Package,service,1,317.28,317.28,USD
O103679,2026-01-28T17:11:12,2026-01-28,C0161,Customer 0161,Mid-Market,SE,web,3,P200,Analytics Add-on,addon,1,37.53,37.53,USD
O103680,2026-01-28T09:53:18,2026-01-28,C0063,Customer 0063,SMB,NE,mobile,1,P200,Analytics Add-on,addon,1,41.61,41.61,USD
O103680,2026-01-28T09:53:18,2026-01-28,C0063,Customer 0063,SMB,NE,mobile,2,P300,Implementation Package,service,1,504.72,504.72,USD
O103681,2026-01-28T12:46:47,2026-01-28,C0195,Customer 0195,Consumer,SW,web,1,P120,Enterprise Subscription,subscription,1,205.67,205.67,USD
O103682,2026-01-28T16:36:14,2026-01-28,C0189,Customer 0189,SMB,SW,web,1,P200,Analytics Add-on,addon,1,37.38,37.38,USD
O103682,2026-01-28T16:36:14,2026-01-28,C0189,Customer 0189,SMB,SW,web,2,P300,Implementation Package,service,1,485.63,485.63,USD
O103683,2026-01-29T09:22:38,2026-01-29,C0134,Customer 0134,SMB,SW,mobile,1,P110,Professional Subscription,subscription,1,84.33,84.33,USD
O103683,2026-01-29T09:22:38,2026-01-29,C0134,Customer 0134,SMB,SW,mobile,2,P120,Enterprise Subscription,subscription,1,204.29,204.29,USD
O103684,2026-01-29T17:51:28,2026-01-29,C0207,Customer 0207,Consumer,SW,partner,1,P210,Automation Add-on,addon,1,54.89,54.89,USD
O103685,2026-01-29T20:16:15,2026-01-29,C0207,Customer 0207,Consumer,SW,web,1,P120,Enterprise Subscription,subscription,1,204.22,204.22,USD
O103685,2026-01-29T20:16:15,2026-01-29,C0207,Customer 0207,Consumer,SW,web,2,P210,Automation Add-on,addon,1,61.21,61.21,USD
O103685,2026-01-29T20:16:15,2026-01-29,C0207,Customer 0207,Consumer,SW,web,3,P200,Analytics Add-on,addon,1,38.79,38.79,USD
O103686,2026-01-29T16:55:30,2026-01-29,C0105,Customer 0105,SMB,SE,mobile,1,P120,Enterprise Subscription,subscription,1,200.58,200.58,USD
O103686,2026-01-29T16:55:30,2026-01-29,C0105,Customer 0105,SMB,SE,mobile,2,P200,Analytics Add-on,addon,1,38.31,38.31,USD
O103687,2026-01-29T18:22:47,2026-01-29,C0079,Customer 0079,SMB,SE,web,1,P120,Enterprise Subscription,subscription,1,204.18,204.18,USD
O103688,2026-01-29T15:47:43,2026-01-29,C0197,Customer 0197,Mid-Market,SW,web,1,P210,Automation Add-on,addon,1,57.55,57.55,USD
O103689,2026-01-29T09:56:50,2026-01-29,C0084,Customer 0084,Consumer,NE,web,1,P200,Analytics Add-on,addon,1,35.92,35.92,USD
O103690,2026-01-29T10:17:08,2026-01-29,C0195,Customer 0195,Consumer,SW,mobile,1,P310,Training Package,service,1,316.26,316.26,USD
O103691,2026-01-29T10:52:29,2026-01-29,C0059,Customer 0059,Consumer,W,web,1,P120,Enterprise Subscription,subscription,1,191.21,191.21,USD
O103691,2026-01-29T10:52:29,2026-01-29,C0059,Customer 0059,Consumer,W,web,2,P310,Training Package,service,1,311.45,311.45,USD
O103691,2026-01-29T10:52:29,2026-01-29,C0059,Customer 0059,Consumer,W,web,3,P200,Analytics Add-on,addon,1,41.02,41.02,USD
O103692,2026-01-29T20:28:56,2026-01-29,C0132,Customer 0132,SMB,NE,web,1,P200,Analytics Add-on,addon,2,40.31,80.62,USD
O103692,2026-01-29T20:28:56,2026-01-29,C0132,Customer 0132,SMB,NE,web,2,P110,Professional Subscription,subscription,1,80.80,80.80,USD
O103692,2026-01-29T20:28:56,2026-01-29,C0132,Customer 0132,SMB,NE,web,3,P210,Automation Add-on,addon,1,62.21,62.21,USD
O103693,2026-01-29T18:58:43,2026-01-29,C0015,Customer 0015,SMB,SW,web,1,P310,Training Package,service,1,304.86,304.86,USD
O103694,2026-01-29T11:57:03,2026-01-29,C0034,Customer 0034,Consumer,SW,web,1,P120,Enterprise Subscription,subscription,1,190.20,190.20,USD
O103694,2026-01-29T11:57:03,2026-01-29,C0034,Customer 0034,Consumer,SW,web,2,P210,Automation Add-on,addon,2,58.98,117.96,USD
O103695,2026-01-29T16:50:29,2026-01-29,C0144,Customer 0144,Consumer,W,partner,1,P120,Enterprise Subscription,subscription,1,191.86,191.86,USD
O103696,2026-01-29T10:56:25,2026-01-29,C0082,Customer 0082,Consumer,SE,mobile,1,P310,Training Package,service,1,298.37,298.37,USD
O103697,2026-01-29T12:03:14,2026-01-29,C0179,Customer 0179,Consumer,SW,partner,1,P110,Professional Subscription,subscription,1,79.26,79.26,USD
O103698,2026-01-29T12:26:37,2026-01-29,C0180,Customer 0180,SMB,SE,mobile,1,P200,Analytics Add-on,addon,1,41.69,41.69,USD
O103699,2026-01-29T11:08:47,2026-01-29,C0090,Customer 0090,Consumer,NE,partner,1,P300,Implementation Package,service,1,491.34,491.34,USD
O103700,2026-01-29T13:36:48,2026-01-29,C0001,Customer 0001,Consumer,NE,web,1,P200,Analytics Add-on,addon,2,38.92,77.84,USD
O103700,2026-01-29T13:36:48,2026-01-29,C0001,Customer 0001,Consumer,NE,web,2,P210,Automation Add-on,addon,1,60.19,60.19,USD
O103701,2026-01-29T14:00:18,2026-01-29,C0191,Customer 0191,SMB,W,web,1,P210,Automation Add-on,addon,2,62.26,124.52,USD
O103701,2026-01-29T14:00:18,2026-01-29,C0191,Customer 0191,SMB,W,web,2,P200,Analytics Add-on,addon,1,41.80,41.80,USD
O103702,2026-01-29T17:30:01,2026-01-29,C0060,Customer 0060,Consumer,MW,mobile,1,P310,Training Package,service,1,319.99,319.99,USD
O103703,2026-01-29T11:06:33,2026-01-29,C0225,Customer 0225,Enterprise,MW,mobile,1,P200,Analytics Add-on,addon,1,40.32,40.32,USD
O103704,2026-01-29T16:31:05,2026-01-29,C0093,Customer 0093,SMB,W,web,1,P100,Starter Subscription,subscription,1,29.98,29.98,USD
O103704,2026-01-29T16:31:05,2026-01-29,C0093,Customer 0093,SMB,W,web,2,P120,Enterprise Subscription,subscription,1,188.49,188.49,USD
O103705,2026-01-29T20:20:55,2026-01-29,C0131,Customer 0131,Consumer,SE,web,1,P310,Training Package,service,1,310.63,310.63,USD
O103706,2026-01-29T16:52:57,2026-01-29,C0056,Customer 0056,Consumer,SE,partner,1,P200,Analytics Add-on,addon,1,38.93,38.93,USD
O103707,2026-01-29T12:06:38,2026-01-29,C0119,Customer 0119,Consumer,SE,web,1,P200,Analytics Add-on,addon,1,37.37,37.37,USD
O103708,2026-01-29T11:34:13,2026-01-29,C0013,Customer 0013,Consumer,W,web,1,P310,Training Package,service,1,275.73,275.73,USD
O103708,2026-01-29T11:34:13,2026-01-29,C0013,Customer 0013,Consumer,W,web,2,P300,Implementation Package,service,1,508.51,508.51,USD
O103709,2026-01-29T17:33:01,2026-01-29,C0144,Customer 0144,Consumer,W,web,1,P110,Professional Subscription,subscription,1,73.48,73.48,USD
O103710,2026-01-29T10:38:09,2026-01-29,C0105,Customer 0105,SMB,SE,web,1,P300,Implementation Package,service,1,472.19,472.19,USD
O103711,2026-01-29T17:56:54,2026-01-29,C0182,Customer 0182,Consumer,MW,mobile,1,P210,Automation Add-on,addon,1,62.71,62.71,USD
O103711,2026-01-29T17:56:54,2026-01-29,C0182,Customer 0182,Consumer,MW,mobile,2,P100,Starter Subscription,subscription,1,27.32,27.32,USD
O103711,2026-01-29T17:56:54,2026-01-29,C0182,Customer 0182,Consumer,MW,mobile,3,P310,Training Package,service,1,322.70,322.70,USD
O103712,2026-01-29T20:08:07,2026-01-29,C0065,Customer 0065,Enterprise,NE,web,1,P120,Enterprise Subscription,subscription,1,206.98,206.98,USD
O103713,2026-01-29T16:56:13,2026-01-29,C0237,Customer 0237,Mid-Market,MW,web,1,P100,Starter Subscription,subscription,1,30.79,30.79,USD
O103714,2026-01-29T09:37:33,2026-01-29,C0102,Customer 0102,Consumer,SW,web,1,P310,Training Package,service,1,283.68,283.68,USD
O103714,2026-01-29T09:37:33,2026-01-29,C0102,Customer 0102,Consumer,SW,web,2,P300,Implementation Package,service,1,527.50,527.50,USD
O103715,2026-01-29T13:04:53,2026-01-29,C0175,Customer 0175,Enterprise,W,mobile,1,P310,Training Package,service,1,293.91,293.91,USD
O103716,2026-01-29T14:14:42,2026-01-29,C0187,Customer 0187,SMB,SW,web,1,P200,Analytics Add-on,addon,1,41.64,41.64,USD
O103716,2026-01-29T14:14:42,2026-01-29,C0187,Customer 0187,SMB,SW,web,2,P310,Training Package,service,1,289.91,289.91,USD
O103717,2026-01-29T19:19:06,2026-01-29,C0140,Customer 0140,Consumer,NE,web,1,P210,Automation Add-on,addon,1,62.57,62.57,USD
O103718,2026-01-29T19:48:05,2026-01-29,C0175,Customer 0175,Enterprise,W,web,1,P210,Automation Add-on,addon,2,56.24,112.48,USD
O103719,2026-01-29T16:21:01,2026-01-29,C0204,Customer 0204,SMB,MW,web,1,P100,Starter Subscription,subscription,1,29.56,29.56,USD
O103720,2026-01-29T12:25:08,2026-01-29,C0076,Customer 0076,Mid-Market,MW,web,1,P300,Implementation Package,service,1,534.94,534.94,USD
O103721,2026-01-29T09:42:58,2026-01-29,C0052,Customer 0052,SMB,MW,web,1,P110,Professional Subscription,subscription,1,83.28,83.28,USD
O103722,2026-01-29T10:15:41,2026-01-29,C0119,Customer 0119,Consumer,SE,web,1,P200,Analytics Add-on,addon,1,40.59,40.59,USD
O103723,2026-01-29T12:45:33,2026-01-29,C0173,Customer 0173,SMB,SE,web,1,P100,Starter Subscription,subscription,1,30.99,30.99,USD
O103723,2026-01-29T12:45:33,2026-01-29,C0173,Customer 0173,SMB,SE,web,2,P210,Automation Add-on,addon,1,59.21,59.21,USD
O103723,2026-01-29T12:45:33,2026-01-29,C0173,Customer 0173,SMB,SE,web,3,P310,Training Package,service,1,278.97,278.97,USD
O103724,2026-01-29T20:49:58,2026-01-29,C0083,Customer 0083,Mid-Market,SW,web,1,P110,Professional Subscription,subscription,1,72.82,72.82,USD
O103724,2026-01-29T20:49:58,2026-01-29,C0083,Customer 0083,Mid-Market,SW,web,2,P120,Enterprise Subscription,subscription,1,205.01,205.01,USD
O103725,2026-01-29T08:46:10,2026-01-29,C0094,Customer 0094,Consumer,NE,web,1,P200,Analytics Add-on,addon,2,36.14,72.28,USD
O103725,2026-01-29T08:46:10,2026-01-29,C0094,Customer 0094,Consumer,NE,web,2,P100,Starter Subscription,subscription,1,28.48,28.48,USD
O103726,2026-01-29T08:18:04,2026-01-29,C0185,Customer 0185,SMB,SE,web,1,P310,Training Package,service,1,291.73,291.73,USD
O103726,2026-01-29T08:18:04,2026-01-29,C0185,Customer 0185,SMB,SE,web,2,P120,Enterprise Subscription,subscription,1,196.70,196.70,USD
O103726,2026-01-29T08:18:04,2026-01-29,C0185,Customer 0185,SMB,SE,web,3,P200,Analytics Add-on,addon,1,39.33,39.33,USD
O103727,2026-01-29T10:20:58,2026-01-29,C0082,Customer 0082,Consumer,SE,web,1,P210,Automation Add-on,addon,2,61.29,122.58,USD
O103728,2026-01-30T19:57:24,2026-01-30,C0225,Customer 0225,Enterprise,MW,web,1,P200,Analytics Add-on,addon,2,41.56,83.12,USD
O103728,2026-01-30T19:57:24,2026-01-30,C0225,Customer 0225,Enterprise,MW,web,2,P110,Professional Subscription,subscription,1,75.34,75.34,USD
O103729,2026-01-30T19:36:02,2026-01-30,C0011,Customer 0011,SMB,MW,mobile,1,P110,Professional Subscription,subscription,1,83.65,83.65,USD
O103730,2026-01-30T12:46:48,2026-01-30,C0112,Customer 0112,SMB,NE,mobile,1,P310,Training Package,service,1,288.23,288.23,USD
O103731,2026-01-30T12:17:36,2026-01-30,C0016,Customer 0016,Enterprise,W,mobile,1,P200,Analytics Add-on,addon,1,38.17,38.17,USD
O103731,2026-01-30T12:17:36,2026-01-30,C0016,Customer 0016,Enterprise,W,mobile,2,P310,Training Package,service,1,277.84,277.84,USD
O103731,2026-01-30T12:17:36,2026-01-30,C0016,Customer 0016,Enterprise,W,mobile,3,P300,Implementation Package,service,1,533.64,533.64,USD
O103732,2026-01-30T11:13:18,2026-01-30,C0125,Customer 0125,Mid-Market,NE,partner,1,P310,Training Package,service,1,308.22,308.22,USD
O103733,2026-01-30T18:54:24,2026-01-30,C0154,Customer 0154,SMB,SW,web,1,P210,Automation Add-on,addon,1,57.98,57.98,USD
O103733,2026-01-30T18:54:24,2026-01-30,C0154,Customer 0154,SMB,SW,web,2,P120,Enterprise Subscription,subscription,1,207.96,207.96,USD
O103733,2026-01-30T18:54:24,2026-01-30,C0154,Customer 0154,SMB,SW,web,3,P110,Professional Subscription,subscription,1,83.97,83.97,USD
O103734,2026-01-30T11:03:41,2026-01-30,C0051,Customer 0051,Enterprise,SW,mobile,1,P200,Analytics Add-on,addon,1,41.76,41.76,USD
O103734,2026-01-30T11:03:41,2026-01-30,C0051,Customer 0051,Enterprise,SW,mobile,2,P110,Professional Subscription,subscription,1,74.48,74.48,USD
O103735,2026-01-30T14:32:15,2026-01-30,C0002,Customer 0002,SMB,SE,mobile,1,P100,Starter Subscription,subscription,1,30.94,30.94,USD
O103736,2026-01-30T13:44:12,2026-01-30,C0136,Customer 0136,SMB,SE,web,1,P300,Implementation Package,service,1,514.92,514.92,USD
O103736,2026-01-30T13:44:12,2026-01-30,C0136,Customer 0136,SMB,SE,web,2,P120,Enterprise Subscription,subscription,1,200.23,200.23,USD
O103736,2026-01-30T13:44:12,2026-01-30,C0136,Customer 0136,SMB,SE,web,3,P100,Starter Subscription,subscription,1,30.34,30.34,USD
O103737,2026-01-30T18:48:39,2026-01-30,C0178,Customer 0178,Consumer,W,mobile,1,P200,Analytics Add-on,addon,1,40.70,40.70,USD
O103738,2026-01-30T13:28:30,2026-01-30,C0119,Customer 0119,Consumer,SE,partner,1,P110,Professional Subscription,subscription,1,72.70,72.70,USD
O103739,2026-01-30T17:12:03,2026-01-30,C0138,Customer 0138,Mid-Market,W,web,1,P110,Professional Subscription,subscription,1,81.75,81.75,USD
O103739,2026-01-30T17:12:03,2026-01-30,C0138,Customer 0138,Mid-Market,W,web,2,P210,Automation Add-on,addon,2,57.82,115.64,USD
O103739,2026-01-30T17:12:03,2026-01-30,C0138,Customer 0138,Mid-Market,W,web,3,P100,Starter Subscription,subscription,1,29.76,29.76,USD
O103740,2026-01-30T19:35:22,2026-01-30,C0233,Customer 0233,Mid-Market,SE,partner,1,P120,Enterprise Subscription,subscription,1,213.86,213.86,USD
O103740,2026-01-30T19:35:22,2026-01-30,C0233,Customer 0233,Mid-Market,SE,partner,2,P210,Automation Add-on,addon,1,62.07,62.07,USD
O103741,2026-01-30T19:23:13,2026-01-30,C0162,Customer 0162,SMB,W,partner,1,P300,Implementation Package,service,1,511.76,511.76,USD
O103742,2026-01-30T16:58:31,2026-01-30,C0168,Customer 0168,Mid-Market,W,web,1,P210,Automation Add-on,addon,2,58.67,117.34,USD
O103743,2026-01-30T11:44:45,2026-01-30,C0116,Customer 0116,Mid-Market,NE,web,1,P100,Starter Subscription,subscription,1,31.14,31.14,USD
O103743,2026-01-30T11:44:45,2026-01-30,C0116,Customer 0116,Mid-Market,NE,web,2,P310,Training Package,service,1,313.40,313.40,USD
O103743,2026-01-30T11:44:45,2026-01-30,C0116,Customer 0116,Mid-Market,NE,web,3,P120,Enterprise Subscription,subscription,1,191.17,191.17,USD
O103744,2026-01-30T11:57:42,2026-01-30,C0167,Customer 0167,Consumer,NE,partner,1,P310,Training Package,service,1,287.92,287.92,USD
O103745,2026-01-30T13:27:54,2026-01-30,C0004,Customer 0004,Enterprise,NE,web,1,P310,Training Package,service,1,317.30,317.30,USD
O103746,2026-01-30T10:32:37,2026-01-30,C0126,Customer 0126,SMB,SE,web,1,P100,Starter Subscription,subscription,1,27.28,27.28,USD
O103747,2026-01-30T13:50:05,2026-01-30,C0132,Customer 0132,SMB,NE,web,1,P120,Enterprise Subscription,subscription,1,203.98,203.98,USD
O103747,2026-01-30T13:50:05,2026-01-30,C0132,Customer 0132,SMB,NE,web,2,P300,Implementation Package,service,1,531.26,531.26,USD
O103747,2026-01-30T13:50:05,2026-01-30,C0132,Customer 0132,SMB,NE,web,3,P100,Starter Subscription,subscription,1,27.04,27.04,USD
O103748,2026-01-30T20:02:30,2026-01-30,C0022,Customer 0022,SMB,NE,web,1,P210,Automation Add-on,addon,1,58.18,58.18,USD
O103749,2026-01-30T12:52:01,2026-01-30,C0184,Customer 0184,SMB,MW,web,1,P110,Professional Subscription,subscription,1,75.03,75.03,USD
O103749,2026-01-30T12:52:01,2026-01-30,C0184,Customer 0184,SMB,MW,web,2,P300,Implementation Package,service,1,481.27,481.27,USD
O103750,2026-01-30T17:11:09,2026-01-30,C0066,Customer 0066,Consumer,NE,web,1,P110,Professional Subscription,subscription,1,74.06,74.06,USD
O103751,2026-01-30T14:08:27,2026-01-30,C0050,Customer 0050,Consumer,W,web,1,P310,Training Package,service,1,320.08,320.08,USD
O103751,2026-01-30T14:08:27,2026-01-30,C0050,Customer 0050,Consumer,W,web,2,P100,Starter Subscription,subscription,1,27.64,27.64,USD
O103751,2026-01-30T14:08:27,2026-01-30,C0050,Customer 0050,Consumer,W,web,3,P110,Professional Subscription,subscription,1,79.25,79.25,USD
O103752,2026-01-30T09:05:32,2026-01-30,C0101,Customer 0101,SMB,SE,mobile,1,P310,Training Package,service,1,287.45,287.45,USD
O103753,2026-01-30T17:10:48,2026-01-30,C0207,Customer 0207,Consumer,SW,partner,1,P300,Implementation Package,service,1,487.34,487.34,USD
O103754,2026-01-30T17:43:44,2026-01-30,C0051,Customer 0051,Enterprise,SW,web,1,P100,Starter Subscription,subscription,1,30.36,30.36,USD
O103754,2026-01-30T17:43:44,2026-01-30,C0051,Customer 0051,Enterprise,SW,web,2,P120,Enterprise Subscription,subscription,1,188.39,188.39,USD
O103755,2026-01-30T10:15:19,2026-01-30,C0089,Customer 0089,SMB,NE,mobile,1,P110,Professional Subscription,subscription,1,81.65,81.65,USD
O103756,2026-01-30T11:34:34,2026-01-30,C0125,Customer 0125,Mid-Market,NE,mobile,1,P300,Implementation Package,service,1,510.79,510.79,USD
O103757,2026-01-30T15:53:00,2026-01-30,C0181,Customer 0181,SMB,W,web,1,P100,Starter Subscription,subscription,1,31.19,31.19,USD
O103758,2026-01-30T08:39:41,2026-01-30,C0009,Customer 0009,Consumer,NE,mobile,1,P120,Enterprise Subscription,subscription,1,212.39,212.39,USD
O103759,2026-01-30T14:10:24,2026-01-30,C0084,Customer 0084,Consumer,NE,mobile,1,P300,Implementation Package,service,1,472.01,472.01,USD
O103760,2026-01-30T18:07:34,2026-01-30,C0024,Customer 0024,SMB,SW,partner,1,P210,Automation Add-on,addon,2,55.09,110.18,USD
O103761,2026-01-30T08:42:40,2026-01-30,C0173,Customer 0173,SMB,SE,partner,1,P200,Analytics Add-on,addon,1,35.96,35.96,USD
O103762,2026-01-30T11:30:57,2026-01-30,C0057,Customer 0057,Mid-Market,W,web,1,P310,Training Package,service,1,285.90,285.90,USD
O103763,2026-01-30T11:36:51,2026-01-30,C0050,Customer 0050,Consumer,W,mobile,1,P310,Training Package,service,1,283.26,283.26,USD
O103763,2026-01-30T11:36:51,2026-01-30,C0050,Customer 0050,Consumer,W,mobile,2,P300,Implementation Package,service,1,486.18,486.18,USD
O103764,2026-01-30T15:08:42,2026-01-30,C0122,Customer 0122,Consumer,W,partner,1,P100,Starter Subscription,subscription,1,26.73,26.73,USD
O103765,2026-01-30T08:51:29,2026-01-30,C0179,Customer 0179,Consumer,SW,mobile,1,P100,Starter Subscription,subscription,1,28.63,28.63,USD
O103766,2026-01-30T09:11:12,2026-01-30,C0055,Customer 0055,Mid-Market,NE,web,1,P110,Professional Subscription,subscription,1,84.64,84.64,USD
O103767,2026-01-30T12:05:18,2026-01-30,C0111,Customer 0111,Consumer,NE,web,1,P110,Professional Subscription,subscription,1,73.47,73.47,USD
O103767,2026-01-30T12:05:18,2026-01-30,C0111,Customer 0111,Consumer,NE,web,2,P310,Training Package,service,1,316.95,316.95,USD
O103768,2026-01-30T13:41:19,2026-01-30,C0091,Customer 0091,Mid-Market,NE,mobile,1,P110,Professional Subscription,subscription,1,76.58,76.58,USD
O103769,2026-01-30T14:31:27,2026-01-30,C0060,Customer 0060,Consumer,MW,mobile,1,P110,Professional Subscription,subscription,1,77.11,77.11,USD
O103770,2026-01-30T15:51:43,2026-01-30,C0100,Customer 0100,Consumer,MW,mobile,1,P110,Professional Subscription,subscription,1,81.68,81.68,USD
O103771,2026-01-30T14:02:42,2026-01-30,C0191,Customer 0191,SMB,W,web,1,P110,Professional Subscription,subscription,1,77.16,77.16,USD
O103771,2026-01-30T14:02:42,2026-01-30,C0191,Customer 0191,SMB,W,web,2,P300,Implementation Package,service,1,491.73,491.73,USD
O103771,2026-01-30T14:02:42,2026-01-30,C0191,Customer 0191,SMB,W,web,3,P100,Starter Subscription,subscription,1,29.41,29.41,USD
O103772,2026-01-31T18:47:36,2026-01-31,C0054,Customer 0054,Consumer,NE,web,1,P120,Enterprise Subscription,subscription,1,186.28,186.28,USD
O103772,2026-01-31T18:47:36,2026-01-31,C0054,Customer 0054,Consumer,NE,web,2,P100,Starter Subscription,subscription,1,28.89,28.89,USD
O103773,2026-01-31T16:13:41,2026-01-31,C0232,Customer 0232,Mid-Market,W,web,1,P300,Implementation Package,service,1,491.65,491.65,USD
O103774,2026-01-31T08:03:21,2026-01-31,C0089,Customer 0089,SMB,NE,web,1,P100,Starter Subscription,subscription,1,28.48,28.48,USD
O103775,2026-01-31T09:59:23,2026-01-31,C0020,Customer 0020,SMB,MW,web,1,P100,Starter Subscription,subscription,1,29.91,29.91,USD
O103775,2026-01-31T09:59:23,2026-01-31,C0020,Customer 0020,SMB,MW,web,2,P300,Implementation Package,service,1,536.24,536.24,USD
O103775,2026-01-31T09:59:23,2026-01-31,C0020,Customer 0020,SMB,MW,web,3,P200,Analytics Add-on,addon,1,38.49,38.49,USD
O103776,2026-01-31T11:19:56,2026-01-31,C0216,Customer 0216,Consumer,SE,web,1,P300,Implementation Package,service,1,466.53,466.53,USD
O103777,2026-01-31T17:07:54,2026-01-31,C0177,Customer 0177,Consumer,W,web,1,P200,Analytics Add-on,addon,2,36.39,72.78,USD
O103777,2026-01-31T17:07:54,2026-01-31,C0177,Customer 0177,Consumer,W,web,2,P110,Professional Subscription,subscription,1,78.82,78.82,USD
O103778,2026-01-31T11:34:01,2026-01-31,C0105,Customer 0105,SMB,SE,web,1,P110,Professional Subscription,subscription,1,78.45,78.45,USD
O103779,2026-01-31T16:00:30,2026-01-31,C0077,Customer 0077,SMB,SE,web,1,P200,Analytics Add-on,addon,1,38.61,38.61,USD
O103780,2026-01-31T12:45:25,2026-01-31,C0042,Customer 0042,Consumer,MW,web,1,P200,Analytics Add-on,addon,1,36.94,36.94,USD
O103781,2026-01-31T13:50:01,2026-01-31,C0049,Customer 0049,Mid-Market,SE,web,1,P200,Analytics Add-on,addon,2,37.66,75.32,USD
O103782,2026-01-31T16:15:49,2026-01-31,C0148,Customer 0148,Consumer,SE,partner,1,P300,Implementation Package,service,1,473.93,473.93,USD
O103783,2026-01-31T15:25:21,2026-01-31,C0239,Customer 0239,Mid-Market,W,web,1,P100,Starter Subscription,subscription,1,30.33,30.33,USD
O103784,2026-01-31T10:54:14,2026-01-31,C0037,Customer 0037,SMB,SE,web,1,P310,Training Package,service,1,315.87,315.87,USD
O103785,2026-01-31T14:17:19,2026-01-31,C0104,Customer 0104,Mid-Market,W,web,1,P200,Analytics Add-on,addon,1,39.46,39.46,USD
O103786,2026-01-31T11:43:34,2026-01-31,C0116,Customer 0116,Mid-Market,NE,mobile,1,P300,Implementation Package,service,1,464.34,464.34,USD
O103787,2026-01-31T10:39:54,2026-01-31,C0011,Customer 0011,SMB,MW,web,1,P200,Analytics Add-on,addon,1,36.54,36.54,USD
O103787,2026-01-31T10:39:54,2026-01-31,C0011,Customer 0011,SMB,MW,web,2,P300,Implementation Package,service,1,495.21,495.21,USD
O103788,2026-01-31T13:47:11,2026-01-31,C0210,Customer 0210,SMB,NE,web,1,P300,Implementation Package,service,1,466.48,466.48,USD
O103789,2026-01-31T09:22:59,2026-01-31,C0234,Customer 0234,SMB,SW,partner,1,P210,Automation Add-on,addon,1,54.78,54.78,USD
O103790,2026-01-31T09:49:40,2026-01-31,C0019,Customer 0019,Consumer,NE,web,1,P300,Implementation Package,service,1,533.49,533.49,USD
O103790,2026-01-31T09:49:40,2026-01-31,C0019,Customer 0019,Consumer,NE,web,2,P120,Enterprise Subscription,subscription,1,208.16,208.16,USD
O103790,2026-01-31T09:49:40,2026-01-31,C0019,Customer 0019,Consumer,NE,web,3,P100,Starter Subscription,subscription,1,31.01,31.01,USD
O103791,2026-01-31T18:39:59,2026-01-31,C0058,Customer 0058,SMB,W,web,1,P210,Automation Add-on,addon,1,55.39,55.39,USD
O103791,2026-01-31T18:39:59,2026-01-31,C0058,Customer 0058,SMB,W,web,2,P200,Analytics Add-on,addon,2,36.64,73.28,USD
O103792,2026-01-31T09:57:12,2026-01-31,C0086,Customer 0086,Consumer,SW,web,1,P100,Starter Subscription,subscription,1,29.66,29.66,USD
O103792,2026-01-31T09:57:12,2026-01-31,C0086,Customer 0086,Consumer,SW,web,2,P200,Analytics Add-on,addon,1,37.92,37.92,USD
O103792,2026-01-31T09:57:12,2026-01-31,C0086,Customer 0086,Consumer,SW,web,3,P120,Enterprise Subscription,subscription,1,197.74,197.74,USD
O103793,2026-01-31T18:08:18,2026-01-31,C0019,Customer 0019,Consumer,NE,mobile,1,P210,Automation Add-on,addon,1,56.27,56.27,USD
O103794,2026-01-31T17:09:37,2026-01-31,C0065,Customer 0065,Enterprise,NE,mobile,1,P300,Implementation Package,service,1,495.77,495.77,USD
O103794,2026-01-31T17:09:37,2026-01-31,C0065,Customer 0065,Enterprise,NE,mobile,2,P200,Analytics Add-on,addon,1,39.86,39.86,USD
O103794,2026-01-31T17:09:37,2026-01-31,C0065,Customer 0065,Enterprise,NE,mobile,3,P210,Automation Add-on,addon,1,55.54,55.54,USD
O103795,2026-01-31T15:42:09,2026-01-31,C0020,Customer 0020,SMB,MW,web,1,P110,Professional Subscription,subscription,1,81.37,81.37,USD
O103796,2026-01-31T14:25:48,2026-01-31,C0105,Customer 0105,SMB,SE,web,1,P210,Automation Add-on,addon,1,60.83,60.83,USD
O103796,2026-01-31T14:25:48,2026-01-31,C0105,Customer 0105,SMB,SE,web,2,P310,Training Package,service,1,301.36,301.36,USD
O103797,2026-01-31T10:36:07,2026-01-31,C0153,Customer 0153,Consumer,W,web,1,P310,Training Package,service,1,314.14,314.14,USD
O103798,2026-01-31T16:40:52,2026-01-31,C0226,Customer 0226,Consumer,SW,web,1,P310,Training Package,service,1,313.18,313.18,USD
O103799,2026-01-31T11:52:35,2026-01-31,C0153,Customer 0153,Consumer,W,mobile,1,P100,Starter Subscription,subscription,1,26.72,26.72,USD
O103800,2026-01-31T08:00:06,2026-01-31,C0076,Customer 0076,Mid-Market,MW,partner,1,P210,Automation Add-on,addon,1,55.15,55.15,USD
O103801,2026-01-31T08:25:36,2026-01-31,C0148,Customer 0148,Consumer,SE,web,1,P300,Implementation Package,service,1,472.31,472.31,USD
O103801,2026-01-31T08:25:36,2026-01-31,C0148,Customer 0148,Consumer,SE,web,2,P110,Professional Subscription,subscription,1,73.87,73.87,USD
O103802,2026-01-31T11:03:10,2026-01-31,C0009,Customer 0009,Consumer,NE,web,1,P310,Training Package,service,1,302.16,302.16,USD
O103802,2026-01-31T11:03:10,2026-01-31,C0009,Customer 0009,Consumer,NE,web,2,P200,Analytics Add-on,addon,1,36.48,36.48,USD
O103803,2026-01-31T19:53:53,2026-01-31,C0184,Customer 0184,SMB,MW,mobile,1,P110,Professional Subscription,subscription,1,82.02,82.02,USD
O103804,2026-01-31T19:54:05,2026-01-31,C0203,Customer 0203,SMB,SW,mobile,1,P110,Professional Subscription,subscription,1,78.78,78.78,USD
O103805,2026-01-31T19:42:40,2026-01-31,C0068,Customer 0068,SMB,SE,mobile,1,P110,Professional Subscription,subscription,1,78.56,78.56,USD
O103806,2026-01-31T13:51:43,2026-01-31,C0005,Customer 0005,SMB,SE,web,1,P310,Training Package,service,1,304.42,304.42,USD
O103807,2026-01-31T10:14:10,2026-01-31,C0074,Customer 0074,Mid-Market,NE,web,1,P210,Automation Add-on,addon,2,58.63,117.26,USD
O103808,2026-01-31T14:27:09,2026-01-31,C0005,Customer 0005,SMB,SE,mobile,1,P210,Automation Add-on,addon,1,60.26,60.26,USD
O103809,2026-01-31T19:25:21,2026-01-31,C0060,Customer 0060,Consumer,MW,web,1,P120,Enterprise Subscription,subscription,1,197.82,197.82,USD
O103810,2026-01-31T08:34:39,2026-01-31,C0233,Customer 0233,Mid-Market,SE,mobile,1,P200,Analytics Add-on,addon,2,36.63,73.26,USD
O103810,2026-01-31T08:34:39,2026-01-31,C0233,Customer 0233,Mid-Market,SE,mobile,2,P100,Starter Subscription,subscription,1,26.78,26.78,USD
O103810,2026-01-31T08:34:39,2026-01-31,C0233,Customer 0233,Mid-Market,SE,mobile,3,P110,Professional Subscription,subscription,1,85.16,85.16,USD
O103811,2026-02-01T10:49:38,2026-02-01,C0041,Customer 0041,Consumer,NE,web,1,P100,Starter Subscription,subscription,1,28.82,28.82,USD
O103812,2026-02-01T14:12:50,2026-02-01,C0098,Customer 0098,SMB,W,web,1,P210,Automation Add-on,addon,1,56.98,56.98,USD
O103813,2026-02-01T18:46:37,2026-02-01,C0171,Customer 0171,Consumer,NE,partner,1,P310,Training Package,service,1,316.21,316.21,USD
O103814,2026-02-01T16:55:58,2026-02-01,C0061,Customer 0061,Consumer,MW,web,1,P110,Professional Subscription,subscription,1,79.87,79.87,USD
O103814,2026-02-01T16:55:58,2026-02-01,C0061,Customer 0061,Consumer,MW,web,2,P120,Enterprise Subscription,subscription,1,198.12,198.12,USD
O103815,2026-02-01T12:45:16,2026-02-01,C0046,Customer 0046,Consumer,W,mobile,1,P210,Automation Add-on,addon,1,55.10,55.10,USD
O103815,2026-02-01T12:45:16,2026-02-01,C0046,Customer 0046,Consumer,W,mobile,2,P110,Professional Subscription,subscription,1,74.38,74.38,USD
O103816,2026-02-01T20:47:31,2026-02-01,C0160,Customer 0160,Mid-Market,SE,mobile,1,P200,Analytics Add-on,addon,2,41.29,82.58,USD
O103817,2026-02-01T17:12:37,2026-02-01,C0198,Customer 0198,SMB,SW,web,1,P210,Automation Add-on,addon,2,63.29,126.58,USD
O103817,2026-02-01T17:12:37,2026-02-01,C0198,Customer 0198,SMB,SW,web,2,P300,Implementation Package,service,1,484.69,484.69,USD
O103817,2026-02-01T17:12:37,2026-02-01,C0198,Customer 0198,SMB,SW,web,3,P310,Training Package,service,1,286.06,286.06,USD
O103818,2026-02-01T17:02:16,2026-02-01,C0068,Customer 0068,SMB,SE,partner,1,P300,Implementation Package,service,1,483.63,483.63,USD
O103818,2026-02-01T17:02:16,2026-02-01,C0068,Customer 0068,SMB,SE,partner,2,P210,Automation Add-on,addon,2,61.33,122.66,USD
O103819,2026-02-01T13:09:40,2026-02-01,C0054,Customer 0054,Consumer,NE,partner,1,P310,Training Package,service,1,278.29,278.29,USD
O103819,2026-02-01T13:09:40,2026-02-01,C0054,Customer 0054,Consumer,NE,partner,2,P100,Starter Subscription,subscription,1,27.64,27.64,USD
O103820,2026-02-01T17:38:46,2026-02-01,C0079,Customer 0079,SMB,SE,web,1,P100,Starter Subscription,subscription,1,28.14,28.14,USD
O103820,2026-02-01T17:38:46,2026-02-01,C0079,Customer 0079,SMB,SE,web,2,P310,Training Package,service,1,304.15,304.15,USD
O103821,2026-02-01T12:27:23,2026-02-01,C0167,Customer 0167,Consumer,NE,partner,1,P210,Automation Add-on,addon,1,60.35,60.35,USD
O103821,2026-02-01T12:27:23,2026-02-01,C0167,Customer 0167,Consumer,NE,partner,2,P200,Analytics Add-on,addon,2,41.14,82.28,USD
O103822,2026-02-01T11:32:00,2026-02-01,C0133,Customer 0133,Consumer,SW,mobile,1,P200,Analytics Add-on,addon,2,39.78,79.56,USD
O103823,2026-02-01T15:50:56,2026-02-01,C0040,Customer 0040,SMB,W,partner,1,P120,Enterprise Subscription,subscription,1,212.20,212.20,USD
O103824,2026-02-01T16:32:21,2026-02-01,C0038,Customer 0038,Mid-Market,NE,web,1,P110,Professional Subscription,subscription,1,80.69,80.69,USD
O103824,2026-02-01T16:32:21,2026-02-01,C0038,Customer 0038,Mid-Market,NE,web,2,P210,Automation Add-on,addon,1,61.60,61.60,USD
O103825,2026-02-01T14:08:19,2026-02-01,C0137,Customer 0137,Mid-Market,NE,web,1,P300,Implementation Package,service,1,473.51,473.51,USD
O103826,2026-02-01T08:21:32,2026-02-01,C0197,Customer 0197,Mid-Market,SW,web,1,P210,Automation Add-on,addon,1,54.41,54.41,USD
O103826,2026-02-01T08:21:32,2026-02-01,C0197,Customer 0197,Mid-Market,SW,web,2,P100,Starter Subscription,subscription,1,31.08,31.08,USD
O103827,2026-02-01T11:15:18,2026-02-01,C0131,Customer 0131,Consumer,SE,mobile,1,P100,Starter Subscription,subscription,1,29.34,29.34,USD
O103828,2026-02-01T10:33:25,2026-02-01,C0112,Customer 0112,SMB,NE,mobile,1,P120,Enterprise Subscription,subscription,1,210.60,210.60,USD
O103829,2026-02-01T19:16:05,2026-02-01,C0009,Customer 0009,Consumer,NE,web,1,P100,Starter Subscription,subscription,1,30.88,30.88,USD
O103830,2026-02-01T14:49:02,2026-02-01,C0089,Customer 0089,SMB,NE,web,1,P100,Starter Subscription,subscription,1,30.22,30.22,USD
O103831,2026-02-01T12:44:11,2026-02-01,C0167,Customer 0167,Consumer,NE,partner,1,P100,Starter Subscription,subscription,1,27.41,27.41,USD
O103832,2026-02-01T13:58:18,2026-02-01,C0182,Customer 0182,Consumer,MW,web,1,P310,Training Package,service,1,309.51,309.51,USD
O103832,2026-02-01T13:58:18,2026-02-01,C0182,Customer 0182,Consumer,MW,web,2,P120,Enterprise Subscription,subscription,1,186.17,186.17,USD
O103833,2026-02-01T12:12:32,2026-02-01,C0011,Customer 0011,SMB,MW,web,1,P200,Analytics Add-on,addon,2,37.66,75.32,USD
O103834,2026-02-01T14:25:15,2026-02-01,C0105,Customer 0105,SMB,SE,web,1,P210,Automation Add-on,addon,1,63.06,63.06,USD
O103834,2026-02-01T14:25:15,2026-02-01,C0105,Customer 0105,SMB,SE,web,2,P100,Starter Subscription,subscription,1,27.86,27.86,USD
O103835,2026-02-01T12:34:59,2026-02-01,C0009,Customer 0009,Consumer,NE,partner,1,P100,Starter Subscription,subscription,1,29.79,29.79,USD
O103835,2026-02-01T12:34:59,2026-02-01,C0009,Customer 0009,Consumer,NE,partner,2,P310,Training Package,service,1,310.88,310.88,USD
O103836,2026-02-01T15:38:21,2026-02-01,C0147,Customer 0147,Enterprise,W,mobile,1,P200,Analytics Add-on,addon,1,38.44,38.44,USD
O103837,2026-02-01T12:04:24,2026-02-01,C0147,Customer 0147,Enterprise,W,partner,1,P120,Enterprise Subscription,subscription,1,204.65,204.65,USD
O103837,2026-02-01T12:04:24,2026-02-01,C0147,Customer 0147,Enterprise,W,partner,2,P100,Starter Subscription,subscription,1,30.66,30.66,USD
O103837,2026-02-01T12:04:24,2026-02-01,C0147,Customer 0147,Enterprise,W,partner,3,P200,Analytics Add-on,addon,1,40.14,40.14,USD
O103838,2026-02-01T11:06:16,2026-02-01,C0185,Customer 0185,SMB,SE,partner,1,P310,Training Package,service,1,292.68,292.68,USD
O103838,2026-02-01T11:06:16,2026-02-01,C0185,Customer 0185,SMB,SE,partner,2,P110,Professional Subscription,subscription,1,80.80,80.80,USD
O103838,2026-02-01T11:06:16,2026-02-01,C0185,Customer 0185,SMB,SE,partner,3,P200,Analytics Add-on,addon,1,38.55,38.55,USD
O103839,2026-02-02T11:52:40,2026-02-02,C0026,Customer 0026,Consumer,NE,partner,1,P100,Starter Subscription,subscription,1,30.28,30.28,USD
O103840,2026-02-02T13:41:29,2026-02-02,C0234,Customer 0234,SMB,SW,mobile,1,P120,Enterprise Subscription,subscription,1,202.98,202.98,USD
O103841,2026-02-02T17:44:55,2026-02-02,C0022,Customer 0022,SMB,NE,web,1,P120,Enterprise Subscription,subscription,1,186.91,186.91,USD
O103842,2026-02-02T13:09:26,2026-02-02,C0002,Customer 0002,SMB,SE,mobile,1,P300,Implementation Package,service,1,481.98,481.98,USD
O103842,2026-02-02T13:09:26,2026-02-02,C0002,Customer 0002,SMB,SE,mobile,2,P100,Starter Subscription,subscription,1,29.07,29.07,USD
O103843,2026-02-02T14:15:04,2026-02-02,C0203,Customer 0203,SMB,SW,web,1,P100,Starter Subscription,subscription,1,29.10,29.10,USD
O103844,2026-02-02T17:48:27,2026-02-02,C0228,Customer 0228,Consumer,SW,web,1,P100,Starter Subscription,subscription,1,30.95,30.95,USD
O103844,2026-02-02T17:48:27,2026-02-02,C0228,Customer 0228,Consumer,SW,web,2,P120,Enterprise Subscription,subscription,1,199.31,199.31,USD
O103845,2026-02-02T15:49:15,2026-02-02,C0223,Customer 0223,Consumer,MW,web,1,P210,Automation Add-on,addon,2,58.42,116.84,USD
O103846,2026-02-02T20:55:08,2026-02-02,C0021,Customer 0021,Mid-Market,SE,web,1,P210,Automation Add-on,addon,2,60.18,120.36,USD
O103847,2026-02-02T08:09:03,2026-02-02,C0055,Customer 0055,Mid-Market,NE,mobile,1,P300,Implementation Package,service,1,486.09,486.09,USD
O103848,2026-02-02T09:48:23,2026-02-02,C0235,Customer 0235,Consumer,W,partner,1,P100,Starter Subscription,subscription,1,31.29,31.29,USD
O103849,2026-02-02T11:29:05,2026-02-02,C0025,Customer 0025,SMB,W,web,1,P110,Professional Subscription,subscription,1,83.88,83.88,USD
O103850,2026-02-02T16:27:49,2026-02-02,C0113,Customer 0113,Enterprise,MW,partner,1,P300,Implementation Package,service,1,494.02,494.02,USD
O103850,2026-02-02T16:27:49,2026-02-02,C0113,Customer 0113,Enterprise,MW,partner,2,P120,Enterprise Subscription,subscription,1,189.55,189.55,USD
O103850,2026-02-02T16:27:49,2026-02-02,C0113,Customer 0113,Enterprise,MW,partner,3,P210,Automation Add-on,addon,1,60.49,60.49,USD
O103851,2026-02-02T15:42:09,2026-02-02,C0115,Customer 0115,Consumer,MW,web,1,P210,Automation Add-on,addon,2,60.18,120.36,USD
O103851,2026-02-02T15:42:09,2026-02-02,C0115,Customer 0115,Consumer,MW,web,2,P200,Analytics Add-on,addon,1,40.92,40.92,USD
O103851,2026-02-02T15:42:09,2026-02-02,C0115,Customer 0115,Consumer,MW,web,3,P120,Enterprise Subscription,subscription,1,186.12,186.12,USD
O103852,2026-02-02T14:28:18,2026-02-02,C0072,Customer 0072,SMB,NE,mobile,1,P210,Automation Add-on,addon,1,60.86,60.86,USD
O103853,2026-02-02T15:56:32,2026-02-02,C0048,Customer 0048,Enterprise,SE,web,1,P100,Starter Subscription,subscription,1,28.47,28.47,USD
O103854,2026-02-02T08:32:59,2026-02-02,C0194,Customer 0194,Consumer,W,web,1,P110,Professional Subscription,subscription,1,76.26,76.26,USD
O103855,2026-02-02T15:51:29,2026-02-02,C0138,Customer 0138,Mid-Market,W,mobile,1,P210,Automation Add-on,addon,1,58.55,58.55,USD
O103856,2026-02-02T14:56:11,2026-02-02,C0073,Customer 0073,Mid-Market,SW,mobile,1,P200,Analytics Add-on,addon,2,37.16,74.32,USD
O103856,2026-02-02T14:56:11,2026-02-02,C0073,Customer 0073,Mid-Market,SW,mobile,2,P100,Starter Subscription,subscription,1,27.53,27.53,USD
O103856,2026-02-02T14:56:11,2026-02-02,C0073,Customer 0073,Mid-Market,SW,mobile,3,P310,Training Package,service,1,312.57,312.57,USD
O103857,2026-02-02T17:50:15,2026-02-02,C0237,Customer 0237,Mid-Market,MW,web,1,P310,Training Package,service,1,313.12,313.12,USD
O103858,2026-02-02T19:28:04,2026-02-02,C0110,Customer 0110,Consumer,W,partner,1,P120,Enterprise Subscription,subscription,1,195.74,195.74,USD
O103859,2026-02-02T12:35:15,2026-02-02,C0123,Customer 0123,Consumer,W,web,1,P100,Starter Subscription,subscription,1,28.91,28.91,USD
O103860,2026-02-02T09:38:49,2026-02-02,C0137,Customer 0137,Mid-Market,NE,partner,1,P110,Professional Subscription,subscription,1,78.49,78.49,USD
O103860,2026-02-02T09:38:49,2026-02-02,C0137,Customer 0137,Mid-Market,NE,partner,2,P200,Analytics Add-on,addon,1,41.27,41.27,USD
O103861,2026-02-02T18:39:37,2026-02-02,C0021,Customer 0021,Mid-Market,SE,web,1,P100,Starter Subscription,subscription,1,29.51,29.51,USD
O103862,2026-02-02T14:59:54,2026-02-02,C0062,Customer 0062,Consumer,SW,web,1,P110,Professional Subscription,subscription,1,79.81,79.81,USD
O103863,2026-02-02T14:52:18,2026-02-02,C0175,Customer 0175,Enterprise,W,mobile,1,P310,Training Package,service,1,309.79,309.79,USD
O103864,2026-02-02T10:58:30,2026-02-02,C0010,Customer 0010,Consumer,MW,web,1,P310,Training Package,service,1,287.75,287.75,USD
O103864,2026-02-02T10:58:30,2026-02-02,C0010,Customer 0010,Consumer,MW,web,2,P300,Implementation Package,service,1,470.31,470.31,USD
O103864,2026-02-02T10:58:30,2026-02-02,C0010,Customer 0010,Consumer,MW,web,3,P120,Enterprise Subscription,subscription,1,190.47,190.47,USD
O103865,2026-02-02T08:29:57,2026-02-02,C0054,Customer 0054,Consumer,NE,web,1,P300,Implementation Package,service,1,507.55,507.55,USD
O103866,2026-02-03T17:11:04,2026-02-03,C0222,Customer 0222,Consumer,NE,web,1,P310,Training Package,service,1,314.88,314.88,USD
O103867,2026-02-03T17:42:23,2026-02-03,C0193,Customer 0193,Consumer,SW,mobile,1,P110,Professional Subscription,subscription,1,77.83,77.83,USD
O103868,2026-02-03T08:02:50,2026-02-03,C0221,Customer 0221,Consumer,MW,web,1,P200,Analytics Add-on,addon,1,35.95,35.95,USD
O103869,2026-02-03T15:17:36,2026-02-03,C0026,Customer 0026,Consumer,NE,mobile,1,P310,Training Package,service,1,284.06,284.06,USD
O103869,2026-02-03T15:17:36,2026-02-03,C0026,Customer 0026,Consumer,NE,mobile,2,P210,Automation Add-on,addon,2,58.51,117.02,USD
O103870,2026-02-03T14:39:23,2026-02-03,C0189,Customer 0189,SMB,SW,mobile,1,P120,Enterprise Subscription,subscription,1,203.87,203.87,USD
O103870,2026-02-03T14:39:23,2026-02-03,C0189,Customer 0189,SMB,SW,mobile,2,P110,Professional Subscription,subscription,1,74.24,74.24,USD
O103870,2026-02-03T14:39:23,2026-02-03,C0189,Customer 0189,SMB,SW,mobile,3,P310,Training Package,service,1,297.43,297.43,USD
O103871,2026-02-03T13:13:44,2026-02-03,C0007,Customer 0007,Consumer,W,mobile,1,P300,Implementation Package,service,1,492.57,492.57,USD
O103871,2026-02-03T13:13:44,2026-02-03,C0007,Customer 0007,Consumer,W,mobile,2,P210,Automation Add-on,addon,2,62.01,124.02,USD
O103872,2026-02-03T11:50:18,2026-02-03,C0199,Customer 0199,Consumer,W,web,1,P200,Analytics Add-on,addon,1,37.55,37.55,USD
O103873,2026-02-03T10:44:46,2026-02-03,C0085,Customer 0085,Mid-Market,SW,mobile,1,P300,Implementation Package,service,1,462.48,462.48,USD
O103873,2026-02-03T10:44:46,2026-02-03,C0085,Customer 0085,Mid-Market,SW,mobile,2,P100,Starter Subscription,subscription,1,30.57,30.57,USD
O103873,2026-02-03T10:44:46,2026-02-03,C0085,Customer 0085,Mid-Market,SW,mobile,3,P110,Professional Subscription,subscription,1,84.77,84.77,USD
O103874,2026-02-03T16:05:04,2026-02-03,C0098,Customer 0098,SMB,W,mobile,1,P120,Enterprise Subscription,subscription,1,193.95,193.95,USD
O103874,2026-02-03T16:05:04,2026-02-03,C0098,Customer 0098,SMB,W,mobile,2,P100,Starter Subscription,subscription,1,27.04,27.04,USD
O103874,2026-02-03T16:05:04,2026-02-03,C0098,Customer 0098,SMB,W,mobile,3,P310,Training Package,service,1,318.07,318.07,USD
O103875,2026-02-03T15:41:38,2026-02-03,C0175,Customer 0175,Enterprise,W,mobile,1,P120,Enterprise Subscription,subscription,1,193.48,193.48,USD
O103876,2026-02-03T18:09:27,2026-02-03,C0188,Customer 0188,Mid-Market,SW,web,1,P300,Implementation Package,service,1,526.54,526.54,USD
O103877,2026-02-03T16:20:27,2026-02-03,C0098,Customer 0098,SMB,W,partner,1,P120,Enterprise Subscription,subscription,1,204.42,204.42,USD
O103878,2026-02-03T10:34:18,2026-02-03,C0240,Customer 0240,Consumer,W,mobile,1,P300,Implementation Package,service,1,526.49,526.49,USD
O103878,2026-02-03T10:34:18,2026-02-03,C0240,Customer 0240,Consumer,W,mobile,2,P100,Starter Subscription,subscription,1,28.32,28.32,USD
O103879,2026-02-03T15:55:15,2026-02-03,C0018,Customer 0018,Consumer,MW,web,1,P310,Training Package,service,1,277.94,277.94,USD
O103880,2026-02-03T11:34:29,2026-02-03,C0142,Customer 0142,SMB,SW,partner,1,P310,Training Package,service,1,275.50,275.50,USD
O103881,2026-02-03T18:56:18,2026-02-03,C0027,Customer 0027,Consumer,MW,mobile,1,P100,Starter Subscription,subscription,1,31.09,31.09,USD
O103882,2026-02-03T17:28:41,2026-02-03,C0109,Customer 0109,Mid-Market,W,web,1,P300,Implementation Package,service,1,527.91,527.91,USD
O103882,2026-02-03T17:28:41,2026-02-03,C0109,Customer 0109,Mid-Market,W,web,2,P210,Automation Add-on,addon,1,55.91,55.91,USD
O103883,2026-02-03T17:33:30,2026-02-03,C0018,Customer 0018,Consumer,MW,web,1,P100,Starter Subscription,subscription,1,28.30,28.30,USD
O103884,2026-02-03T15:38:32,2026-02-03,C0011,Customer 0011,SMB,MW,partner,1,P200,Analytics Add-on,addon,1,38.76,38.76,USD
O103884,2026-02-03T15:38:32,2026-02-03,C0011,Customer 0011,SMB,MW,partner,2,P110,Professional Subscription,subscription,1,74.60,74.60,USD
O103885,2026-02-03T13:13:35,2026-02-03,C0081,Customer 0081,SMB,W,web,1,P120,Enterprise Subscription,subscription,1,190.75,190.75,USD
O103886,2026-02-03T08:14:23,2026-02-03,C0125,Customer 0125,Mid-Market,NE,web,1,P100,Starter Subscription,subscription,1,31.07,31.07,USD
O103887,2026-02-03T15:01:19,2026-02-03,C0222,Customer 0222,Consumer,NE,web,1,P100,Starter Subscription,subscription,1,29.39,29.39,USD
O103887,2026-02-03T15:01:19,2026-02-03,C0222,Customer 0222,Consumer,NE,web,2,P200,Analytics Add-on,addon,1,36.12,36.12,USD
O103888,2026-02-03T17:59:23,2026-02-03,C0181,Customer 0181,SMB,W,web,1,P200,Analytics Add-on,addon,1,38.16,38.16,USD
O103889,2026-02-03T18:18:41,2026-02-03,C0019,Customer 0019,Consumer,NE,mobile,1,P120,Enterprise Subscription,subscription,1,210.95,210.95,USD
O103889,2026-02-03T18:18:41,2026-02-03,C0019,Customer 0019,Consumer,NE,mobile,2,P200,Analytics Add-on,addon,2,36.91,73.82,USD
O103890,2026-02-03T16:57:45,2026-02-03,C0127,Customer 0127,SMB,W,web,1,P100,Starter Subscription,subscription,1,28.76,28.76,USD
O103891,2026-02-03T18:10:23,2026-02-03,C0203,Customer 0203,SMB,SW,web,1,P110,Professional Subscription,subscription,1,82.54,82.54,USD
O103892,2026-02-03T14:44:40,2026-02-03,C0227,Customer 0227,Mid-Market,MW,web,1,P210,Automation Add-on,addon,1,62.50,62.50,USD
O103892,2026-02-03T14:44:40,2026-02-03,C0227,Customer 0227,Mid-Market,MW,web,2,P200,Analytics Add-on,addon,1,38.34,38.34,USD
O103892,2026-02-03T14:44:40,2026-02-03,C0227,Customer 0227,Mid-Market,MW,web,3,P100,Starter Subscription,subscription,1,28.22,28.22,USD
O103893,2026-02-03T17:44:43,2026-02-03,C0022,Customer 0022,SMB,NE,web,1,P210,Automation Add-on,addon,1,61.69,61.69,USD
O103894,2026-02-03T20:33:26,2026-02-03,C0184,Customer 0184,SMB,MW,web,1,P100,Starter Subscription,subscription,1,28.11,28.11,USD
O103894,2026-02-03T20:33:26,2026-02-03,C0184,Customer 0184,SMB,MW,web,2,P120,Enterprise Subscription,subscription,1,206.53,206.53,USD
O103895,2026-02-03T09:17:59,2026-02-03,C0039,Customer 0039,Mid-Market,SW,partner,1,P200,Analytics Add-on,addon,1,37.61,37.61,USD
O103896,2026-02-03T16:12:43,2026-02-03,C0156,Customer 0156,Enterprise,SW,web,1,P110,Professional Subscription,subscription,1,79.64,79.64,USD
O103897,2026-02-04T13:56:30,2026-02-04,C0221,Customer 0221,Consumer,MW,web,1,P310,Training Package,service,1,315.57,315.57,USD
O103897,2026-02-04T13:56:30,2026-02-04,C0221,Customer 0221,Consumer,MW,web,2,P200,Analytics Add-on,addon,2,37.54,75.08,USD
O103898,2026-02-04T13:12:54,2026-02-04,C0010,Customer 0010,Consumer,MW,web,1,P200,Analytics Add-on,addon,1,39.92,39.92,USD
O103899,2026-02-04T10:33:59,2026-02-04,C0077,Customer 0077,SMB,SE,web,1,P310,Training Package,service,1,295.88,295.88,USD
O103899,2026-02-04T10:33:59,2026-02-04,C0077,Customer 0077,SMB,SE,web,2,P210,Automation Add-on,addon,1,57.42,57.42,USD
O103899,2026-02-04T10:33:59,2026-02-04,C0077,Customer 0077,SMB,SE,web,3,P300,Implementation Package,service,1,526.56,526.56,USD
O103900,2026-02-04T11:46:56,2026-02-04,C0126,Customer 0126,SMB,SE,web,1,P200,Analytics Add-on,addon,2,39.58,79.16,USD
O103901,2026-02-04T17:08:08,2026-02-04,C0028,Customer 0028,SMB,SE,mobile,1,P310,Training Package,service,1,301.18,301.18,USD
O103902,2026-02-04T19:35:31,2026-02-04,C0099,Customer 0099,Enterprise,MW,mobile,1,P200,Analytics Add-on,addon,1,37.09,37.09,USD
O103902,2026-02-04T19:35:31,2026-02-04,C0099,Customer 0099,Enterprise,MW,mobile,2,P100,Starter Subscription,subscription,1,27.73,27.73,USD
O103902,2026-02-04T19:35:31,2026-02-04,C0099,Customer 0099,Enterprise,MW,mobile,3,P110,Professional Subscription,subscription,1,74.43,74.43,USD
O103903,2026-02-04T10:39:33,2026-02-04,C0010,Customer 0010,Consumer,MW,web,1,P100,Starter Subscription,subscription,1,27.43,27.43,USD
O103904,2026-02-04T12:59:28,2026-02-04,C0053,Customer 0053,SMB,SE,web,1,P110,Professional Subscription,subscription,1,80.93,80.93,USD
O103904,2026-02-04T12:59:28,2026-02-04,C0053,Customer 0053,SMB,SE,web,2,P120,Enterprise Subscription,subscription,1,189.25,189.25,USD
O103905,2026-02-04T14:38:10,2026-02-04,C0006,Customer 0006,Consumer,W,partner,1,P200,Analytics Add-on,addon,1,36.57,36.57,USD
O103906,2026-02-04T18:57:12,2026-02-04,C0100,Customer 0100,Consumer,MW,partner,1,P100,Starter Subscription,subscription,1,29.20,29.20,USD
O103906,2026-02-04T18:57:12,2026-02-04,C0100,Customer 0100,Consumer,MW,partner,2,P310,Training Package,service,1,305.62,305.62,USD
O103907,2026-02-04T15:59:02,2026-02-04,C0070,Customer 0070,SMB,W,mobile,1,P100,Starter Subscription,subscription,1,30.30,30.30,USD
O103908,2026-02-04T14:15:30,2026-02-04,C0136,Customer 0136,SMB,SE,web,1,P300,Implementation Package,service,1,506.53,506.53,USD
O103909,2026-02-04T18:27:37,2026-02-04,C0135,Customer 0135,Mid-Market,SE,mobile,1,P120,Enterprise Subscription,subscription,1,203.78,203.78,USD
O103909,2026-02-04T18:27:37,2026-02-04,C0135,Customer 0135,Mid-Market,SE,mobile,2,P300,Implementation Package,service,1,538.17,538.17,USD
O103909,2026-02-04T18:27:37,2026-02-04,C0135,Customer 0135,Mid-Market,SE,mobile,3,P110,Professional Subscription,subscription,1,78.84,78.84,USD
O103910,2026-02-04T12:20:28,2026-02-04,C0069,Customer 0069,Consumer,SE,web,1,P300,Implementation Package,service,1,525.00,525.00,USD
O103911,2026-02-04T19:34:45,2026-02-04,C0184,Customer 0184,SMB,MW,partner,1,P210,Automation Add-on,addon,2,58.59,117.18,USD
O103912,2026-02-04T14:55:31,2026-02-04,C0174,Customer 0174,Mid-Market,SW,web,1,P310,Training Package,service,1,283.09,283.09,USD
O103913,2026-02-04T17:41:34,2026-02-04,C0007,Customer 0007,Consumer,W,web,1,P100,Starter Subscription,subscription,1,28.02,28.02,USD
O103913,2026-02-04T17:41:34,2026-02-04,C0007,Customer 0007,Consumer,W,web,2,P210,Automation Add-on,addon,1,54.72,54.72,USD
O103913,2026-02-04T17:41:34,2026-02-04,C0007,Customer 0007,Consumer,W,web,3,P110,Professional Subscription,subscription,1,72.73,72.73,USD
O103914,2026-02-04T20:19:14,2026-02-04,C0055,Customer 0055,Mid-Market,NE,web,1,P300,Implementation Package,service,1,490.17,490.17,USD
O103915,2026-02-04T14:26:41,2026-02-04,C0238,Customer 0238,Mid-Market,MW,web,1,P100,Starter Subscription,subscription,1,28.42,28.42,USD
O103915,2026-02-04T14:26:41,2026-02-04,C0238,Customer 0238,Mid-Market,MW,web,2,P200,Analytics Add-on,addon,1,40.36,40.36,USD
O103916,2026-02-04T18:46:03,2026-02-04,C0030,Customer 0030,Consumer,SW,partner,1,P300,Implementation Package,service,1,528.83,528.83,USD
O103916,2026-02-04T18:46:03,2026-02-04,C0030,Customer 0030,Consumer,SW,partner,2,P120,Enterprise Subscription,subscription,1,201.33,201.33,USD
O103917,2026-02-04T18:02:03,2026-02-04,C0121,Customer 0121,SMB,NE,mobile,1,P200,Analytics Add-on,addon,2,39.05,78.10,USD
O103918,2026-02-04T16:52:42,2026-02-04,C0199,Customer 0199,Consumer,W,partner,1,P210,Automation Add-on,addon,1,56.63,56.63,USD
O103919,2026-02-04T14:25:54,2026-02-04,C0207,Customer 0207,Consumer,SW,mobile,1,P110,Professional Subscription,subscription,1,76.64,76.64,USD
O103920,2026-02-04T10:16:01,2026-02-04,C0143,Customer 0143,Consumer,MW,mobile,1,P120,Enterprise Subscription,subscription,1,199.37,199.37,USD
O103921,2026-02-04T16:49:53,2026-02-04,C0117,Customer 0117,Consumer,MW,web,1,P110,Professional Subscription,subscription,1,79.90,79.90,USD
O103922,2026-02-04T09:53:11,2026-02-04,C0162,Customer 0162,SMB,W,web,1,P100,Starter Subscription,subscription,1,26.89,26.89,USD
O103922,2026-02-04T09:53:11,2026-02-04,C0162,Customer 0162,SMB,W,web,2,P120,Enterprise Subscription,subscription,1,207.82,207.82,USD
O103923,2026-02-04T14:15:32,2026-02-04,C0093,Customer 0093,SMB,W,mobile,1,P210,Automation Add-on,addon,2,55.11,110.22,USD
O103923,2026-02-04T14:15:32,2026-02-04,C0093,Customer 0093,SMB,W,mobile,2,P120,Enterprise Subscription,subscription,1,206.67,206.67,USD
O103923,2026-02-04T14:15:32,2026-02-04,C0093,Customer 0093,SMB,W,mobile,3,P110,Professional Subscription,subscription,1,81.40,81.40,USD
O103924,2026-02-04T10:12:58,2026-02-04,C0137,Customer 0137,Mid-Market,NE,web,1,P110,Professional Subscription,subscription,1,82.84,82.84,USD
O103925,2026-02-04T11:09:46,2026-02-04,C0162,Customer 0162,SMB,W,web,1,P310,Training Package,service,1,301.81,301.81,USD
O103925,2026-02-04T11:09:46,2026-02-04,C0162,Customer 0162,SMB,W,web,2,P200,Analytics Add-on,addon,1,40.71,40.71,USD
O103925,2026-02-04T11:09:46,2026-02-04,C0162,Customer 0162,SMB,W,web,3,P210,Automation Add-on,addon,1,60.82,60.82,USD
O103926,2026-02-04T12:28:45,2026-02-04,C0232,Customer 0232,Mid-Market,W,partner,1,P120,Enterprise Subscription,subscription,1,185.92,185.92,USD
O103927,2026-02-04T15:26:28,2026-02-04,C0078,Customer 0078,Mid-Market,SW,mobile,1,P210,Automation Add-on,addon,2,56.60,113.20,USD
O103928,2026-02-04T10:11:50,2026-02-04,C0014,Customer 0014,Consumer,SW,partner,1,P100,Starter Subscription,subscription,1,30.15,30.15,USD
O103929,2026-02-04T10:32:43,2026-02-04,C0063,Customer 0063,SMB,NE,mobile,1,P200,Analytics Add-on,addon,1,36.70,36.70,USD
O103930,2026-02-04T11:23:16,2026-02-04,C0138,Customer 0138,Mid-Market,W,web,1,P110,Professional Subscription,subscription,1,78.19,78.19,USD
O103930,2026-02-04T11:23:16,2026-02-04,C0138,Customer 0138,Mid-Market,W,web,2,P300,Implementation Package,service,1,503.25,503.25,USD
O103931,2026-02-04T11:29:54,2026-02-04,C0110,Customer 0110,Consumer,W,web,1,P120,Enterprise Subscription,subscription,1,191.19,191.19,USD
O103932,2026-02-04T19:20:56,2026-02-04,C0201,Customer 0201,Consumer,NE,mobile,1,P200,Analytics Add-on,addon,1,37.75,37.75,USD
O103933,2026-02-04T11:00:41,2026-02-04,C0209,Customer 0209,SMB,NE,web,1,P200,Analytics Add-on,addon,1,41.12,41.12,USD
O103933,2026-02-04T11:00:41,2026-02-04,C0209,Customer 0209,SMB,NE,web,2,P310,Training Package,service,1,306.45,306.45,USD
O103934,2026-02-04T11:15:30,2026-02-04,C0214,Customer 0214,Mid-Market,MW,mobile,1,P300,Implementation Package,service,1,513.72,513.72,USD
O103935,2026-02-04T20:44:30,2026-02-04,C0215,Customer 0215,SMB,W,mobile,1,P100,Starter Subscription,subscription,1,29.87,29.87,USD
O103936,2026-02-04T20:31:10,2026-02-04,C0193,Customer 0193,Consumer,SW,mobile,1,P310,Training Package,service,1,312.49,312.49,USD
O103936,2026-02-04T20:31:10,2026-02-04,C0193,Customer 0193,Consumer,SW,mobile,2,P210,Automation Add-on,addon,1,57.49,57.49,USD
O103937,2026-02-05T16:36:03,2026-02-05,C0198,Customer 0198,SMB,SW,mobile,1,P100,Starter Subscription,subscription,1,31.09,31.09,USD
O103938,2026-02-05T10:55:44,2026-02-05,C0054,Customer 0054,Consumer,NE,web,1,P300,Implementation Package,service,1,475.05,475.05,USD
O103938,2026-02-05T10:55:44,2026-02-05,C0054,Customer 0054,Consumer,NE,web,2,P310,Training Package,service,1,285.81,285.81,USD
O103939,2026-02-05T15:15:30,2026-02-05,C0113,Customer 0113,Enterprise,MW,mobile,1,P120,Enterprise Subscription,subscription,1,194.83,194.83,USD
O103939,2026-02-05T15:15:30,2026-02-05,C0113,Customer 0113,Enterprise,MW,mobile,2,P310,Training Package,service,1,311.42,311.42,USD
O103940,2026-02-05T19:50:55,2026-02-05,C0027,Customer 0027,Consumer,MW,mobile,1,P110,Professional Subscription,subscription,1,83.53,83.53,USD
O103940,2026-02-05T19:50:55,2026-02-05,C0027,Customer 0027,Consumer,MW,mobile,2,P210,Automation Add-on,addon,1,54.95,54.95,USD
O103941,2026-02-05T20:51:43,2026-02-05,C0024,Customer 0024,SMB,SW,web,1,P100,Starter Subscription,subscription,1,28.85,28.85,USD
O103942,2026-02-05T15:10:57,2026-02-05,C0012,Customer 0012,SMB,NE,mobile,1,P210,Automation Add-on,addon,2,54.40,108.80,USD
O103942,2026-02-05T15:10:57,2026-02-05,C0012,Customer 0012,SMB,NE,mobile,2,P100,Starter Subscription,subscription,1,29.67,29.67,USD
O103942,2026-02-05T15:10:57,2026-02-05,C0012,Customer 0012,SMB,NE,mobile,3,P310,Training Package,service,1,313.63,313.63,USD
O103943,2026-02-05T11:16:39,2026-02-05,C0029,Customer 0029,Consumer,MW,partner,1,P110,Professional Subscription,subscription,1,77.20,77.20,USD
O103943,2026-02-05T11:16:39,2026-02-05,C0029,Customer 0029,Consumer,MW,partner,2,P120,Enterprise Subscription,subscription,1,201.74,201.74,USD
O103944,2026-02-05T15:20:38,2026-02-05,C0214,Customer 0214,Mid-Market,MW,mobile,1,P120,Enterprise Subscription,subscription,1,207.03,207.03,USD
O103945,2026-02-05T20:19:45,2026-02-05,C0118,Customer 0118,SMB,SE,web,1,P110,Professional Subscription,subscription,1,72.90,72.90,USD
O103945,2026-02-05T20:19:45,2026-02-05,C0118,Customer 0118,SMB,SE,web,2,P210,Automation Add-on,addon,1,55.09,55.09,USD
O103945,2026-02-05T20:19:45,2026-02-05,C0118,Customer 0118,SMB,SE,web,3,P310,Training Package,service,1,307.59,307.59,USD
O103946,2026-02-05T13:52:49,2026-02-05,C0036,Customer 0036,Mid-Market,NE,partner,1,P300,Implementation Package,service,1,538.37,538.37,USD
O103947,2026-02-05T20:20:34,2026-02-05,C0133,Customer 0133,Consumer,SW,web,1,P200,Analytics Add-on,addon,2,41.31,82.62,USD
O103947,2026-02-05T20:20:34,2026-02-05,C0133,Customer 0133,Consumer,SW,web,2,P300,Implementation Package,service,1,519.59,519.59,USD
O103948,2026-02-05T10:40:52,2026-02-05,C0112,Customer 0112,SMB,NE,mobile,1,P310,Training Package,service,1,320.06,320.06,USD
O103949,2026-02-05T20:25:13,2026-02-05,C0175,Customer 0175,Enterprise,W,partner,1,P120,Enterprise Subscription,subscription,1,213.67,213.67,USD
O103949,2026-02-05T20:25:13,2026-02-05,C0175,Customer 0175,Enterprise,W,partner,2,P210,Automation Add-on,addon,2,61.48,122.96,USD
O103950,2026-02-05T13:12:50,2026-02-05,C0021,Customer 0021,Mid-Market,SE,web,1,P210,Automation Add-on,addon,1,59.89,59.89,USD
O103951,2026-02-05T20:45:07,2026-02-05,C0089,Customer 0089,SMB,NE,web,1,P300,Implementation Package,service,1,524.04,524.04,USD
O103951,2026-02-05T20:45:07,2026-02-05,C0089,Customer 0089,SMB,NE,web,2,P100,Starter Subscription,subscription,1,30.19,30.19,USD
O103951,2026-02-05T20:45:07,2026-02-05,C0089,Customer 0089,SMB,NE,web,3,P310,Training Package,service,1,312.01,312.01,USD
O103952,2026-02-05T20:31:18,2026-02-05,C0064,Customer 0064,SMB,W,web,1,P100,Starter Subscription,subscription,1,28.82,28.82,USD
O103953,2026-02-05T15:12:49,2026-02-05,C0189,Customer 0189,SMB,SW,web,1,P120,Enterprise Subscription,subscription,1,212.00,212.00,USD
O103953,2026-02-05T15:12:49,2026-02-05,C0189,Customer 0189,SMB,SW,web,2,P310,Training Package,service,1,281.85,281.85,USD
O103954,2026-02-05T18:46:36,2026-02-05,C0083,Customer 0083,Mid-Market,SW,web,1,P200,Analytics Add-on,addon,1,38.92,38.92,USD
O103954,2026-02-05T18:46:36,2026-02-05,C0083,Customer 0083,Mid-Market,SW,web,2,P310,Training Package,service,1,299.97,299.97,USD
O103955,2026-02-05T08:22:30,2026-02-05,C0124,Customer 0124,SMB,SE,web,1,P100,Starter Subscription,subscription,1,27.03,27.03,USD
O103955,2026-02-05T08:22:30,2026-02-05,C0124,Customer 0124,SMB,SE,web,2,P210,Automation Add-on,addon,1,61.73,61.73,USD
O103956,2026-02-05T08:03:38,2026-02-05,C0013,Customer 0013,Consumer,W,partner,1,P210,Automation Add-on,addon,1,61.79,61.79,USD
O103956,2026-02-05T08:03:38,2026-02-05,C0013,Customer 0013,Consumer,W,partner,2,P200,Analytics Add-on,addon,1,36.87,36.87,USD
O103956,2026-02-05T08:03:38,2026-02-05,C0013,Customer 0013,Consumer,W,partner,3,P310,Training Package,service,1,313.35,313.35,USD
O103957,2026-02-05T08:39:31,2026-02-05,C0158,Customer 0158,SMB,W,web,1,P110,Professional Subscription,subscription,1,83.76,83.76,USD
O103957,2026-02-05T08:39:31,2026-02-05,C0158,Customer 0158,SMB,W,web,2,P310,Training Package,service,1,276.81,276.81,USD
O103958,2026-02-05T09:23:37,2026-02-05,C0040,Customer 0040,SMB,W,partner,1,P310,Training Package,service,1,276.69,276.69,USD
O103958,2026-02-05T09:23:37,2026-02-05,C0040,Customer 0040,SMB,W,partner,2,P210,Automation Add-on,addon,2,58.39,116.78,USD
O103959,2026-02-05T10:34:11,2026-02-05,C0138,Customer 0138,Mid-Market,W,web,1,P120,Enterprise Subscription,subscription,1,203.13,203.13,USD
O103959,2026-02-05T10:34:11,2026-02-05,C0138,Customer 0138,Mid-Market,W,web,2,P210,Automation Add-on,addon,1,56.11,56.11,USD
O103959,2026-02-05T10:34:11,2026-02-05,C0138,Customer 0138,Mid-Market,W,web,3,P100,Starter Subscription,subscription,1,30.53,30.53,USD
O103960,2026-02-05T18:54:15,2026-02-05,C0155,Customer 0155,Consumer,SE,web,1,P200,Analytics Add-on,addon,1,39.41,39.41,USD
O103960,2026-02-05T18:54:15,2026-02-05,C0155,Customer 0155,Consumer,SE,web,2,P100,Starter Subscription,subscription,1,31.10,31.10,USD
O103961,2026-02-05T12:51:23,2026-02-05,C0201,Customer 0201,Consumer,NE,mobile,1,P110,Professional Subscription,subscription,1,79.04,79.04,USD
O103962,2026-02-05T17:43:06,2026-02-05,C0101,Customer 0101,SMB,SE,partner,1,P310,Training Package,service,1,298.37,298.37,USD
O103962,2026-02-05T17:43:06,2026-02-05,C0101,Customer 0101,SMB,SE,partner,2,P100,Starter Subscription,subscription,1,28.49,28.49,USD
O103962,2026-02-05T17:43:06,2026-02-05,C0101,Customer 0101,SMB,SE,partner,3,P120,Enterprise Subscription,subscription,1,188.13,188.13,USD
O103963,2026-02-05T16:16:49,2026-02-05,C0213,Customer 0213,Consumer,W,web,1,P300,Implementation Package,service,1,513.91,513.91,USD
O103964,2026-02-05T15:05:44,2026-02-05,C0125,Customer 0125,Mid-Market,NE,web,1,P100,Starter Subscription,subscription,1,29.69,29.69,USD
O103965,2026-02-05T15:13:50,2026-02-05,C0019,Customer 0019,Consumer,NE,partner,1,P300,Implementation Package,service,1,510.60,510.60,USD
O103965,2026-02-05T15:13:50,2026-02-05,C0019,Customer 0019,Consumer,NE,partner,2,P210,Automation Add-on,addon,1,60.37,60.37,USD
O103966,2026-02-05T17:10:41,2026-02-05,C0050,Customer 0050,Consumer,W,web,1,P110,Professional Subscription,subscription,1,74.72,74.72,USD
O103967,2026-02-05T12:44:27,2026-02-05,C0117,Customer 0117,Consumer,MW,web,1,P310,Training Package,service,1,311.61,311.61,USD
O103967,2026-02-05T12:44:27,2026-02-05,C0117,Customer 0117,Consumer,MW,web,2,P100,Starter Subscription,subscription,1,28.03,28.03,USD
O103968,2026-02-05T08:25:41,2026-02-05,C0191,Customer 0191,SMB,W,web,1,P310,Training Package,service,1,280.83,280.83,USD
O103969,2026-02-05T17:06:13,2026-02-05,C0051,Customer 0051,Enterprise,SW,web,1,P120,Enterprise Subscription,subscription,1,194.74,194.74,USD
O103970,2026-02-05T16:40:30,2026-02-05,C0218,Customer 0218,Enterprise,SW,web,1,P200,Analytics Add-on,addon,1,38.24,38.24,USD
O103971,2026-02-05T14:57:20,2026-02-05,C0116,Customer 0116,Mid-Market,NE,partner,1,P210,Automation Add-on,addon,1,60.74,60.74,USD
O103972,2026-02-05T18:17:18,2026-02-05,C0173,Customer 0173,SMB,SE,mobile,1,P210,Automation Add-on,addon,2,61.53,123.06,USD
O103973,2026-02-05T09:28:40,2026-02-05,C0047,Customer 0047,Consumer,MW,web,1,P200,Analytics Add-on,addon,1,39.92,39.92,USD
O103974,2026-02-05T08:36:49,2026-02-05,C0065,Customer 0065,Enterprise,NE,mobile,1,P300,Implementation Package,service,1,490.73,490.73,USD
O103974,2026-02-05T08:36:49,2026-02-05,C0065,Customer 0065,Enterprise,NE,mobile,2,P110,Professional Subscription,subscription,1,80.76,80.76,USD
O103975,2026-02-05T18:47:38,2026-02-05,C0134,Customer 0134,SMB,SW,mobile,1,P110,Professional Subscription,subscription,1,78.74,78.74,USD
O103976,2026-02-05T15:16:07,2026-02-05,C0218,Customer 0218,Enterprise,SW,web,1,P200,Analytics Add-on,addon,1,38.75,38.75,USD
O103976,2026-02-05T15:16:07,2026-02-05,C0218,Customer 0218,Enterprise,SW,web,2,P100,Starter Subscription,subscription,1,26.81,26.81,USD
O103976,2026-02-05T15:16:07,2026-02-05,C0218,Customer 0218,Enterprise,SW,web,3,P120,Enterprise Subscription,subscription,1,195.54,195.54,USD
O103977,2026-02-05T19:01:54,2026-02-05,C0006,Customer 0006,Consumer,W,web,1,P200,Analytics Add-on,addon,2,40.77,81.54,USD
O103978,2026-02-05T10:28:14,2026-02-05,C0030,Customer 0030,Consumer,SW,web,1,P110,Professional Subscription,subscription,1,79.78,79.78,USD
O103979,2026-02-06T13:35:01,2026-02-06,C0193,Customer 0193,Consumer,SW,mobile,1,P300,Implementation Package,service,1,538.80,538.80,USD
O103979,2026-02-06T13:35:01,2026-02-06,C0193,Customer 0193,Consumer,SW,mobile,2,P110,Professional Subscription,subscription,1,82.07,82.07,USD
O103980,2026-02-06T14:20:13,2026-02-06,C0117,Customer 0117,Consumer,MW,mobile,1,P210,Automation Add-on,addon,1,57.72,57.72,USD
O103981,2026-02-06T13:18:03,2026-02-06,C0170,Customer 0170,Mid-Market,SE,mobile,1,P120,Enterprise Subscription,subscription,1,206.24,206.24,USD
O103981,2026-02-06T13:18:03,2026-02-06,C0170,Customer 0170,Mid-Market,SE,mobile,2,P300,Implementation Package,service,1,495.61,495.61,USD
O103982,2026-02-06T08:10:48,2026-02-06,C0092,Customer 0092,Mid-Market,W,mobile,1,P120,Enterprise Subscription,subscription,1,185.85,185.85,USD
O103983,2026-02-06T20:58:51,2026-02-06,C0235,Customer 0235,Consumer,W,mobile,1,P210,Automation Add-on,addon,1,57.28,57.28,USD
O103983,2026-02-06T20:58:51,2026-02-06,C0235,Customer 0235,Consumer,W,mobile,2,P200,Analytics Add-on,addon,1,41.21,41.21,USD
O103984,2026-02-06T14:47:55,2026-02-06,C0010,Customer 0010,Consumer,MW,web,1,P110,Professional Subscription,subscription,1,73.18,73.18,USD
O103985,2026-02-06T17:59:34,2026-02-06,C0019,Customer 0019,Consumer,NE,mobile,1,P300,Implementation Package,service,1,511.87,511.87,USD
O103986,2026-02-06T19:37:37,2026-02-06,C0053,Customer 0053,SMB,SE,web,1,P200,Analytics Add-on,addon,1,39.68,39.68,USD
O103986,2026-02-06T19:37:37,2026-02-06,C0053,Customer 0053,SMB,SE,web,2,P310,Training Package,service,1,288.40,288.40,USD
O103987,2026-02-06T12:14:20,2026-02-06,C0168,Customer 0168,Mid-Market,W,mobile,1,P300,Implementation Package,service,1,522.39,522.39,USD
O103987,2026-02-06T12:14:20,2026-02-06,C0168,Customer 0168,Mid-Market,W,mobile,2,P100,Starter Subscription,subscription,1,31.15,31.15,USD
O103988,2026-02-06T10:12:50,2026-02-06,C0205,Customer 0205,Consumer,SW,web,1,P100,Starter Subscription,subscription,1,29.69,29.69,USD
O103989,2026-02-06T12:34:11,2026-02-06,C0176,Customer 0176,Mid-Market,SW,mobile,1,P300,Implementation Package,service,1,479.44,479.44,USD
O103989,2026-02-06T12:34:11,2026-02-06,C0176,Customer 0176,Mid-Market,SW,mobile,2,P100,Starter Subscription,subscription,1,29.03,29.03,USD
O103990,2026-02-06T19:50:21,2026-02-06,C0035,Customer 0035,SMB,SE,web,1,P310,Training Package,service,1,293.51,293.51,USD
O103990,2026-02-06T19:50:21,2026-02-06,C0035,Customer 0035,SMB,SE,web,2,P200,Analytics Add-on,addon,2,37.66,75.32,USD
O103991,2026-02-06T20:49:34,2026-02-06,C0153,Customer 0153,Consumer,W,mobile,1,P310,Training Package,service,1,280.51,280.51,USD
O103992,2026-02-06T09:03:56,2026-02-06,C0004,Customer 0004,Enterprise,NE,web,1,P210,Automation Add-on,addon,1,55.37,55.37,USD
O103993,2026-02-06T11:21:14,2026-02-06,C0092,Customer 0092,Mid-Market,W,mobile,1,P120,Enterprise Subscription,subscription,1,212.02,212.02,USD
O103993,2026-02-06T11:21:14,2026-02-06,C0092,Customer 0092,Mid-Market,W,mobile,2,P300,Implementation Package,service,1,459.58,459.58,USD
O103994,2026-02-06T13:23:58,2026-02-06,C0208,Customer 0208,Consumer,NE,web,1,P310,Training Package,service,1,279.79,279.79,USD
O103995,2026-02-06T20:16:19,2026-02-06,C0060,Customer 0060,Consumer,MW,web,1,P300,Implementation Package,service,1,521.08,521.08,USD
O103996,2026-02-06T10:56:51,2026-02-06,C0186,Customer 0186,Mid-Market,SE,mobile,1,P300,Implementation Package,service,1,474.65,474.65,USD
O103996,2026-02-06T10:56:51,2026-02-06,C0186,Customer 0186,Mid-Market,SE,mobile,2,P310,Training Package,service,1,285.17,285.17,USD
O103997,2026-02-06T19:05:00,2026-02-06,C0229,Customer 0229,SMB,SE,mobile,1,P100,Starter Subscription,subscription,1,30.38,30.38,USD
O103997,2026-02-06T19:05:00,2026-02-06,C0229,Customer 0229,SMB,SE,mobile,2,P300,Implementation Package,service,1,506.04,506.04,USD
O103997,2026-02-06T19:05:00,2026-02-06,C0229,Customer 0229,SMB,SE,mobile,3,P200,Analytics Add-on,addon,2,37.84,75.68,USD
O103998,2026-02-06T18:01:37,2026-02-06,C0016,Customer 0016,Enterprise,W,web,1,P120,Enterprise Subscription,subscription,1,185.43,185.43,USD
O103998,2026-02-06T18:01:37,2026-02-06,C0016,Customer 0016,Enterprise,W,web,2,P110,Professional Subscription,subscription,1,73.99,73.99,USD
O103999,2026-02-06T13:47:01,2026-02-06,C0094,Customer 0094,Consumer,NE,mobile,1,P120,Enterprise Subscription,subscription,1,190.50,190.50,USD
O104000,2026-02-06T12:38:30,2026-02-06,C0109,Customer 0109,Mid-Market,W,partner,1,P120,Enterprise Subscription,subscription,1,214.82,214.82,USD
O104000,2026-02-06T12:38:30,2026-02-06,C0109,Customer 0109,Mid-Market,W,partner,2,P300,Implementation Package,service,1,497.61,497.61,USD
O104001,2026-02-06T09:23:31,2026-02-06,C0201,Customer 0201,Consumer,NE,mobile,1,P310,Training Package,service,1,281.77,281.77,USD
O104002,2026-02-06T17:11:49,2026-02-06,C0020,Customer 0020,SMB,MW,partner,1,P210,Automation Add-on,addon,1,62.33,62.33,USD
O104002,2026-02-06T17:11:49,2026-02-06,C0020,Customer 0020,SMB,MW,partner,2,P100,Starter Subscription,subscription,1,29.37,29.37,USD
O104003,2026-02-06T14:58:15,2026-02-06,C0098,Customer 0098,SMB,W,mobile,1,P110,Professional Subscription,subscription,1,74.48,74.48,USD
O104003,2026-02-06T14:58:15,2026-02-06,C0098,Customer 0098,SMB,W,mobile,2,P120,Enterprise Subscription,subscription,1,188.93,188.93,USD
O104003,2026-02-06T14:58:15,2026-02-06,C0098,Customer 0098,SMB,W,mobile,3,P200,Analytics Add-on,addon,2,40.56,81.12,USD
O104004,2026-02-06T08:13:14,2026-02-06,C0094,Customer 0094,Consumer,NE,web,1,P310,Training Package,service,1,294.58,294.58,USD
O104005,2026-02-06T09:02:49,2026-02-06,C0153,Customer 0153,Consumer,W,mobile,1,P200,Analytics Add-on,addon,1,39.64,39.64,USD
O104006,2026-02-06T18:14:41,2026-02-06,C0202,Customer 0202,Mid-Market,SW,partner,1,P300,Implementation Package,service,1,468.95,468.95,USD
O104006,2026-02-06T18:14:41,2026-02-06,C0202,Customer 0202,Mid-Market,SW,partner,2,P120,Enterprise Subscription,subscription,1,196.29,196.29,USD
O104006,2026-02-06T18:14:41,2026-02-06,C0202,Customer 0202,Mid-Market,SW,partner,3,P100,Starter Subscription,subscription,1,29.02,29.02,USD
O104007,2026-02-06T19:30:46,2026-02-06,C0190,Customer 0190,Consumer,W,mobile,1,P310,Training Package,service,1,301.56,301.56,USD
O104008,2026-02-06T10:37:37,2026-02-06,C0186,Customer 0186,Mid-Market,SE,web,1,P210,Automation Add-on,addon,1,59.47,59.47,USD
O104009,2026-02-06T10:30:48,2026-02-06,C0200,Customer 0200,Consumer,W,mobile,1,P120,Enterprise Subscription,subscription,1,213.84,213.84,USD
O104010,2026-02-06T10:26:11,2026-02-06,C0099,Customer 0099,Enterprise,MW,mobile,1,P120,Enterprise Subscription,subscription,1,200.24,200.24,USD
O104011,2026-02-06T10:20:13,2026-02-06,C0003,Customer 0003,Consumer,W,web,1,P210,Automation Add-on,addon,1,54.43,54.43,USD
O104012,2026-02-06T19:59:53,2026-02-06,C0022,Customer 0022,SMB,NE,mobile,1,P120,Enterprise Subscription,subscription,1,185.69,185.69,USD
O104013,2026-02-06T16:46:03,2026-02-06,C0111,Customer 0111,Consumer,NE,mobile,1,P120,Enterprise Subscription,subscription,1,184.33,184.33,USD
O104014,2026-02-06T12:46:46,2026-02-06,C0098,Customer 0098,SMB,W,web,1,P110,Professional Subscription,subscription,1,83.09,83.09,USD
O104014,2026-02-06T12:46:46,2026-02-06,C0098,Customer 0098,SMB,W,web,2,P120,Enterprise Subscription,subscription,1,192.58,192.58,USD
O104014,2026-02-06T12:46:46,2026-02-06,C0098,Customer 0098,SMB,W,web,3,P210,Automation Add-on,addon,1,58.35,58.35,USD
O104015,2026-02-07T20:06:32,2026-02-07,C0061,Customer 0061,Consumer,MW,partner,1,P200,Analytics Add-on,addon,2,41.04,82.08,USD
O104016,2026-02-07T12:07:22,2026-02-07,C0108,Customer 0108,SMB,W,web,1,P120,Enterprise Subscription,subscription,1,196.09,196.09,USD
O104017,2026-02-07T13:16:23,2026-02-07,C0044,Customer 0044,SMB,NE,partner,1,P210,Automation Add-on,addon,1,56.10,56.10,USD
O104018,2026-02-07T15:37:47,2026-02-07,C0030,Customer 0030,Consumer,SW,web,1,P110,Professional Subscription,subscription,1,82.94,82.94,USD
O104019,2026-02-07T11:38:21,2026-02-07,C0104,Customer 0104,Mid-Market,W,web,1,P310,Training Package,service,1,294.39,294.39,USD
O104020,2026-02-07T18:23:02,2026-02-07,C0121,Customer 0121,SMB,NE,web,1,P210,Automation Add-on,addon,1,63.45,63.45,USD
O104021,2026-02-07T12:00:00,2026-02-07,C0116,Customer 0116,Mid-Market,NE,partner,1,P110,Professional Subscription,subscription,1,74.65,74.65,USD
O104022,2026-02-07T10:02:02,2026-02-07,C0221,Customer 0221,Consumer,MW,partner,1,P210,Automation Add-on,addon,1,63.40,63.40,USD
O104023,2026-02-07T10:29:04,2026-02-07,C0001,Customer 0001,Consumer,NE,mobile,1,P310,Training Package,service,1,316.29,316.29,USD
O104024,2026-02-07T08:40:57,2026-02-07,C0212,Customer 0212,SMB,SE,web,1,P210,Automation Add-on,addon,1,54.70,54.70,USD
O104025,2026-02-07T10:22:33,2026-02-07,C0181,Customer 0181,SMB,W,web,1,P120,Enterprise Subscription,subscription,1,204.07,204.07,USD
O104026,2026-02-07T10:17:01,2026-02-07,C0085,Customer 0085,Mid-Market,SW,mobile,1,P210,Automation Add-on,addon,1,62.28,62.28,USD
O104027,2026-02-07T12:05:57,2026-02-07,C0240,Customer 0240,Consumer,W,web,1,P200,Analytics Add-on,addon,1,40.66,40.66,USD
O104028,2026-02-07T10:50:27,2026-02-07,C0101,Customer 0101,SMB,SE,mobile,1,P200,Analytics Add-on,addon,2,40.70,81.40,USD
O104028,2026-02-07T10:50:27,2026-02-07,C0101,Customer 0101,SMB,SE,mobile,2,P120,Enterprise Subscription,subscription,1,204.65,204.65,USD
O104029,2026-02-07T13:43:22,2026-02-07,C0040,Customer 0040,SMB,W,mobile,1,P210,Automation Add-on,addon,1,57.00,57.00,USD
O104030,2026-02-07T14:41:59,2026-02-07,C0016,Customer 0016,Enterprise,W,mobile,1,P100,Starter Subscription,subscription,1,27.96,27.96,USD
O104030,2026-02-07T14:41:59,2026-02-07,C0016,Customer 0016,Enterprise,W,mobile,2,P310,Training Package,service,1,301.85,301.85,USD
O104031,2026-02-07T13:39:35,2026-02-07,C0094,Customer 0094,Consumer,NE,mobile,1,P310,Training Package,service,1,316.34,316.34,USD
O104032,2026-02-07T20:09:34,2026-02-07,C0064,Customer 0064,SMB,W,web,1,P310,Training Package,service,1,292.56,292.56,USD
O104032,2026-02-07T20:09:34,2026-02-07,C0064,Customer 0064,SMB,W,web,2,P110,Professional Subscription,subscription,1,82.79,82.79,USD
O104033,2026-02-07T13:57:27,2026-02-07,C0218,Customer 0218,Enterprise,SW,web,1,P200,Analytics Add-on,addon,1,38.54,38.54,USD
O104034,2026-02-07T17:32:47,2026-02-07,C0091,Customer 0091,Mid-Market,NE,web,1,P100,Starter Subscription,subscription,1,29.45,29.45,USD
O104035,2026-02-07T19:17:36,2026-02-07,C0202,Customer 0202,Mid-Market,SW,partner,1,P120,Enterprise Subscription,subscription,1,200.19,200.19,USD
O104035,2026-02-07T19:17:36,2026-02-07,C0202,Customer 0202,Mid-Market,SW,partner,2,P300,Implementation Package,service,1,463.65,463.65,USD
O104036,2026-02-07T18:07:57,2026-02-07,C0213,Customer 0213,Consumer,W,web,1,P120,Enterprise Subscription,subscription,1,204.16,204.16,USD
O104037,2026-02-07T10:19:06,2026-02-07,C0225,Customer 0225,Enterprise,MW,web,1,P300,Implementation Package,service,1,518.99,518.99,USD
O104038,2026-02-07T11:57:00,2026-02-07,C0232,Customer 0232,Mid-Market,W,web,1,P110,Professional Subscription,subscription,1,72.82,72.82,USD
O104038,2026-02-07T11:57:00,2026-02-07,C0232,Customer 0232,Mid-Market,W,web,2,P310,Training Package,service,1,298.53,298.53,USD
O104038,2026-02-07T11:57:00,2026-02-07,C0232,Customer 0232,Mid-Market,W,web,3,P200,Analytics Add-on,addon,1,37.90,37.90,USD
O104039,2026-02-07T15:37:24,2026-02-07,C0195,Customer 0195,Consumer,SW,web,1,P120,Enterprise Subscription,subscription,1,202.26,202.26,USD
O104040,2026-02-07T14:19:02,2026-02-07,C0056,Customer 0056,Consumer,SE,web,1,P210,Automation Add-on,addon,1,58.28,58.28,USD
O104040,2026-02-07T14:19:02,2026-02-07,C0056,Customer 0056,Consumer,SE,web,2,P200,Analytics Add-on,addon,1,38.89,38.89,USD
O104041,2026-02-07T17:14:40,2026-02-07,C0037,Customer 0037,SMB,SE,mobile,1,P310,Training Package,service,1,307.61,307.61,USD
O104041,2026-02-07T17:14:40,2026-02-07,C0037,Customer 0037,SMB,SE,mobile,2,P110,Professional Subscription,subscription,1,81.11,81.11,USD
O104042,2026-02-07T09:01:56,2026-02-07,C0019,Customer 0019,Consumer,NE,mobile,1,P120,Enterprise Subscription,subscription,1,187.75,187.75,USD
O104043,2026-02-07T17:33:09,2026-02-07,C0037,Customer 0037,SMB,SE,mobile,1,P110,Professional Subscription,subscription,1,79.26,79.26,USD
O104044,2026-02-07T09:33:48,2026-02-07,C0085,Customer 0085,Mid-Market,SW,mobile,1,P300,Implementation Package,service,1,495.39,495.39,USD
O104045,2026-02-07T10:37:13,2026-02-07,C0172,Customer 0172,SMB,W,web,1,P300,Implementation Package,service,1,500.02,500.02,USD
O104045,2026-02-07T10:37:13,2026-02-07,C0172,Customer 0172,SMB,W,web,2,P200,Analytics Add-on,addon,2,36.24,72.48,USD
O104046,2026-02-07T10:27:26,2026-02-07,C0215,Customer 0215,SMB,W,web,1,P100,Starter Subscription,subscription,1,30.15,30.15,USD
O104047,2026-02-07T20:30:32,2026-02-07,C0224,Customer 0224,Mid-Market,MW,web,1,P110,Professional Subscription,subscription,1,72.77,72.77,USD
O104047,2026-02-07T20:30:32,2026-02-07,C0224,Customer 0224,Mid-Market,MW,web,2,P120,Enterprise Subscription,subscription,1,212.97,212.97,USD
O104048,2026-02-07T14:01:30,2026-02-07,C0214,Customer 0214,Mid-Market,MW,partner,1,P210,Automation Add-on,addon,2,58.49,116.98,USD
O104049,2026-02-07T09:56:56,2026-02-07,C0102,Customer 0102,Consumer,SW,web,1,P110,Professional Subscription,subscription,1,79.30,79.30,USD
O104050,2026-02-08T17:11:35,2026-02-08,C0163,Customer 0163,Consumer,MW,partner,1,P110,Professional Subscription,subscription,1,73.57,73.57,USD
O104050,2026-02-08T17:11:35,2026-02-08,C0163,Customer 0163,Consumer,MW,partner,2,P210,Automation Add-on,addon,1,61.16,61.16,USD
O104051,2026-02-08T12:42:20,2026-02-08,C0198,Customer 0198,SMB,SW,mobile,1,P120,Enterprise Subscription,subscription,1,201.91,201.91,USD
O104051,2026-02-08T12:42:20,2026-02-08,C0198,Customer 0198,SMB,SW,mobile,2,P200,Analytics Add-on,addon,1,37.51,37.51,USD
O104052,2026-02-08T17:54:44,2026-02-08,C0021,Customer 0021,Mid-Market,SE,web,1,P110,Professional Subscription,subscription,1,73.20,73.20,USD
O104053,2026-02-08T18:33:32,2026-02-08,C0081,Customer 0081,SMB,W,web,1,P310,Training Package,service,1,295.10,295.10,USD
O104053,2026-02-08T18:33:32,2026-02-08,C0081,Customer 0081,SMB,W,web,2,P120,Enterprise Subscription,subscription,1,205.66,205.66,USD
O104054,2026-02-08T11:02:53,2026-02-08,C0146,Customer 0146,SMB,SW,partner,1,P310,Training Package,service,1,282.95,282.95,USD
O104054,2026-02-08T11:02:53,2026-02-08,C0146,Customer 0146,SMB,SW,partner,2,P200,Analytics Add-on,addon,1,36.62,36.62,USD
O104054,2026-02-08T11:02:53,2026-02-08,C0146,Customer 0146,SMB,SW,partner,3,P100,Starter Subscription,subscription,1,28.72,28.72,USD
O104055,2026-02-08T18:06:14,2026-02-08,C0109,Customer 0109,Mid-Market,W,web,1,P100,Starter Subscription,subscription,1,28.71,28.71,USD
O104055,2026-02-08T18:06:14,2026-02-08,C0109,Customer 0109,Mid-Market,W,web,2,P200,Analytics Add-on,addon,2,40.97,81.94,USD
O104056,2026-02-08T10:45:38,2026-02-08,C0119,Customer 0119,Consumer,SE,web,1,P310,Training Package,service,1,293.56,293.56,USD
O104057,2026-02-08T20:26:09,2026-02-08,C0035,Customer 0035,SMB,SE,web,1,P300,Implementation Package,service,1,500.52,500.52,USD
O104058,2026-02-08T15:11:50,2026-02-08,C0129,Customer 0129,Consumer,SE,web,1,P100,Starter Subscription,subscription,1,28.92,28.92,USD
O104059,2026-02-08T20:09:25,2026-02-08,C0152,Customer 0152,Consumer,MW,web,1,P120,Enterprise Subscription,subscription,1,198.71,198.71,USD
O104059,2026-02-08T20:09:25,2026-02-08,C0152,Customer 0152,Consumer,MW,web,2,P110,Professional Subscription,subscription,1,80.06,80.06,USD
O104060,2026-02-08T19:47:14,2026-02-08,C0064,Customer 0064,SMB,W,mobile,1,P100,Starter Subscription,subscription,1,30.38,30.38,USD
O104061,2026-02-08T15:24:43,2026-02-08,C0205,Customer 0205,Consumer,SW,web,1,P110,Professional Subscription,subscription,1,82.99,82.99,USD
O104062,2026-02-08T08:51:26,2026-02-08,C0153,Customer 0153,Consumer,W,mobile,1,P200,Analytics Add-on,addon,2,37.41,74.82,USD
O104063,2026-02-08T15:45:09,2026-02-08,C0016,Customer 0016,Enterprise,W,web,1,P120,Enterprise Subscription,subscription,1,204.65,204.65,USD
O104064,2026-02-08T15:40:07,2026-02-08,C0157,Customer 0157,Consumer,MW,mobile,1,P100,Starter Subscription,subscription,1,31.32,31.32,USD
O104064,2026-02-08T15:40:07,2026-02-08,C0157,Customer 0157,Consumer,MW,mobile,2,P110,Professional Subscription,subscription,1,81.49,81.49,USD
O104065,2026-02-08T16:26:16,2026-02-08,C0058,Customer 0058,SMB,W,mobile,1,P210,Automation Add-on,addon,2,55.64,111.28,USD
O104065,2026-02-08T16:26:16,2026-02-08,C0058,Customer 0058,SMB,W,mobile,2,P110,Professional Subscription,subscription,1,74.35,74.35,USD
O104065,2026-02-08T16:26:16,2026-02-08,C0058,Customer 0058,SMB,W,mobile,3,P200,Analytics Add-on,addon,2,40.14,80.28,USD
O104066,2026-02-08T08:23:44,2026-02-08,C0052,Customer 0052,SMB,MW,web,1,P100,Starter Subscription,subscription,1,30.01,30.01,USD
O104066,2026-02-08T08:23:44,2026-02-08,C0052,Customer 0052,SMB,MW,web,2,P120,Enterprise Subscription,subscription,1,213.57,213.57,USD
O104067,2026-02-08T19:54:01,2026-02-08,C0150,Customer 0150,Mid-Market,NE,web,1,P300,Implementation Package,service,1,467.75,467.75,USD
O104068,2026-02-08T10:23:42,2026-02-08,C0004,Customer 0004,Enterprise,NE,web,1,P310,Training Package,service,1,317.77,317.77,USD
O104068,2026-02-08T10:23:42,2026-02-08,C0004,Customer 0004,Enterprise,NE,web,2,P110,Professional Subscription,subscription,1,75.16,75.16,USD
O104069,2026-02-08T13:17:50,2026-02-08,C0210,Customer 0210,SMB,NE,web,1,P300,Implementation Package,service,1,505.26,505.26,USD
O104069,2026-02-08T13:17:50,2026-02-08,C0210,Customer 0210,SMB,NE,web,2,P100,Starter Subscription,subscription,1,30.55,30.55,USD
O104070,2026-02-08T08:59:13,2026-02-08,C0145,Customer 0145,Mid-Market,W,mobile,1,P110,Professional Subscription,subscription,1,76.97,76.97,USD
O104071,2026-02-08T18:42:35,2026-02-08,C0007,Customer 0007,Consumer,W,web,1,P310,Training Package,service,1,289.37,289.37,USD
O104071,2026-02-08T18:42:35,2026-02-08,C0007,Customer 0007,Consumer,W,web,2,P100,Starter Subscription,subscription,1,30.14,30.14,USD
O104071,2026-02-08T18:42:35,2026-02-08,C0007,Customer 0007,Consumer,W,web,3,P200,Analytics Add-on,addon,2,36.82,73.64,USD
O104072,2026-02-08T10:57:34,2026-02-08,C0214,Customer 0214,Mid-Market,MW,web,1,P100,Starter Subscription,subscription,1,27.47,27.47,USD
O104073,2026-02-08T09:32:33,2026-02-08,C0089,Customer 0089,SMB,NE,partner,1,P110,Professional Subscription,subscription,1,81.42,81.42,USD
O104074,2026-02-08T18:23:19,2026-02-08,C0088,Customer 0088,Consumer,SE,partner,1,P300,Implementation Package,service,1,503.95,503.95,USD
O104074,2026-02-08T18:23:19,2026-02-08,C0088,Customer 0088,Consumer,SE,partner,2,P110,Professional Subscription,subscription,1,78.90,78.90,USD
O104074,2026-02-08T18:23:19,2026-02-08,C0088,Customer 0088,Consumer,SE,partner,3,P210,Automation Add-on,addon,1,61.85,61.85,USD
O104075,2026-02-08T18:53:54,2026-02-08,C0126,Customer 0126,SMB,SE,partner,1,P110,Professional Subscription,subscription,1,73.12,73.12,USD
O104076,2026-02-08T10:34:03,2026-02-08,C0043,Customer 0043,Mid-Market,MW,web,1,P120,Enterprise Subscription,subscription,1,211.32,211.32,USD
O104076,2026-02-08T10:34:03,2026-02-08,C0043,Customer 0043,Mid-Market,MW,web,2,P310,Training Package,service,1,293.99,293.99,USD
O104077,2026-02-08T15:47:10,2026-02-08,C0008,Customer 0008,SMB,W,web,1,P110,Professional Subscription,subscription,1,75.86,75.86,USD
O104078,2026-02-09T08:17:49,2026-02-09,C0161,Customer 0161,Mid-Market,SE,partner,1,P200,Analytics Add-on,addon,1,41.76,41.76,USD
O104078,2026-02-09T08:17:49,2026-02-09,C0161,Customer 0161,Mid-Market,SE,partner,2,P300,Implementation Package,service,1,474.72,474.72,USD
O104078,2026-02-09T08:17:49,2026-02-09,C0161,Customer 0161,Mid-Market,SE,partner,3,P310,Training Package,service,1,315.94,315.94,USD
O104079,2026-02-09T15:28:45,2026-02-09,C0192,Customer 0192,Mid-Market,MW,web,1,P310,Training Package,service,1,306.63,306.63,USD
O104079,2026-02-09T15:28:45,2026-02-09,C0192,Customer 0192,Mid-Market,MW,web,2,P100,Starter Subscription,subscription,1,30.32,30.32,USD
O104080,2026-02-09T19:49:16,2026-02-09,C0190,Customer 0190,Consumer,W,web,1,P200,Analytics Add-on,addon,2,38.15,76.30,USD
O104081,2026-02-09T09:50:50,2026-02-09,C0092,Customer 0092,Mid-Market,W,web,1,P120,Enterprise Subscription,subscription,1,195.15,195.15,USD
O104081,2026-02-09T09:50:50,2026-02-09,C0092,Customer 0092,Mid-Market,W,web,2,P100,Starter Subscription,subscription,1,29.83,29.83,USD
O104081,2026-02-09T09:50:50,2026-02-09,C0092,Customer 0092,Mid-Market,W,web,3,P200,Analytics Add-on,addon,1,40.01,40.01,USD
O104082,2026-02-09T18:41:52,2026-02-09,C0073,Customer 0073,Mid-Market,SW,web,1,P100,Starter Subscription,subscription,1,31.05,31.05,USD
O104082,2026-02-09T18:41:52,2026-02-09,C0073,Customer 0073,Mid-Market,SW,web,2,P210,Automation Add-on,addon,1,60.91,60.91,USD
O104083,2026-02-09T13:18:08,2026-02-09,C0167,Customer 0167,Consumer,NE,web,1,P310,Training Package,service,1,317.51,317.51,USD
O104084,2026-02-09T17:05:28,2026-02-09,C0214,Customer 0214,Mid-Market,MW,web,1,P200,Analytics Add-on,addon,1,38.22,38.22,USD
O104084,2026-02-09T17:05:28,2026-02-09,C0214,Customer 0214,Mid-Market,MW,web,2,P120,Enterprise Subscription,subscription,1,207.30,207.30,USD
O104084,2026-02-09T17:05:28,2026-02-09,C0214,Customer 0214,Mid-Market,MW,web,3,P110,Professional Subscription,subscription,1,84.13,84.13,USD
O104085,2026-02-09T14:25:10,2026-02-09,C0204,Customer 0204,SMB,MW,web,1,P200,Analytics Add-on,addon,1,40.06,40.06,USD
O104086,2026-02-09T18:28:04,2026-02-09,C0015,Customer 0015,SMB,SW,partner,1,P300,Implementation Package,service,1,524.44,524.44,USD
O104087,2026-02-09T11:42:34,2026-02-09,C0142,Customer 0142,SMB,SW,partner,1,P120,Enterprise Subscription,subscription,1,186.27,186.27,USD
O104088,2026-02-09T13:25:26,2026-02-09,C0174,Customer 0174,Mid-Market,SW,partner,1,P200,Analytics Add-on,addon,1,37.64,37.64,USD
O104089,2026-02-09T08:14:28,2026-02-09,C0056,Customer 0056,Consumer,SE,web,1,P300,Implementation Package,service,1,503.73,503.73,USD
O104090,2026-02-09T16:15:11,2026-02-09,C0061,Customer 0061,Consumer,MW,mobile,1,P310,Training Package,service,1,284.21,284.21,USD
O104090,2026-02-09T16:15:11,2026-02-09,C0061,Customer 0061,Consumer,MW,mobile,2,P300,Implementation Package,service,1,465.46,465.46,USD
O104091,2026-02-09T13:59:33,2026-02-09,C0217,Customer 0217,SMB,NE,mobile,1,P120,Enterprise Subscription,subscription,1,202.39,202.39,USD
O104092,2026-02-09T17:51:53,2026-02-09,C0044,Customer 0044,SMB,NE,mobile,1,P310,Training Package,service,1,286.04,286.04,USD
O104093,2026-02-09T10:41:30,2026-02-09,C0238,Customer 0238,Mid-Market,MW,partner,1,P200,Analytics Add-on,addon,1,36.40,36.40,USD
O104093,2026-02-09T10:41:30,2026-02-09,C0238,Customer 0238,Mid-Market,MW,partner,2,P300,Implementation Package,service,1,504.21,504.21,USD
O104094,2026-02-09T10:39:52,2026-02-09,C0018,Customer 0018,Consumer,MW,web,1,P120,Enterprise Subscription,subscription,1,191.57,191.57,USD
O104095,2026-02-09T18:22:26,2026-02-09,C0075,Customer 0075,Consumer,NE,web,1,P110,Professional Subscription,subscription,1,79.62,79.62,USD
O104096,2026-02-09T20:10:50,2026-02-09,C0093,Customer 0093,SMB,W,partner,1,P300,Implementation Package,service,1,515.04,515.04,USD
O104096,2026-02-09T20:10:50,2026-02-09,C0093,Customer 0093,SMB,W,partner,2,P120,Enterprise Subscription,subscription,1,188.20,188.20,USD
O104097,2026-02-09T18:55:00,2026-02-09,C0139,Customer 0139,Consumer,W,web,1,P210,Automation Add-on,addon,1,57.72,57.72,USD
O104098,2026-02-09T11:51:54,2026-02-09,C0070,Customer 0070,SMB,W,web,1,P120,Enterprise Subscription,subscription,1,202.82,202.82,USD
O104099,2026-02-09T17:33:21,2026-02-09,C0142,Customer 0142,SMB,SW,partner,1,P120,Enterprise Subscription,subscription,1,198.78,198.78,USD
O104099,2026-02-09T17:33:21,2026-02-09,C0142,Customer 0142,SMB,SW,partner,2,P310,Training Package,service,1,289.79,289.79,USD
O104100,2026-02-09T20:42:57,2026-02-09,C0094,Customer 0094,Consumer,NE,web,1,P310,Training Package,service,1,304.06,304.06,USD
O104100,2026-02-09T20:42:57,2026-02-09,C0094,Customer 0094,Consumer,NE,web,2,P200,Analytics Add-on,addon,1,36.07,36.07,USD
O104101,2026-02-09T15:06:34,2026-02-09,C0213,Customer 0213,Consumer,W,partner,1,P300,Implementation Package,service,1,468.94,468.94,USD
O104102,2026-02-09T10:14:55,2026-02-09,C0236,Customer 0236,Consumer,MW,web,1,P300,Implementation Package,service,1,515.12,515.12,USD
O104102,2026-02-09T10:14:55,2026-02-09,C0236,Customer 0236,Consumer,MW,web,2,P100,Starter Subscription,subscription,1,28.45,28.45,USD
O104103,2026-02-09T11:55:26,2026-02-09,C0165,Customer 0165,Mid-Market,SE,web,1,P310,Training Package,service,1,304.87,304.87,USD
O104104,2026-02-09T09:48:14,2026-02-09,C0182,Customer 0182,Consumer,MW,mobile,1,P120,Enterprise Subscription,subscription,1,209.64,209.64,USD
O104104,2026-02-09T09:48:14,2026-02-09,C0182,Customer 0182,Consumer,MW,mobile,2,P310,Training Package,service,1,302.17,302.17,USD
O104104,2026-02-09T09:48:14,2026-02-09,C0182,Customer 0182,Consumer,MW,mobile,3,P100,Starter Subscription,subscription,1,27.44,27.44,USD
O104105,2026-02-09T17:40:54,2026-02-09,C0188,Customer 0188,Mid-Market,SW,web,1,P310,Training Package,service,1,294.72,294.72,USD
O104106,2026-02-10T18:32:10,2026-02-10,C0036,Customer 0036,Mid-Market,NE,web,1,P310,Training Package,service,1,294.33,294.33,USD
O104107,2026-02-10T20:08:06,2026-02-10,C0021,Customer 0021,Mid-Market,SE,web,1,P310,Training Package,service,1,282.69,282.69,USD
O104108,2026-02-10T12:58:50,2026-02-10,C0029,Customer 0029,Consumer,MW,partner,1,P200,Analytics Add-on,addon,2,39.46,78.92,USD
O104109,2026-02-10T12:50:24,2026-02-10,C0022,Customer 0022,SMB,NE,mobile,1,P300,Implementation Package,service,1,531.21,531.21,USD
O104110,2026-02-10T13:39:06,2026-02-10,C0039,Customer 0039,Mid-Market,SW,web,1,P120,Enterprise Subscription,subscription,1,189.31,189.31,USD
O104110,2026-02-10T13:39:06,2026-02-10,C0039,Customer 0039,Mid-Market,SW,web,2,P110,Professional Subscription,subscription,1,78.69,78.69,USD
O104111,2026-02-10T19:57:33,2026-02-10,C0215,Customer 0215,SMB,W,partner,1,P310,Training Package,service,1,296.22,296.22,USD
O104112,2026-02-10T20:13:09,2026-02-10,C0028,Customer 0028,SMB,SE,web,1,P100,Starter Subscription,subscription,1,29.85,29.85,USD
O104112,2026-02-10T20:13:09,2026-02-10,C0028,Customer 0028,SMB,SE,web,2,P210,Automation Add-on,addon,2,60.74,121.48,USD
O104113,2026-02-10T14:21:38,2026-02-10,C0076,Customer 0076,Mid-Market,MW,partner,1,P300,Implementation Package,service,1,475.85,475.85,USD
O104114,2026-02-10T17:44:40,2026-02-10,C0235,Customer 0235,Consumer,W,web,1,P120,Enterprise Subscription,subscription,1,212.13,212.13,USD
O104115,2026-02-10T13:46:27,2026-02-10,C0217,Customer 0217,SMB,NE,web,1,P310,Training Package,service,1,298.96,298.96,USD
O104115,2026-02-10T13:46:27,2026-02-10,C0217,Customer 0217,SMB,NE,web,2,P210,Automation Add-on,addon,2,58.82,117.64,USD
O104116,2026-02-10T13:48:00,2026-02-10,C0098,Customer 0098,SMB,W,web,1,P120,Enterprise Subscription,subscription,1,184.44,184.44,USD
O104117,2026-02-10T15:10:23,2026-02-10,C0169,Customer 0169,Consumer,SW,web,1,P310,Training Package,service,1,297.42,297.42,USD
O104118,2026-02-10T19:46:03,2026-02-10,C0085,Customer 0085,Mid-Market,SW,mobile,1,P110,Professional Subscription,subscription,1,81.37,81.37,USD
O104119,2026-02-10T10:26:26,2026-02-10,C0046,Customer 0046,Consumer,W,mobile,1,P100,Starter Subscription,subscription,1,30.52,30.52,USD
O104119,2026-02-10T10:26:26,2026-02-10,C0046,Customer 0046,Consumer,W,mobile,2,P210,Automation Add-on,addon,1,55.87,55.87,USD
O104120,2026-02-10T12:25:40,2026-02-10,C0130,Customer 0130,SMB,MW,web,1,P310,Training Package,service,1,282.02,282.02,USD
O104120,2026-02-10T12:25:40,2026-02-10,C0130,Customer 0130,SMB,MW,web,2,P300,Implementation Package,service,1,471.16,471.16,USD
O104121,2026-02-10T10:04:34,2026-02-10,C0185,Customer 0185,SMB,SE,partner,1,P100,Starter Subscription,subscription,1,31.17,31.17,USD
O104122,2026-02-10T18:33:31,2026-02-10,C0218,Customer 0218,Enterprise,SW,web,1,P310,Training Package,service,1,275.18,275.18,USD
O104123,2026-02-10T20:18:33,2026-02-10,C0105,Customer 0105,SMB,SE,partner,1,P210,Automation Add-on,addon,1,56.32,56.32,USD
O104124,2026-02-10T19:30:51,2026-02-10,C0120,Customer 0120,Mid-Market,SW,mobile,1,P120,Enterprise Subscription,subscription,1,187.62,187.62,USD
O104124,2026-02-10T19:30:51,2026-02-10,C0120,Customer 0120,Mid-Market,SW,mobile,2,P200,Analytics Add-on,addon,2,38.08,76.16,USD
O104124,2026-02-10T19:30:51,2026-02-10,C0120,Customer 0120,Mid-Market,SW,mobile,3,P310,Training Package,service,1,290.87,290.87,USD
O104125,2026-02-10T10:30:07,2026-02-10,C0196,Customer 0196,SMB,SW,mobile,1,P100,Starter Subscription,subscription,1,26.68,26.68,USD
O104126,2026-02-10T15:23:49,2026-02-10,C0104,Customer 0104,Mid-Market,W,web,1,P200,Analytics Add-on,addon,1,40.24,40.24,USD
O104127,2026-02-10T13:16:57,2026-02-10,C0148,Customer 0148,Consumer,SE,mobile,1,P110,Professional Subscription,subscription,1,84.20,84.20,USD
O104128,2026-02-10T10:28:26,2026-02-10,C0195,Customer 0195,Consumer,SW,web,1,P100,Starter Subscription,subscription,1,29.85,29.85,USD
O104129,2026-02-10T13:48:52,2026-02-10,C0066,Customer 0066,Consumer,NE,web,1,P100,Starter Subscription,subscription,1,29.19,29.19,USD
O104129,2026-02-10T13:48:52,2026-02-10,C0066,Customer 0066,Consumer,NE,web,2,P200,Analytics Add-on,addon,1,41.83,41.83,USD
O104130,2026-02-10T10:55:50,2026-02-10,C0153,Customer 0153,Consumer,W,web,1,P310,Training Package,service,1,302.68,302.68,USD
O104131,2026-02-10T16:29:24,2026-02-10,C0104,Customer 0104,Mid-Market,W,web,1,P120,Enterprise Subscription,subscription,1,188.17,188.17,USD
O104132,2026-02-10T15:32:23,2026-02-10,C0236,Customer 0236,Consumer,MW,web,1,P210,Automation Add-on,addon,1,54.69,54.69,USD
O104133,2026-02-10T08:18:25,2026-02-10,C0011,Customer 0011,SMB,MW,mobile,1,P300,Implementation Package,service,1,498.85,498.85,USD
O104134,2026-02-10T13:16:22,2026-02-10,C0159,Customer 0159,Consumer,SW,mobile,1,P310,Training Package,service,1,311.84,311.84,USD
O104134,2026-02-10T13:16:22,2026-02-10,C0159,Customer 0159,Consumer,SW,mobile,2,P200,Analytics Add-on,addon,2,37.94,75.88,USD
O104134,2026-02-10T13:16:22,2026-02-10,C0159,Customer 0159,Consumer,SW,mobile,3,P210,Automation Add-on,addon,1,57.21,57.21,USD
O104135,2026-02-10T14:59:59,2026-02-10,C0014,Customer 0014,Consumer,SW,web,1,P100,Starter Subscription,subscription,1,29.02,29.02,USD
O104135,2026-02-10T14:59:59,2026-02-10,C0014,Customer 0014,Consumer,SW,web,2,P300,Implementation Package,service,1,503.55,503.55,USD
O104136,2026-02-10T15:34:54,2026-02-10,C0007,Customer 0007,Consumer,W,mobile,1,P210,Automation Add-on,addon,1,60.10,60.10,USD
O104137,2026-02-10T20:59:52,2026-02-10,C0200,Customer 0200,Consumer,W,mobile,1,P200,Analytics Add-on,addon,1,36.70,36.70,USD
O104137,2026-02-10T20:59:52,2026-02-10,C0200,Customer 0200,Consumer,W,mobile,2,P100,Starter Subscription,subscription,1,31.29,31.29,USD
O104137,2026-02-10T20:59:52,2026-02-10,C0200,Customer 0200,Consumer,W,mobile,3,P120,Enterprise Subscription,subscription,1,187.24,187.24,USD
O104138,2026-02-10T14:09:47,2026-02-10,C0181,Customer 0181,SMB,W,web,1,P110,Professional Subscription,subscription,1,84.41,84.41,USD
O104138,2026-02-10T14:09:47,2026-02-10,C0181,Customer 0181,SMB,W,web,2,P300,Implementation Package,service,1,491.11,491.11,USD
O104139,2026-02-10T16:23:20,2026-02-10,C0090,Customer 0090,Consumer,NE,mobile,1,P310,Training Package,service,1,275.82,275.82,USD
O104140,2026-02-11T10:43:29,2026-02-11,C0083,Customer 0083,Mid-Market,SW,web,1,P210,Automation Add-on,addon,2,61.71,123.42,USD
O104140,2026-02-11T10:43:29,2026-02-11,C0083,Customer 0083,Mid-Market,SW,web,2,P110,Professional Subscription,subscription,1,84.97,84.97,USD
O104141,2026-02-11T20:07:33,2026-02-11,C0207,Customer 0207,Consumer,SW,mobile,1,P310,Training Package,service,1,298.63,298.63,USD
O104142,2026-02-11T15:52:56,2026-02-11,C0158,Customer 0158,SMB,W,mobile,1,P310,Training Package,service,1,288.50,288.50,USD
O104143,2026-02-11T14:54:11,2026-02-11,C0023,Customer 0023,Consumer,W,web,1,P100,Starter Subscription,subscription,1,31.16,31.16,USD
O104144,2026-02-11T08:46:18,2026-02-11,C0102,Customer 0102,Consumer,SW,web,1,P300,Implementation Package,service,1,482.26,482.26,USD
O104145,2026-02-11T10:51:54,2026-02-11,C0043,Customer 0043,Mid-Market,MW,mobile,1,P200,Analytics Add-on,addon,1,38.01,38.01,USD
O104146,2026-02-11T20:57:44,2026-02-11,C0116,Customer 0116,Mid-Market,NE,mobile,1,P310,Training Package,service,1,308.59,308.59,USD
O104147,2026-02-11T20:48:16,2026-02-11,C0023,Customer 0023,Consumer,W,web,1,P200,Analytics Add-on,addon,1,39.42,39.42,USD
O104148,2026-02-11T10:37:05,2026-02-11,C0108,Customer 0108,SMB,W,mobile,1,P310,Training Package,service,1,288.91,288.91,USD
O104148,2026-02-11T10:37:05,2026-02-11,C0108,Customer 0108,SMB,W,mobile,2,P210,Automation Add-on,addon,1,57.29,57.29,USD
O104148,2026-02-11T10:37:05,2026-02-11,C0108,Customer 0108,SMB,W,mobile,3,P100,Starter Subscription,subscription,1,28.82,28.82,USD
O104149,2026-02-11T15:30:04,2026-02-11,C0118,Customer 0118,SMB,SE,web,1,P110,Professional Subscription,subscription,1,84.20,84.20,USD
O104149,2026-02-11T15:30:04,2026-02-11,C0118,Customer 0118,SMB,SE,web,2,P300,Implementation Package,service,1,479.78,479.78,USD
O104149,2026-02-11T15:30:04,2026-02-11,C0118,Customer 0118,SMB,SE,web,3,P310,Training Package,service,1,301.90,301.90,USD
O104150,2026-02-11T10:47:36,2026-02-11,C0040,Customer 0040,SMB,W,partner,1,P100,Starter Subscription,subscription,1,28.25,28.25,USD
O104151,2026-02-11T10:34:22,2026-02-11,C0234,Customer 0234,SMB,SW,mobile,1,P300,Implementation Package,service,1,471.92,471.92,USD
O104151,2026-02-11T10:34:22,2026-02-11,C0234,Customer 0234,SMB,SW,mobile,2,P100,Starter Subscription,subscription,1,28.03,28.03,USD
O104152,2026-02-11T13:14:21,2026-02-11,C0117,Customer 0117,Consumer,MW,web,1,P120,Enterprise Subscription,subscription,1,211.09,211.09,USD
O104153,2026-02-11T20:13:27,2026-02-11,C0054,Customer 0054,Consumer,NE,partner,1,P210,Automation Add-on,addon,2,60.44,120.88,USD
O104154,2026-02-11T11:56:28,2026-02-11,C0103,Customer 0103,Consumer,NE,partner,1,P100,Starter Subscription,subscription,1,29.06,29.06,USD
O104154,2026-02-11T11:56:28,2026-02-11,C0103,Customer 0103,Consumer,NE,partner,2,P120,Enterprise Subscription,subscription,1,192.57,192.57,USD
O104155,2026-02-11T13:34:19,2026-02-11,C0125,Customer 0125,Mid-Market,NE,mobile,1,P210,Automation Add-on,addon,1,59.25,59.25,USD
O104156,2026-02-11T11:25:28,2026-02-11,C0181,Customer 0181,SMB,W,mobile,1,P300,Implementation Package,service,1,498.99,498.99,USD
O104157,2026-02-11T18:36:03,2026-02-11,C0022,Customer 0022,SMB,NE,web,1,P210,Automation Add-on,addon,1,57.10,57.10,USD
O104158,2026-02-11T11:56:06,2026-02-11,C0157,Customer 0157,Consumer,MW,web,1,P110,Professional Subscription,subscription,1,82.98,82.98,USD
O104159,2026-02-11T15:25:04,2026-02-11,C0220,Customer 0220,Enterprise,SE,web,1,P110,Professional Subscription,subscription,1,75.06,75.06,USD
O104160,2026-02-11T12:35:01,2026-02-11,C0146,Customer 0146,SMB,SW,web,1,P100,Starter Subscription,subscription,1,26.71,26.71,USD
O104161,2026-02-11T17:34:54,2026-02-11,C0204,Customer 0204,SMB,MW,web,1,P300,Implementation Package,service,1,469.79,469.79,USD
O104161,2026-02-11T17:34:54,2026-02-11,C0204,Customer 0204,SMB,MW,web,2,P110,Professional Subscription,subscription,1,78.47,78.47,USD
O104162,2026-02-11T19:34:56,2026-02-11,C0218,Customer 0218,Enterprise,SW,web,1,P110,Professional Subscription,subscription,1,77.69,77.69,USD
O104162,2026-02-11T19:34:56,2026-02-11,C0218,Customer 0218,Enterprise,SW,web,2,P300,Implementation Package,service,1,492.81,492.81,USD
O104163,2026-02-11T11:27:37,2026-02-11,C0060,Customer 0060,Consumer,MW,mobile,1,P300,Implementation Package,service,1,466.52,466.52,USD
O104164,2026-02-11T18:26:53,2026-02-11,C0088,Customer 0088,Consumer,SE,mobile,1,P210,Automation Add-on,addon,2,59.02,118.04,USD
O104165,2026-02-11T17:42:23,2026-02-11,C0124,Customer 0124,SMB,SE,partner,1,P110,Professional Subscription,subscription,1,81.74,81.74,USD
O104166,2026-02-11T12:27:17,2026-02-11,C0191,Customer 0191,SMB,W,partner,1,P100,Starter Subscription,subscription,1,29.02,29.02,USD
O104167,2026-02-11T18:44:18,2026-02-11,C0200,Customer 0200,Consumer,W,web,1,P110,Professional Subscription,subscription,1,83.52,83.52,USD
O104168,2026-02-11T13:04:55,2026-02-11,C0094,Customer 0094,Consumer,NE,mobile,1,P100,Starter Subscription,subscription,1,28.36,28.36,USD
O104169,2026-02-11T17:12:35,2026-02-11,C0108,Customer 0108,SMB,W,partner,1,P110,Professional Subscription,subscription,1,72.99,72.99,USD
O104169,2026-02-11T17:12:35,2026-02-11,C0108,Customer 0108,SMB,W,partner,2,P100,Starter Subscription,subscription,1,28.28,28.28,USD
O104170,2026-02-11T10:57:21,2026-02-11,C0216,Customer 0216,Consumer,SE,partner,1,P120,Enterprise Subscription,subscription,1,183.39,183.39,USD
O104170,2026-02-11T10:57:21,2026-02-11,C0216,Customer 0216,Consumer,SE,partner,2,P110,Professional Subscription,subscription,1,82.42,82.42,USD
O104170,2026-02-11T10:57:21,2026-02-11,C0216,Customer 0216,Consumer,SE,partner,3,P300,Implementation Package,service,1,515.18,515.18,USD
O104171,2026-02-11T08:17:42,2026-02-11,C0096,Customer 0096,SMB,W,web,1,P200,Analytics Add-on,addon,1,39.47,39.47,USD
O104172,2026-02-11T08:01:14,2026-02-11,C0042,Customer 0042,Consumer,MW,web,1,P210,Automation Add-on,addon,1,55.10,55.10,USD
O104173,2026-02-11T15:34:05,2026-02-11,C0125,Customer 0125,Mid-Market,NE,web,1,P200,Analytics Add-on,addon,2,41.46,82.92,USD
O104174,2026-02-11T11:51:21,2026-02-11,C0021,Customer 0021,Mid-Market,SE,mobile,1,P120,Enterprise Subscription,subscription,1,188.95,188.95,USD
O104175,2026-02-11T10:54:25,2026-02-11,C0115,Customer 0115,Consumer,MW,partner,1,P200,Analytics Add-on,addon,1,36.98,36.98,USD
O104175,2026-02-11T10:54:25,2026-02-11,C0115,Customer 0115,Consumer,MW,partner,2,P210,Automation Add-on,addon,2,61.21,122.42,USD
O104175,2026-02-11T10:54:25,2026-02-11,C0115,Customer 0115,Consumer,MW,partner,3,P110,Professional Subscription,subscription,1,79.68,79.68,USD
O104176,2026-02-11T08:36:24,2026-02-11,C0079,Customer 0079,SMB,SE,mobile,1,P110,Professional Subscription,subscription,1,75.83,75.83,USD
O104177,2026-02-12T08:00:39,2026-02-12,C0181,Customer 0181,SMB,W,web,1,P200,Analytics Add-on,addon,1,38.97,38.97,USD
O104178,2026-02-12T10:46:06,2026-02-12,C0068,Customer 0068,SMB,SE,web,1,P210,Automation Add-on,addon,1,55.23,55.23,USD
O104179,2026-02-12T14:45:14,2026-02-12,C0073,Customer 0073,Mid-Market,SW,partner,1,P200,Analytics Add-on,addon,1,37.10,37.10,USD
O104180,2026-02-12T11:48:31,2026-02-12,C0106,Customer 0106,SMB,MW,partner,1,P120,Enterprise Subscription,subscription,1,208.69,208.69,USD
O104181,2026-02-12T15:27:09,2026-02-12,C0076,Customer 0076,Mid-Market,MW,web,1,P200,Analytics Add-on,addon,1,41.90,41.90,USD
O104182,2026-02-12T11:24:52,2026-02-12,C0036,Customer 0036,Mid-Market,NE,partner,1,P210,Automation Add-on,addon,1,59.30,59.30,USD
O104182,2026-02-12T11:24:52,2026-02-12,C0036,Customer 0036,Mid-Market,NE,partner,2,P310,Training Package,service,1,283.08,283.08,USD
O104183,2026-02-12T08:53:43,2026-02-12,C0098,Customer 0098,SMB,W,mobile,1,P110,Professional Subscription,subscription,1,77.13,77.13,USD
O104183,2026-02-12T08:53:43,2026-02-12,C0098,Customer 0098,SMB,W,mobile,2,P210,Automation Add-on,addon,1,55.98,55.98,USD
O104183,2026-02-12T08:53:43,2026-02-12,C0098,Customer 0098,SMB,W,mobile,3,P120,Enterprise Subscription,subscription,1,204.94,204.94,USD
O104184,2026-02-12T17:21:50,2026-02-12,C0111,Customer 0111,Consumer,NE,mobile,1,P100,Starter Subscription,subscription,1,29.18,29.18,USD
O104185,2026-02-12T12:46:03,2026-02-12,C0197,Customer 0197,Mid-Market,SW,mobile,1,P300,Implementation Package,service,1,524.46,524.46,USD
O104185,2026-02-12T12:46:03,2026-02-12,C0197,Customer 0197,Mid-Market,SW,mobile,2,P120,Enterprise Subscription,subscription,1,187.35,187.35,USD
O104186,2026-02-12T20:23:49,2026-02-12,C0144,Customer 0144,Consumer,W,partner,1,P100,Starter Subscription,subscription,1,28.84,28.84,USD
O104187,2026-02-12T10:22:28,2026-02-12,C0225,Customer 0225,Enterprise,MW,partner,1,P100,Starter Subscription,subscription,1,30.12,30.12,USD
O104188,2026-02-12T10:49:27,2026-02-12,C0059,Customer 0059,Consumer,W,mobile,1,P300,Implementation Package,service,1,495.67,495.67,USD
O104189,2026-02-12T14:04:22,2026-02-12,C0096,Customer 0096,SMB,W,web,1,P100,Starter Subscription,subscription,1,27.36,27.36,USD
O104189,2026-02-12T14:04:22,2026-02-12,C0096,Customer 0096,SMB,W,web,2,P310,Training Package,service,1,311.95,311.95,USD
O104190,2026-02-12T12:30:05,2026-02-12,C0221,Customer 0221,Consumer,MW,web,1,P200,Analytics Add-on,addon,2,38.51,77.02,USD
O104190,2026-02-12T12:30:05,2026-02-12,C0221,Customer 0221,Consumer,MW,web,2,P120,Enterprise Subscription,subscription,1,214.17,214.17,USD
O104191,2026-02-12T10:12:57,2026-02-12,C0127,Customer 0127,SMB,W,mobile,1,P210,Automation Add-on,addon,1,57.25,57.25,USD
O104191,2026-02-12T10:12:57,2026-02-12,C0127,Customer 0127,SMB,W,mobile,2,P110,Professional Subscription,subscription,1,79.33,79.33,USD
O104192,2026-02-12T09:03:06,2026-02-12,C0036,Customer 0036,Mid-Market,NE,mobile,1,P210,Automation Add-on,addon,1,63.72,63.72,USD
O104193,2026-02-12T09:27:18,2026-02-12,C0028,Customer 0028,SMB,SE,web,1,P310,Training Package,service,1,296.68,296.68,USD
O104193,2026-02-12T09:27:18,2026-02-12,C0028,Customer 0028,SMB,SE,web,2,P200,Analytics Add-on,addon,2,41.39,82.78,USD
O104193,2026-02-12T09:27:18,2026-02-12,C0028,Customer 0028,SMB,SE,web,3,P210,Automation Add-on,addon,1,59.83,59.83,USD
O104194,2026-02-12T08:28:44,2026-02-12,C0007,Customer 0007,Consumer,W,web,1,P300,Implementation Package,service,1,477.39,477.39,USD
O104195,2026-02-12T14:54:23,2026-02-12,C0004,Customer 0004,Enterprise,NE,mobile,1,P100,Starter Subscription,subscription,1,30.92,30.92,USD
O104196,2026-02-12T16:28:53,2026-02-12,C0188,Customer 0188,Mid-Market,SW,mobile,1,P310,Training Package,service,1,288.77,288.77,USD
O104196,2026-02-12T16:28:53,2026-02-12,C0188,Customer 0188,Mid-Market,SW,mobile,2,P300,Implementation Package,service,1,463.62,463.62,USD
O104197,2026-02-12T12:45:38,2026-02-12,C0169,Customer 0169,Consumer,SW,web,1,P200,Analytics Add-on,addon,2,38.44,76.88,USD
O104198,2026-02-12T14:44:19,2026-02-12,C0119,Customer 0119,Consumer,SE,web,1,P300,Implementation Package,service,1,517.16,517.16,USD
O104199,2026-02-12T08:06:25,2026-02-12,C0179,Customer 0179,Consumer,SW,web,1,P120,Enterprise Subscription,subscription,1,206.74,206.74,USD
O104200,2026-02-12T10:23:58,2026-02-12,C0222,Customer 0222,Consumer,NE,web,1,P210,Automation Add-on,addon,2,59.95,119.90,USD
O104200,2026-02-12T10:23:58,2026-02-12,C0222,Customer 0222,Consumer,NE,web,2,P200,Analytics Add-on,addon,1,39.13,39.13,USD
O104200,2026-02-12T10:23:58,2026-02-12,C0222,Customer 0222,Consumer,NE,web,3,P100,Starter Subscription,subscription,1,27.29,27.29,USD
O104201,2026-02-12T08:19:23,2026-02-12,C0036,Customer 0036,Mid-Market,NE,web,1,P300,Implementation Package,service,1,532.58,532.58,USD
O104202,2026-02-12T18:01:54,2026-02-12,C0240,Customer 0240,Consumer,W,web,1,P310,Training Package,service,1,309.02,309.02,USD
O104203,2026-02-12T18:30:29,2026-02-12,C0138,Customer 0138,Mid-Market,W,web,1,P300,Implementation Package,service,1,485.64,485.64,USD
O104204,2026-02-12T08:56:41,2026-02-12,C0011,Customer 0011,SMB,MW,web,1,P100,Starter Subscription,subscription,1,28.45,28.45,USD
O104205,2026-02-12T17:48:35,2026-02-12,C0117,Customer 0117,Consumer,MW,web,1,P300,Implementation Package,service,1,460.98,460.98,USD
O104205,2026-02-12T17:48:35,2026-02-12,C0117,Customer 0117,Consumer,MW,web,2,P120,Enterprise Subscription,subscription,1,199.51,199.51,USD
O104206,2026-02-12T15:21:21,2026-02-12,C0182,Customer 0182,Consumer,MW,mobile,1,P100,Starter Subscription,subscription,1,27.99,27.99,USD
O104206,2026-02-12T15:21:21,2026-02-12,C0182,Customer 0182,Consumer,MW,mobile,2,P110,Professional Subscription,subscription,1,74.84,74.84,USD
O104207,2026-02-12T17:54:15,2026-02-12,C0146,Customer 0146,SMB,SW,web,1,P310,Training Package,service,1,278.13,278.13,USD
O104208,2026-02-12T08:26:52,2026-02-12,C0202,Customer 0202,Mid-Market,SW,mobile,1,P310,Training Package,service,1,282.73,282.73,USD
O104209,2026-02-12T11:48:39,2026-02-12,C0235,Customer 0235,Consumer,W,mobile,1,P110,Professional Subscription,subscription,1,76.50,76.50,USD
O104210,2026-02-12T11:54:16,2026-02-12,C0009,Customer 0009,Consumer,NE,mobile,1,P110,Professional Subscription,subscription,1,75.79,75.79,USD
O104211,2026-02-12T14:54:19,2026-02-12,C0192,Customer 0192,Mid-Market,MW,web,1,P110,Professional Subscription,subscription,1,79.08,79.08,USD
O104211,2026-02-12T14:54:19,2026-02-12,C0192,Customer 0192,Mid-Market,MW,web,2,P100,Starter Subscription,subscription,1,28.26,28.26,USD
O104212,2026-02-12T12:37:38,2026-02-12,C0227,Customer 0227,Mid-Market,MW,web,1,P100,Starter Subscription,subscription,1,28.68,28.68,USD
O104212,2026-02-12T12:37:38,2026-02-12,C0227,Customer 0227,Mid-Market,MW,web,2,P200,Analytics Add-on,addon,1,40.76,40.76,USD
O104213,2026-02-12T11:07:20,2026-02-12,C0221,Customer 0221,Consumer,MW,web,1,P100,Starter Subscription,subscription,1,29.14,29.14,USD
O104214,2026-02-12T09:31:40,2026-02-12,C0081,Customer 0081,SMB,W,web,1,P120,Enterprise Subscription,subscription,1,187.84,187.84,USD
O104214,2026-02-12T09:31:40,2026-02-12,C0081,Customer 0081,SMB,W,web,2,P200,Analytics Add-on,addon,1,38.04,38.04,USD
O104215,2026-02-12T15:26:29,2026-02-12,C0171,Customer 0171,Consumer,NE,web,1,P200,Analytics Add-on,addon,2,39.62,79.24,USD
O104216,2026-02-13T12:59:54,2026-02-13,C0226,Customer 0226,Consumer,SW,mobile,1,P110,Professional Subscription,subscription,1,75.93,75.93,USD
O104217,2026-02-13T17:50:20,2026-02-13,C0068,Customer 0068,SMB,SE,partner,1,P110,Professional Subscription,subscription,1,75.27,75.27,USD
O104217,2026-02-13T17:50:20,2026-02-13,C0068,Customer 0068,SMB,SE,partner,2,P120,Enterprise Subscription,subscription,1,192.88,192.88,USD
O104218,2026-02-13T09:54:06,2026-02-13,C0043,Customer 0043,Mid-Market,MW,mobile,1,P100,Starter Subscription,subscription,1,27.24,27.24,USD
O104218,2026-02-13T09:54:06,2026-02-13,C0043,Customer 0043,Mid-Market,MW,mobile,2,P310,Training Package,service,1,281.49,281.49,USD
O104219,2026-02-13T12:55:30,2026-02-13,C0079,Customer 0079,SMB,SE,web,1,P210,Automation Add-on,addon,1,63.58,63.58,USD
O104219,2026-02-13T12:55:30,2026-02-13,C0079,Customer 0079,SMB,SE,web,2,P200,Analytics Add-on,addon,1,41.27,41.27,USD
O104219,2026-02-13T12:55:30,2026-02-13,C0079,Customer 0079,SMB,SE,web,3,P100,Starter Subscription,subscription,1,29.66,29.66,USD
O104220,2026-02-13T14:37:13,2026-02-13,C0165,Customer 0165,Mid-Market,SE,mobile,1,P200,Analytics Add-on,addon,1,40.54,40.54,USD
O104220,2026-02-13T14:37:13,2026-02-13,C0165,Customer 0165,Mid-Market,SE,mobile,2,P120,Enterprise Subscription,subscription,1,206.52,206.52,USD
O104220,2026-02-13T14:37:13,2026-02-13,C0165,Customer 0165,Mid-Market,SE,mobile,3,P300,Implementation Package,service,1,506.40,506.40,USD
O104221,2026-02-13T14:55:46,2026-02-13,C0060,Customer 0060,Consumer,MW,mobile,1,P100,Starter Subscription,subscription,1,29.94,29.94,USD
O104221,2026-02-13T14:55:46,2026-02-13,C0060,Customer 0060,Consumer,MW,mobile,2,P120,Enterprise Subscription,subscription,1,197.49,197.49,USD
O104222,2026-02-13T13:51:55,2026-02-13,C0163,Customer 0163,Consumer,MW,mobile,1,P300,Implementation Package,service,1,527.04,527.04,USD
O104223,2026-02-13T20:58:06,2026-02-13,C0072,Customer 0072,SMB,NE,mobile,1,P310,Training Package,service,1,287.46,287.46,USD
O104224,2026-02-13T15:33:28,2026-02-13,C0068,Customer 0068,SMB,SE,web,1,P200,Analytics Add-on,addon,1,37.07,37.07,USD
O104225,2026-02-13T09:10:14,2026-02-13,C0001,Customer 0001,Consumer,NE,web,1,P120,Enterprise Subscription,subscription,1,191.23,191.23,USD
O104225,2026-02-13T09:10:14,2026-02-13,C0001,Customer 0001,Consumer,NE,web,2,P110,Professional Subscription,subscription,1,82.72,82.72,USD
O104226,2026-02-13T11:21:35,2026-02-13,C0025,Customer 0025,SMB,W,mobile,1,P200,Analytics Add-on,addon,2,36.44,72.88,USD
O104226,2026-02-13T11:21:35,2026-02-13,C0025,Customer 0025,SMB,W,mobile,2,P120,Enterprise Subscription,subscription,1,192.46,192.46,USD
O104226,2026-02-13T11:21:35,2026-02-13,C0025,Customer 0025,SMB,W,mobile,3,P210,Automation Add-on,addon,1,58.93,58.93,USD
O104227,2026-02-13T16:12:39,2026-02-13,C0018,Customer 0018,Consumer,MW,partner,1,P300,Implementation Package,service,1,524.00,524.00,USD
O104228,2026-02-13T18:05:05,2026-02-13,C0061,Customer 0061,Consumer,MW,web,1,P100,Starter Subscription,subscription,1,29.73,29.73,USD
O104229,2026-02-13T08:23:11,2026-02-13,C0009,Customer 0009,Consumer,NE,mobile,1,P210,Automation Add-on,addon,2,56.14,112.28,USD
O104229,2026-02-13T08:23:11,2026-02-13,C0009,Customer 0009,Consumer,NE,mobile,2,P110,Professional Subscription,subscription,1,84.36,84.36,USD
O104230,2026-02-13T08:44:40,2026-02-13,C0154,Customer 0154,SMB,SW,web,1,P100,Starter Subscription,subscription,1,30.35,30.35,USD
O104230,2026-02-13T08:44:40,2026-02-13,C0154,Customer 0154,SMB,SW,web,2,P120,Enterprise Subscription,subscription,1,206.20,206.20,USD
O104231,2026-02-13T20:13:29,2026-02-13,C0183,Customer 0183,SMB,MW,web,1,P300,Implementation Package,service,1,459.72,459.72,USD
O104231,2026-02-13T20:13:29,2026-02-13,C0183,Customer 0183,SMB,MW,web,2,P120,Enterprise Subscription,subscription,1,209.71,209.71,USD
O104232,2026-02-13T11:24:59,2026-02-13,C0029,Customer 0029,Consumer,MW,mobile,1,P100,Starter Subscription,subscription,1,30.51,30.51,USD
O104232,2026-02-13T11:24:59,2026-02-13,C0029,Customer 0029,Consumer,MW,mobile,2,P210,Automation Add-on,addon,2,56.85,113.70,USD
O104233,2026-02-13T13:23:40,2026-02-13,C0017,Customer 0017,Enterprise,NE,web,1,P100,Starter Subscription,subscription,1,27.46,27.46,USD
O104234,2026-02-13T13:00:21,2026-02-13,C0113,Customer 0113,Enterprise,MW,web,1,P310,Training Package,service,1,320.28,320.28,USD
O104234,2026-02-13T13:00:21,2026-02-13,C0113,Customer 0113,Enterprise,MW,web,2,P200,Analytics Add-on,addon,2,37.07,74.14,USD
O104235,2026-02-13T10:05:09,2026-02-13,C0024,Customer 0024,SMB,SW,partner,1,P120,Enterprise Subscription,subscription,1,187.89,187.89,USD
O104236,2026-02-13T09:30:18,2026-02-13,C0102,Customer 0102,Consumer,SW,mobile,1,P300,Implementation Package,service,1,493.32,493.32,USD
O104236,2026-02-13T09:30:18,2026-02-13,C0102,Customer 0102,Consumer,SW,mobile,2,P310,Training Package,service,1,279.46,279.46,USD
O104237,2026-02-13T19:09:29,2026-02-13,C0156,Customer 0156,Enterprise,SW,mobile,1,P120,Enterprise Subscription,subscription,1,197.17,197.17,USD
O104238,2026-02-13T15:32:44,2026-02-13,C0103,Customer 0103,Consumer,NE,web,1,P310,Training Package,service,1,284.31,284.31,USD
O104238,2026-02-13T15:32:44,2026-02-13,C0103,Customer 0103,Consumer,NE,web,2,P110,Professional Subscription,subscription,1,85.24,85.24,USD
O104239,2026-02-13T17:12:16,2026-02-13,C0100,Customer 0100,Consumer,MW,web,1,P110,Professional Subscription,subscription,1,85.10,85.10,USD
O104239,2026-02-13T17:12:16,2026-02-13,C0100,Customer 0100,Consumer,MW,web,2,P200,Analytics Add-on,addon,1,37.85,37.85,USD
O104239,2026-02-13T17:12:16,2026-02-13,C0100,Customer 0100,Consumer,MW,web,3,P100,Starter Subscription,subscription,1,27.58,27.58,USD
O104240,2026-02-13T20:11:51,2026-02-13,C0043,Customer 0043,Mid-Market,MW,mobile,1,P200,Analytics Add-on,addon,1,39.25,39.25,USD
O104240,2026-02-13T20:11:51,2026-02-13,C0043,Customer 0043,Mid-Market,MW,mobile,2,P120,Enterprise Subscription,subscription,1,188.42,188.42,USD
O104241,2026-02-13T11:47:01,2026-02-13,C0222,Customer 0222,Consumer,NE,mobile,1,P300,Implementation Package,service,1,535.76,535.76,USD
O104241,2026-02-13T11:47:01,2026-02-13,C0222,Customer 0222,Consumer,NE,mobile,2,P120,Enterprise Subscription,subscription,1,187.85,187.85,USD
O104242,2026-02-13T16:18:18,2026-02-13,C0196,Customer 0196,SMB,SW,web,1,P310,Training Package,service,1,290.06,290.06,USD
O104242,2026-02-13T16:18:18,2026-02-13,C0196,Customer 0196,SMB,SW,web,2,P300,Implementation Package,service,1,501.33,501.33,USD
O104243,2026-02-13T16:55:53,2026-02-13,C0139,Customer 0139,Consumer,W,mobile,1,P310,Training Package,service,1,319.77,319.77,USD
O104244,2026-02-13T08:27:29,2026-02-13,C0215,Customer 0215,SMB,W,web,1,P120,Enterprise Subscription,subscription,1,207.85,207.85,USD
O104245,2026-02-13T09:10:01,2026-02-13,C0055,Customer 0055,Mid-Market,NE,web,1,P310,Training Package,service,1,300.39,300.39,USD
O104246,2026-02-13T14:57:10,2026-02-13,C0020,Customer 0020,SMB,MW,mobile,1,P310,Training Package,service,1,297.16,297.16,USD
O104246,2026-02-13T14:57:10,2026-02-13,C0020,Customer 0020,SMB,MW,mobile,2,P110,Professional Subscription,subscription,1,73.95,73.95,USD
O104247,2026-02-13T19:29:30,2026-02-13,C0025,Customer 0025,SMB,W,web,1,P120,Enterprise Subscription,subscription,1,205.91,205.91,USD
O104247,2026-02-13T19:29:30,2026-02-13,C0025,Customer 0025,SMB,W,web,2,P200,Analytics Add-on,addon,1,36.66,36.66,USD
O104248,2026-02-13T20:48:03,2026-02-13,C0035,Customer 0035,SMB,SE,partner,1,P100,Starter Subscription,subscription,1,28.82,28.82,USD
O104248,2026-02-13T20:48:03,2026-02-13,C0035,Customer 0035,SMB,SE,partner,2,P210,Automation Add-on,addon,1,61.88,61.88,USD
O104249,2026-02-13T19:17:40,2026-02-13,C0036,Customer 0036,Mid-Market,NE,web,1,P200,Analytics Add-on,addon,2,36.71,73.42,USD
O104250,2026-02-13T18:01:22,2026-02-13,C0130,Customer 0130,SMB,MW,web,1,P300,Implementation Package,service,1,513.52,513.52,USD
O104251,2026-02-13T18:20:38,2026-02-13,C0099,Customer 0099,Enterprise,MW,web,1,P110,Professional Subscription,subscription,1,82.65,82.65,USD
O104251,2026-02-13T18:20:38,2026-02-13,C0099,Customer 0099,Enterprise,MW,web,2,P300,Implementation Package,service,1,489.39,489.39,USD
O104251,2026-02-13T18:20:38,2026-02-13,C0099,Customer 0099,Enterprise,MW,web,3,P100,Starter Subscription,subscription,1,27.01,27.01,USD
O104252,2026-02-13T09:47:16,2026-02-13,C0235,Customer 0235,Consumer,W,web,1,P120,Enterprise Subscription,subscription,1,197.73,197.73,USD
O104253,2026-02-14T12:52:31,2026-02-14,C0021,Customer 0021,Mid-Market,SE,partner,1,P310,Training Package,service,1,319.11,319.11,USD
O104254,2026-02-14T12:48:32,2026-02-14,C0188,Customer 0188,Mid-Market,SW,mobile,1,P110,Professional Subscription,subscription,1,77.41,77.41,USD
O104255,2026-02-14T16:07:38,2026-02-14,C0193,Customer 0193,Consumer,SW,web,1,P300,Implementation Package,service,1,471.31,471.31,USD
O104256,2026-02-14T15:37:01,2026-02-14,C0153,Customer 0153,Consumer,W,web,1,P300,Implementation Package,service,1,462.47,462.47,USD
O104257,2026-02-14T16:11:42,2026-02-14,C0131,Customer 0131,Consumer,SE,mobile,1,P310,Training Package,service,1,300.23,300.23,USD
O104258,2026-02-14T19:12:52,2026-02-14,C0031,Customer 0031,Mid-Market,MW,partner,1,P210,Automation Add-on,addon,2,55.25,110.50,USD
O104259,2026-02-14T13:30:10,2026-02-14,C0010,Customer 0010,Consumer,MW,web,1,P210,Automation Add-on,addon,1,61.55,61.55,USD
O104259,2026-02-14T13:30:10,2026-02-14,C0010,Customer 0010,Consumer,MW,web,2,P120,Enterprise Subscription,subscription,1,204.03,204.03,USD
O104260,2026-02-14T11:29:18,2026-02-14,C0007,Customer 0007,Consumer,W,partner,1,P310,Training Package,service,1,278.00,278.00,USD
O104261,2026-02-14T11:23:53,2026-02-14,C0188,Customer 0188,Mid-Market,SW,mobile,1,P200,Analytics Add-on,addon,1,41.55,41.55,USD
O104261,2026-02-14T11:23:53,2026-02-14,C0188,Customer 0188,Mid-Market,SW,mobile,2,P210,Automation Add-on,addon,1,54.76,54.76,USD
O104262,2026-02-14T13:42:02,2026-02-14,C0195,Customer 0195,Consumer,SW,mobile,1,P210,Automation Add-on,addon,1,54.95,54.95,USD
O104263,2026-02-14T10:36:22,2026-02-14,C0064,Customer 0064,SMB,W,web,1,P300,Implementation Package,service,1,512.34,512.34,USD
O104263,2026-02-14T10:36:22,2026-02-14,C0064,Customer 0064,SMB,W,web,2,P200,Analytics Add-on,addon,1,41.67,41.67,USD
O104264,2026-02-14T14:40:53,2026-02-14,C0039,Customer 0039,Mid-Market,SW,mobile,1,P110,Professional Subscription,subscription,1,77.43,77.43,USD
O104265,2026-02-14T18:22:42,2026-02-14,C0069,Customer 0069,Consumer,SE,web,1,P310,Training Package,service,1,315.32,315.32,USD
O104265,2026-02-14T18:22:42,2026-02-14,C0069,Customer 0069,Consumer,SE,web,2,P300,Implementation Package,service,1,518.53,518.53,USD
O104266,2026-02-14T11:19:51,2026-02-14,C0090,Customer 0090,Consumer,NE,mobile,1,P100,Starter Subscription,subscription,1,29.38,29.38,USD
O104267,2026-02-14T12:09:18,2026-02-14,C0021,Customer 0021,Mid-Market,SE,web,1,P200,Analytics Add-on,addon,1,41.34,41.34,USD
O104267,2026-02-14T12:09:18,2026-02-14,C0021,Customer 0021,Mid-Market,SE,web,2,P310,Training Package,service,1,276.12,276.12,USD
O104267,2026-02-14T12:09:18,2026-02-14,C0021,Customer 0021,Mid-Market,SE,web,3,P100,Starter Subscription,subscription,1,27.87,27.87,USD
O104268,2026-02-14T15:17:59,2026-02-14,C0229,Customer 0229,SMB,SE,mobile,1,P120,Enterprise Subscription,subscription,1,201.17,201.17,USD
O104269,2026-02-14T11:19:10,2026-02-14,C0205,Customer 0205,Consumer,SW,web,1,P310,Training Package,service,1,312.26,312.26,USD
O104270,2026-02-14T18:46:11,2026-02-14,C0019,Customer 0019,Consumer,NE,web,1,P100,Starter Subscription,subscription,1,31.31,31.31,USD
O104271,2026-02-14T10:41:28,2026-02-14,C0029,Customer 0029,Consumer,MW,web,1,P210,Automation Add-on,addon,1,59.12,59.12,USD
O104271,2026-02-14T10:41:28,2026-02-14,C0029,Customer 0029,Consumer,MW,web,2,P200,Analytics Add-on,addon,1,39.67,39.67,USD
O104272,2026-02-14T12:34:07,2026-02-14,C0150,Customer 0150,Mid-Market,NE,web,1,P210,Automation Add-on,addon,1,62.29,62.29,USD
O104273,2026-02-14T16:51:05,2026-02-14,C0193,Customer 0193,Consumer,SW,web,1,P100,Starter Subscription,subscription,1,26.89,26.89,USD
O104274,2026-02-14T14:09:36,2026-02-14,C0205,Customer 0205,Consumer,SW,web,1,P300,Implementation Package,service,1,498.53,498.53,USD
O104274,2026-02-14T14:09:36,2026-02-14,C0205,Customer 0205,Consumer,SW,web,2,P310,Training Package,service,1,316.98,316.98,USD
O104274,2026-02-14T14:09:36,2026-02-14,C0205,Customer 0205,Consumer,SW,web,3,P210,Automation Add-on,addon,2,63.12,126.24,USD
O104275,2026-02-14T09:47:30,2026-02-14,C0223,Customer 0223,Consumer,MW,web,1,P210,Automation Add-on,addon,1,55.96,55.96,USD
O104275,2026-02-14T09:47:30,2026-02-14,C0223,Customer 0223,Consumer,MW,web,2,P300,Implementation Package,service,1,513.50,513.50,USD
O104276,2026-02-14T15:18:45,2026-02-14,C0123,Customer 0123,Consumer,W,web,1,P310,Training Package,service,1,320.26,320.26,USD
O104277,2026-02-14T09:33:25,2026-02-14,C0237,Customer 0237,Mid-Market,MW,web,1,P120,Enterprise Subscription,subscription,1,189.47,189.47,USD
O104278,2026-02-14T18:05:14,2026-02-14,C0206,Customer 0206,Consumer,SW,web,1,P300,Implementation Package,service,1,507.99,507.99,USD
O104279,2026-02-14T14:30:37,2026-02-14,C0130,Customer 0130,SMB,MW,web,1,P200,Analytics Add-on,addon,1,39.43,39.43,USD
O104279,2026-02-14T14:30:37,2026-02-14,C0130,Customer 0130,SMB,MW,web,2,P110,Professional Subscription,subscription,1,83.47,83.47,USD
O104280,2026-02-14T16:01:20,2026-02-14,C0139,Customer 0139,Consumer,W,web,1,P210,Automation Add-on,addon,2,63.71,127.42,USD
O104281,2026-02-14T14:41:36,2026-02-14,C0102,Customer 0102,Consumer,SW,mobile,1,P100,Starter Subscription,subscription,1,30.07,30.07,USD
O104281,2026-02-14T14:41:36,2026-02-14,C0102,Customer 0102,Consumer,SW,mobile,2,P200,Analytics Add-on,addon,1,36.80,36.80,USD
O104282,2026-02-14T08:14:44,2026-02-14,C0157,Customer 0157,Consumer,MW,partner,1,P100,Starter Subscription,subscription,1,29.08,29.08,USD
O104283,2026-02-14T19:37:52,2026-02-14,C0145,Customer 0145,Mid-Market,W,web,1,P120,Enterprise Subscription,subscription,1,201.01,201.01,USD
O104284,2026-02-14T16:30:52,2026-02-14,C0209,Customer 0209,SMB,NE,web,1,P100,Starter Subscription,subscription,1,28.64,28.64,USD
O104284,2026-02-14T16:30:52,2026-02-14,C0209,Customer 0209,SMB,NE,web,2,P310,Training Package,service,1,290.57,290.57,USD
O104285,2026-02-14T12:24:18,2026-02-14,C0225,Customer 0225,Enterprise,MW,mobile,1,P310,Training Package,service,1,304.87,304.87,USD
O104286,2026-02-14T15:34:56,2026-02-14,C0081,Customer 0081,SMB,W,mobile,1,P120,Enterprise Subscription,subscription,1,183.30,183.30,USD
O104287,2026-02-15T18:58:23,2026-02-15,C0090,Customer 0090,Consumer,NE,web,1,P300,Implementation Package,service,1,515.78,515.78,USD
O104288,2026-02-15T19:19:57,2026-02-15,C0149,Customer 0149,Mid-Market,MW,web,1,P100,Starter Subscription,subscription,1,27.61,27.61,USD
O104288,2026-02-15T19:19:57,2026-02-15,C0149,Customer 0149,Mid-Market,MW,web,2,P110,Professional Subscription,subscription,1,83.45,83.45,USD
O104289,2026-02-15T18:16:59,2026-02-15,C0014,Customer 0014,Consumer,SW,web,1,P110,Professional Subscription,subscription,1,77.26,77.26,USD
O104290,2026-02-15T10:55:00,2026-02-15,C0121,Customer 0121,SMB,NE,mobile,1,P300,Implementation Package,service,1,518.14,518.14,USD
O104291,2026-02-15T09:36:07,2026-02-15,C0177,Customer 0177,Consumer,W,web,1,P210,Automation Add-on,addon,2,56.57,113.14,USD
O104291,2026-02-15T09:36:07,2026-02-15,C0177,Customer 0177,Consumer,W,web,2,P200,Analytics Add-on,addon,1,38.60,38.60,USD
O104292,2026-02-15T12:28:29,2026-02-15,C0232,Customer 0232,Mid-Market,W,partner,1,P110,Professional Subscription,subscription,1,78.80,78.80,USD
O104293,2026-02-15T09:48:40,2026-02-15,C0196,Customer 0196,SMB,SW,web,1,P110,Professional Subscription,subscription,1,83.26,83.26,USD
O104294,2026-02-15T10:01:34,2026-02-15,C0005,Customer 0005,SMB,SE,mobile,1,P310,Training Package,service,1,280.53,280.53,USD
O104295,2026-02-15T11:45:15,2026-02-15,C0186,Customer 0186,Mid-Market,SE,partner,1,P200,Analytics Add-on,addon,2,38.15,76.30,USD
O104296,2026-02-15T15:31:32,2026-02-15,C0226,Customer 0226,Consumer,SW,web,1,P200,Analytics Add-on,addon,2,39.73,79.46,USD
O104296,2026-02-15T15:31:32,2026-02-15,C0226,Customer 0226,Consumer,SW,web,2,P120,Enterprise Subscription,subscription,1,207.34,207.34,USD
O104297,2026-02-15T14:13:36,2026-02-15,C0130,Customer 0130,SMB,MW,web,1,P120,Enterprise Subscription,subscription,1,200.29,200.29,USD
O104298,2026-02-15T16:32:00,2026-02-15,C0237,Customer 0237,Mid-Market,MW,mobile,1,P300,Implementation Package,service,1,512.99,512.99,USD
O104299,2026-02-15T19:00:15,2026-02-15,C0186,Customer 0186,Mid-Market,SE,web,1,P100,Starter Subscription,subscription,1,27.10,27.10,USD
O104300,2026-02-15T08:18:32,2026-02-15,C0230,Customer 0230,Enterprise,MW,mobile,1,P120,Enterprise Subscription,subscription,1,202.03,202.03,USD
O104300,2026-02-15T08:18:32,2026-02-15,C0230,Customer 0230,Enterprise,MW,mobile,2,P200,Analytics Add-on,addon,1,40.75,40.75,USD
O104301,2026-02-15T17:45:43,2026-02-15,C0103,Customer 0103,Consumer,NE,web,1,P200,Analytics Add-on,addon,1,36.26,36.26,USD
O104301,2026-02-15T17:45:43,2026-02-15,C0103,Customer 0103,Consumer,NE,web,2,P310,Training Package,service,1,304.59,304.59,USD
O104302,2026-02-15T16:40:18,2026-02-15,C0097,Customer 0097,Enterprise,NE,web,1,P300,Implementation Package,service,1,486.06,486.06,USD
O104302,2026-02-15T16:40:18,2026-02-15,C0097,Customer 0097,Enterprise,NE,web,2,P210,Automation Add-on,addon,1,58.50,58.50,USD
O104303,2026-02-15T09:42:51,2026-02-15,C0104,Customer 0104,Mid-Market,W,mobile,1,P210,Automation Add-on,addon,2,55.52,111.04,USD
O104304,2026-02-15T09:01:43,2026-02-15,C0167,Customer 0167,Consumer,NE,mobile,1,P210,Automation Add-on,addon,1,62.43,62.43,USD
O104305,2026-02-15T11:19:29,2026-02-15,C0157,Customer 0157,Consumer,MW,web,1,P100,Starter Subscription,subscription,1,31.28,31.28,USD
O104306,2026-02-15T13:00:46,2026-02-15,C0139,Customer 0139,Consumer,W,mobile,1,P200,Analytics Add-on,addon,1,36.92,36.92,USD
O104306,2026-02-15T13:00:46,2026-02-15,C0139,Customer 0139,Consumer,W,mobile,2,P100,Starter Subscription,subscription,1,30.97,30.97,USD
O104307,2026-02-15T13:57:54,2026-02-15,C0148,Customer 0148,Consumer,SE,partner,1,P200,Analytics Add-on,addon,2,36.82,73.64,USD
O104307,2026-02-15T13:57:54,2026-02-15,C0148,Customer 0148,Consumer,SE,partner,2,P210,Automation Add-on,addon,1,59.26,59.26,USD
O104308,2026-02-15T20:59:57,2026-02-15,C0153,Customer 0153,Consumer,W,web,1,P100,Starter Subscription,subscription,1,28.32,28.32,USD
O104308,2026-02-15T20:59:57,2026-02-15,C0153,Customer 0153,Consumer,W,web,2,P310,Training Package,service,1,302.77,302.77,USD
O104308,2026-02-15T20:59:57,2026-02-15,C0153,Customer 0153,Consumer,W,web,3,P210,Automation Add-on,addon,2,57.05,114.10,USD
O104309,2026-02-15T14:50:35,2026-02-15,C0009,Customer 0009,Consumer,NE,web,1,P200,Analytics Add-on,addon,1,36.86,36.86,USD
O104309,2026-02-15T14:50:35,2026-02-15,C0009,Customer 0009,Consumer,NE,web,2,P110,Professional Subscription,subscription,1,80.85,80.85,USD
O104309,2026-02-15T14:50:35,2026-02-15,C0009,Customer 0009,Consumer,NE,web,3,P310,Training Package,service,1,286.12,286.12,USD
O104310,2026-02-15T16:30:14,2026-02-15,C0149,Customer 0149,Mid-Market,MW,web,1,P210,Automation Add-on,addon,1,59.62,59.62,USD
O104311,2026-02-15T11:45:55,2026-02-15,C0231,Customer 0231,Consumer,W,web,1,P200,Analytics Add-on,addon,1,37.02,37.02,USD
O104311,2026-02-15T11:45:55,2026-02-15,C0231,Customer 0231,Consumer,W,web,2,P210,Automation Add-on,addon,1,58.11,58.11,USD
O104311,2026-02-15T11:45:55,2026-02-15,C0231,Customer 0231,Consumer,W,web,3,P110,Professional Subscription,subscription,1,80.03,80.03,USD
O104312,2026-02-15T09:08:08,2026-02-15,C0194,Customer 0194,Consumer,W,web,1,P210,Automation Add-on,addon,1,56.22,56.22,USD
O104313,2026-02-15T08:59:55,2026-02-15,C0210,Customer 0210,SMB,NE,web,1,P200,Analytics Add-on,addon,2,41.10,82.20,USD
O104314,2026-02-15T17:50:04,2026-02-15,C0151,Customer 0151,Consumer,W,web,1,P200,Analytics Add-on,addon,2,42.04,84.08,USD
O104315,2026-02-16T09:55:32,2026-02-16,C0039,Customer 0039,Mid-Market,SW,web,1,P310,Training Package,service,1,310.48,310.48,USD
O104315,2026-02-16T09:55:32,2026-02-16,C0039,Customer 0039,Mid-Market,SW,web,2,P110,Professional Subscription,subscription,1,79.99,79.99,USD
O104316,2026-02-16T10:38:11,2026-02-16,C0162,Customer 0162,SMB,W,web,1,P200,Analytics Add-on,addon,2,38.17,76.34,USD
O104316,2026-02-16T10:38:11,2026-02-16,C0162,Customer 0162,SMB,W,web,2,P210,Automation Add-on,addon,1,57.68,57.68,USD
O104316,2026-02-16T10:38:11,2026-02-16,C0162,Customer 0162,SMB,W,web,3,P110,Professional Subscription,subscription,1,80.29,80.29,USD
O104317,2026-02-16T11:41:00,2026-02-16,C0030,Customer 0030,Consumer,SW,partner,1,P210,Automation Add-on,addon,1,58.64,58.64,USD
O104318,2026-02-16T18:54:26,2026-02-16,C0182,Customer 0182,Consumer,MW,mobile,1,P100,Starter Subscription,subscription,1,30.86,30.86,USD
O104319,2026-02-16T16:19:25,2026-02-16,C0077,Customer 0077,SMB,SE,web,1,P120,Enterprise Subscription,subscription,1,199.03,199.03,USD
O104320,2026-02-16T15:50:23,2026-02-16,C0179,Customer 0179,Consumer,SW,web,1,P100,Starter Subscription,subscription,1,26.68,26.68,USD
O104320,2026-02-16T15:50:23,2026-02-16,C0179,Customer 0179,Consumer,SW,web,2,P210,Automation Add-on,addon,1,56.78,56.78,USD
O104321,2026-02-16T16:34:22,2026-02-16,C0150,Customer 0150,Mid-Market,NE,partner,1,P120,Enterprise Subscription,subscription,1,201.33,201.33,USD
O104321,2026-02-16T16:34:22,2026-02-16,C0150,Customer 0150,Mid-Market,NE,partner,2,P300,Implementation Package,service,1,490.86,490.86,USD
O104322,2026-02-16T14:32:19,2026-02-16,C0177,Customer 0177,Consumer,W,partner,1,P200,Analytics Add-on,addon,1,38.64,38.64,USD
O104323,2026-02-16T13:16:14,2026-02-16,C0035,Customer 0035,SMB,SE,web,1,P310,Training Package,service,1,316.48,316.48,USD
O104324,2026-02-16T19:00:43,2026-02-16,C0089,Customer 0089,SMB,NE,web,1,P310,Training Package,service,1,294.79,294.79,USD
O104325,2026-02-16T13:20:54,2026-02-16,C0025,Customer 0025,SMB,W,mobile,1,P110,Professional Subscription,subscription,1,76.47,76.47,USD
O104325,2026-02-16T13:20:54,2026-02-16,C0025,Customer 0025,SMB,W,mobile,2,P100,Starter Subscription,subscription,1,30.30,30.30,USD
O104326,2026-02-16T11:28:04,2026-02-16,C0194,Customer 0194,Consumer,W,web,1,P100,Starter Subscription,subscription,1,29.96,29.96,USD
O104327,2026-02-16T20:18:18,2026-02-16,C0221,Customer 0221,Consumer,MW,web,1,P110,Professional Subscription,subscription,1,75.85,75.85,USD
O104328,2026-02-16T10:53:01,2026-02-16,C0013,Customer 0013,Consumer,W,web,1,P210,Automation Add-on,addon,1,57.22,57.22,USD
O104328,2026-02-16T10:53:01,2026-02-16,C0013,Customer 0013,Consumer,W,web,2,P120,Enterprise Subscription,subscription,1,183.42,183.42,USD
O104328,2026-02-16T10:53:01,2026-02-16,C0013,Customer 0013,Consumer,W,web,3,P110,Professional Subscription,subscription,1,78.63,78.63,USD
O104329,2026-02-16T09:28:07,2026-02-16,C0147,Customer 0147,Enterprise,W,web,1,P110,Professional Subscription,subscription,1,75.72,75.72,USD
O104330,2026-02-16T18:53:04,2026-02-16,C0188,Customer 0188,Mid-Market,SW,mobile,1,P310,Training Package,service,1,294.40,294.40,USD
O104330,2026-02-16T18:53:04,2026-02-16,C0188,Customer 0188,Mid-Market,SW,mobile,2,P110,Professional Subscription,subscription,1,82.97,82.97,USD
O104331,2026-02-16T18:20:07,2026-02-16,C0105,Customer 0105,SMB,SE,web,1,P120,Enterprise Subscription,subscription,1,183.95,183.95,USD
O104332,2026-02-16T12:05:29,2026-02-16,C0073,Customer 0073,Mid-Market,SW,partner,1,P300,Implementation Package,service,1,527.43,527.43,USD
O104333,2026-02-16T16:26:42,2026-02-16,C0236,Customer 0236,Consumer,MW,web,1,P120,Enterprise Subscription,subscription,1,204.76,204.76,USD
O104333,2026-02-16T16:26:42,2026-02-16,C0236,Customer 0236,Consumer,MW,web,2,P110,Professional Subscription,subscription,1,83.98,83.98,USD
O104334,2026-02-16T18:10:12,2026-02-16,C0170,Customer 0170,Mid-Market,SE,mobile,1,P310,Training Package,service,1,283.50,283.50,USD
O104334,2026-02-16T18:10:12,2026-02-16,C0170,Customer 0170,Mid-Market,SE,mobile,2,P100,Starter Subscription,subscription,1,27.00,27.00,USD
O104334,2026-02-16T18:10:12,2026-02-16,C0170,Customer 0170,Mid-Market,SE,mobile,3,P110,Professional Subscription,subscription,1,83.53,83.53,USD
O104335,2026-02-16T12:30:59,2026-02-16,C0225,Customer 0225,Enterprise,MW,web,1,P300,Implementation Package,service,1,526.45,526.45,USD
O104336,2026-02-16T08:06:57,2026-02-16,C0182,Customer 0182,Consumer,MW,partner,1,P100,Starter Subscription,subscription,1,27.09,27.09,USD
O104337,2026-02-16T10:06:38,2026-02-16,C0114,Customer 0114,Consumer,MW,web,1,P200,Analytics Add-on,addon,2,37.01,74.02,USD
O104337,2026-02-16T10:06:38,2026-02-16,C0114,Customer 0114,Consumer,MW,web,2,P300,Implementation Package,service,1,535.22,535.22,USD
O104338,2026-02-16T12:13:27,2026-02-16,C0182,Customer 0182,Consumer,MW,mobile,1,P310,Training Package,service,1,278.50,278.50,USD
O104338,2026-02-16T12:13:27,2026-02-16,C0182,Customer 0182,Consumer,MW,mobile,2,P100,Starter Subscription,subscription,1,30.99,30.99,USD
O104338,2026-02-16T12:13:27,2026-02-16,C0182,Customer 0182,Consumer,MW,mobile,3,P110,Professional Subscription,subscription,1,73.97,73.97,USD
O104339,2026-02-16T20:06:02,2026-02-16,C0231,Customer 0231,Consumer,W,mobile,1,P300,Implementation Package,service,1,465.73,465.73,USD
O104340,2026-02-16T15:40:19,2026-02-16,C0087,Customer 0087,Mid-Market,W,mobile,1,P200,Analytics Add-on,addon,2,36.58,73.16,USD
O104340,2026-02-16T15:40:19,2026-02-16,C0087,Customer 0087,Mid-Market,W,mobile,2,P300,Implementation Package,service,1,469.92,469.92,USD
O104341,2026-02-16T17:02:38,2026-02-16,C0018,Customer 0018,Consumer,MW,mobile,1,P210,Automation Add-on,addon,1,58.90,58.90,USD
O104342,2026-02-16T10:44:22,2026-02-16,C0032,Customer 0032,SMB,W,web,1,P100,Starter Subscription,subscription,1,30.75,30.75,USD
O104343,2026-02-16T20:58:59,2026-02-16,C0154,Customer 0154,SMB,SW,web,1,P110,Professional Subscription,subscription,1,77.21,77.21,USD
O104343,2026-02-16T20:58:59,2026-02-16,C0154,Customer 0154,SMB,SW,web,2,P300,Implementation Package,service,1,487.28,487.28,USD
O104344,2026-02-17T08:57:13,2026-02-17,C0006,Customer 0006,Consumer,W,web,1,P200,Analytics Add-on,addon,1,37.56,37.56,USD
O104344,2026-02-17T08:57:13,2026-02-17,C0006,Customer 0006,Consumer,W,web,2,P120,Enterprise Subscription,subscription,1,199.26,199.26,USD
O104345,2026-02-17T12:23:46,2026-02-17,C0060,Customer 0060,Consumer,MW,web,1,P200,Analytics Add-on,addon,2,37.39,74.78,USD
O104345,2026-02-17T12:23:46,2026-02-17,C0060,Customer 0060,Consumer,MW,web,2,P120,Enterprise Subscription,subscription,1,212.91,212.91,USD
O104345,2026-02-17T12:23:46,2026-02-17,C0060,Customer 0060,Consumer,MW,web,3,P110,Professional Subscription,subscription,1,73.12,73.12,USD
O104346,2026-02-17T18:47:21,2026-02-17,C0235,Customer 0235,Consumer,W,web,1,P120,Enterprise Subscription,subscription,1,203.97,203.97,USD
O104347,2026-02-17T09:27:49,2026-02-17,C0075,Customer 0075,Consumer,NE,mobile,1,P310,Training Package,service,1,296.07,296.07,USD
O104348,2026-02-17T19:29:05,2026-02-17,C0203,Customer 0203,SMB,SW,mobile,1,P200,Analytics Add-on,addon,2,39.61,79.22,USD
O104349,2026-02-17T10:09:54,2026-02-17,C0174,Customer 0174,Mid-Market,SW,web,1,P200,Analytics Add-on,addon,2,39.23,78.46,USD
O104349,2026-02-17T10:09:54,2026-02-17,C0174,Customer 0174,Mid-Market,SW,web,2,P210,Automation Add-on,addon,1,56.73,56.73,USD
O104350,2026-02-17T17:10:41,2026-02-17,C0188,Customer 0188,Mid-Market,SW,mobile,1,P310,Training Package,service,1,300.14,300.14,USD
O104350,2026-02-17T17:10:41,2026-02-17,C0188,Customer 0188,Mid-Market,SW,mobile,2,P110,Professional Subscription,subscription,1,79.42,79.42,USD
O104351,2026-02-17T17:53:20,2026-02-17,C0190,Customer 0190,Consumer,W,web,1,P200,Analytics Add-on,addon,2,39.40,78.80,USD
O104352,2026-02-17T11:05:29,2026-02-17,C0059,Customer 0059,Consumer,W,partner,1,P300,Implementation Package,service,1,465.55,465.55,USD
O104352,2026-02-17T11:05:29,2026-02-17,C0059,Customer 0059,Consumer,W,partner,2,P310,Training Package,service,1,316.41,316.41,USD
O104353,2026-02-17T10:51:01,2026-02-17,C0235,Customer 0235,Consumer,W,web,1,P200,Analytics Add-on,addon,1,36.11,36.11,USD
O104354,2026-02-17T17:02:27,2026-02-17,C0114,Customer 0114,Consumer,MW,mobile,1,P300,Implementation Package,service,1,488.62,488.62,USD
O104355,2026-02-17T11:34:37,2026-02-17,C0165,Customer 0165,Mid-Market,SE,web,1,P100,Starter Subscription,subscription,1,29.90,29.90,USD
O104355,2026-02-17T11:34:37,2026-02-17,C0165,Customer 0165,Mid-Market,SE,web,2,P300,Implementation Package,service,1,484.72,484.72,USD
O104356,2026-02-17T12:34:14,2026-02-17,C0112,Customer 0112,SMB,NE,partner,1,P100,Starter Subscription,subscription,1,30.16,30.16,USD
O104356,2026-02-17T12:34:14,2026-02-17,C0112,Customer 0112,SMB,NE,partner,2,P310,Training Package,service,1,317.36,317.36,USD
O104357,2026-02-17T16:15:58,2026-02-17,C0122,Customer 0122,Consumer,W,web,1,P310,Training Package,service,1,290.52,290.52,USD
O104357,2026-02-17T16:15:58,2026-02-17,C0122,Customer 0122,Consumer,W,web,2,P100,Starter Subscription,subscription,1,26.76,26.76,USD
O104358,2026-02-17T09:54:07,2026-02-17,C0201,Customer 0201,Consumer,NE,web,1,P100,Starter Subscription,subscription,1,28.95,28.95,USD
O104359,2026-02-17T11:45:23,2026-02-17,C0067,Customer 0067,SMB,NE,web,1,P300,Implementation Package,service,1,485.64,485.64,USD
O104360,2026-02-17T17:13:58,2026-02-17,C0197,Customer 0197,Mid-Market,SW,partner,1,P200,Analytics Add-on,addon,1,37.51,37.51,USD
O104361,2026-02-17T09:59:45,2026-02-17,C0009,Customer 0009,Consumer,NE,mobile,1,P100,Starter Subscription,subscription,1,27.66,27.66,USD
O104361,2026-02-17T09:59:45,2026-02-17,C0009,Customer 0009,Consumer,NE,mobile,2,P120,Enterprise Subscription,subscription,1,194.67,194.67,USD
O104362,2026-02-17T13:39:16,2026-02-17,C0098,Customer 0098,SMB,W,web,1,P210,Automation Add-on,addon,1,62.87,62.87,USD
O104363,2026-02-17T14:41:53,2026-02-17,C0201,Customer 0201,Consumer,NE,web,1,P200,Analytics Add-on,addon,1,37.43,37.43,USD
O104364,2026-02-17T20:23:21,2026-02-17,C0084,Customer 0084,Consumer,NE,web,1,P110,Professional Subscription,subscription,1,81.88,81.88,USD
O104365,2026-02-17T18:28:16,2026-02-17,C0233,Customer 0233,Mid-Market,SE,web,1,P120,Enterprise Subscription,subscription,1,202.67,202.67,USD
O104365,2026-02-17T18:28:16,2026-02-17,C0233,Customer 0233,Mid-Market,SE,web,2,P310,Training Package,service,1,302.86,302.86,USD
O104365,2026-02-17T18:28:16,2026-02-17,C0233,Customer 0233,Mid-Market,SE,web,3,P210,Automation Add-on,addon,1,62.21,62.21,USD
O104366,2026-02-17T08:44:16,2026-02-17,C0041,Customer 0041,Consumer,NE,web,1,P120,Enterprise Subscription,subscription,1,190.63,190.63,USD
O104366,2026-02-17T08:44:16,2026-02-17,C0041,Customer 0041,Consumer,NE,web,2,P100,Starter Subscription,subscription,1,31.17,31.17,USD
O104367,2026-02-17T20:51:57,2026-02-17,C0103,Customer 0103,Consumer,NE,mobile,1,P100,Starter Subscription,subscription,1,28.99,28.99,USD
O104368,2026-02-17T13:33:23,2026-02-17,C0062,Customer 0062,Consumer,SW,web,1,P310,Training Package,service,1,315.86,315.86,USD
O104369,2026-02-17T17:54:41,2026-02-17,C0167,Customer 0167,Consumer,NE,mobile,1,P110,Professional Subscription,subscription,1,84.20,84.20,USD
O104370,2026-02-17T15:39:04,2026-02-17,C0174,Customer 0174,Mid-Market,SW,web,1,P120,Enterprise Subscription,subscription,1,213.12,213.12,USD
O104370,2026-02-17T15:39:04,2026-02-17,C0174,Customer 0174,Mid-Market,SW,web,2,P200,Analytics Add-on,addon,2,39.66,79.32,USD
O104371,2026-02-17T19:47:52,2026-02-17,C0129,Customer 0129,Consumer,SE,mobile,1,P110,Professional Subscription,subscription,1,85.25,85.25,USD
O104371,2026-02-17T19:47:52,2026-02-17,C0129,Customer 0129,Consumer,SE,mobile,2,P200,Analytics Add-on,addon,1,39.90,39.90,USD
O104372,2026-02-17T16:50:10,2026-02-17,C0174,Customer 0174,Mid-Market,SW,web,1,P110,Professional Subscription,subscription,1,72.89,72.89,USD
O104372,2026-02-17T16:50:10,2026-02-17,C0174,Customer 0174,Mid-Market,SW,web,2,P100,Starter Subscription,subscription,1,29.86,29.86,USD
O104373,2026-02-17T12:11:50,2026-02-17,C0181,Customer 0181,SMB,W,mobile,1,P210,Automation Add-on,addon,2,59.42,118.84,USD
O104374,2026-02-17T16:06:10,2026-02-17,C0111,Customer 0111,Consumer,NE,mobile,1,P300,Implementation Package,service,1,480.12,480.12,USD
O104375,2026-02-17T18:31:50,2026-02-17,C0117,Customer 0117,Consumer,MW,web,1,P100,Starter Subscription,subscription,1,31.30,31.30,USD
O104375,2026-02-17T18:31:50,2026-02-17,C0117,Customer 0117,Consumer,MW,web,2,P110,Professional Subscription,subscription,1,76.41,76.41,USD
O104376,2026-02-18T17:10:52,2026-02-18,C0029,Customer 0029,Consumer,MW,mobile,1,P120,Enterprise Subscription,subscription,1,183.47,183.47,USD
O104377,2026-02-18T19:39:11,2026-02-18,C0178,Customer 0178,Consumer,W,web,1,P200,Analytics Add-on,addon,1,37.01,37.01,USD
O104378,2026-02-18T10:02:57,2026-02-18,C0144,Customer 0144,Consumer,W,partner,1,P120,Enterprise Subscription,subscription,1,186.34,186.34,USD
O104378,2026-02-18T10:02:57,2026-02-18,C0144,Customer 0144,Consumer,W,partner,2,P210,Automation Add-on,addon,2,63.65,127.30,USD
O104379,2026-02-18T19:30:44,2026-02-18,C0181,Customer 0181,SMB,W,web,1,P300,Implementation Package,service,1,521.67,521.67,USD
O104379,2026-02-18T19:30:44,2026-02-18,C0181,Customer 0181,SMB,W,web,2,P100,Starter Subscription,subscription,1,31.32,31.32,USD
O104379,2026-02-18T19:30:44,2026-02-18,C0181,Customer 0181,SMB,W,web,3,P210,Automation Add-on,addon,2,60.82,121.64,USD
O104380,2026-02-18T13:52:24,2026-02-18,C0084,Customer 0084,Consumer,NE,web,1,P100,Starter Subscription,subscription,1,27.60,27.60,USD
O104380,2026-02-18T13:52:24,2026-02-18,C0084,Customer 0084,Consumer,NE,web,2,P310,Training Package,service,1,275.84,275.84,USD
O104381,2026-02-18T20:45:30,2026-02-18,C0171,Customer 0171,Consumer,NE,web,1,P200,Analytics Add-on,addon,2,39.56,79.12,USD
O104381,2026-02-18T20:45:30,2026-02-18,C0171,Customer 0171,Consumer,NE,web,2,P310,Training Package,service,1,285.16,285.16,USD
O104381,2026-02-18T20:45:30,2026-02-18,C0171,Customer 0171,Consumer,NE,web,3,P110,Professional Subscription,subscription,1,74.59,74.59,USD
O104382,2026-02-18T17:43:20,2026-02-18,C0084,Customer 0084,Consumer,NE,web,1,P120,Enterprise Subscription,subscription,1,185.12,185.12,USD
O104383,2026-02-18T11:20:21,2026-02-18,C0157,Customer 0157,Consumer,MW,web,1,P200,Analytics Add-on,addon,2,35.97,71.94,USD
O104384,2026-02-18T15:58:46,2026-02-18,C0074,Customer 0074,Mid-Market,NE,mobile,1,P110,Professional Subscription,subscription,1,78.03,78.03,USD
O104384,2026-02-18T15:58:46,2026-02-18,C0074,Customer 0074,Mid-Market,NE,mobile,2,P100,Starter Subscription,subscription,1,31.12,31.12,USD
O104385,2026-02-18T14:08:15,2026-02-18,C0153,Customer 0153,Consumer,W,web,1,P120,Enterprise Subscription,subscription,1,199.93,199.93,USD
O104386,2026-02-18T18:13:01,2026-02-18,C0148,Customer 0148,Consumer,SE,web,1,P110,Professional Subscription,subscription,1,78.25,78.25,USD
O104386,2026-02-18T18:13:01,2026-02-18,C0148,Customer 0148,Consumer,SE,web,2,P300,Implementation Package,service,1,476.57,476.57,USD
O104387,2026-02-18T12:17:02,2026-02-18,C0070,Customer 0070,SMB,W,mobile,1,P100,Starter Subscription,subscription,1,30.25,30.25,USD
O104387,2026-02-18T12:17:02,2026-02-18,C0070,Customer 0070,SMB,W,mobile,2,P310,Training Package,service,1,302.34,302.34,USD
O104387,2026-02-18T12:17:02,2026-02-18,C0070,Customer 0070,SMB,W,mobile,3,P110,Professional Subscription,subscription,1,80.92,80.92,USD
O104388,2026-02-18T09:01:24,2026-02-18,C0137,Customer 0137,Mid-Market,NE,web,1,P120,Enterprise Subscription,subscription,1,202.63,202.63,USD
O104389,2026-02-18T18:29:49,2026-02-18,C0137,Customer 0137,Mid-Market,NE,web,1,P310,Training Package,service,1,307.90,307.90,USD
O104389,2026-02-18T18:29:49,2026-02-18,C0137,Customer 0137,Mid-Market,NE,web,2,P300,Implementation Package,service,1,525.31,525.31,USD
O104390,2026-02-18T15:28:23,2026-02-18,C0088,Customer 0088,Consumer,SE,web,1,P120,Enterprise Subscription,subscription,1,197.29,197.29,USD
O104390,2026-02-18T15:28:23,2026-02-18,C0088,Customer 0088,Consumer,SE,web,2,P310,Training Package,service,1,299.17,299.17,USD
O104391,2026-02-18T11:43:52,2026-02-18,C0237,Customer 0237,Mid-Market,MW,partner,1,P110,Professional Subscription,subscription,1,82.51,82.51,USD
O104392,2026-02-18T15:57:02,2026-02-18,C0082,Customer 0082,Consumer,SE,web,1,P100,Starter Subscription,subscription,1,28.18,28.18,USD
O104393,2026-02-18T11:03:16,2026-02-18,C0077,Customer 0077,SMB,SE,web,1,P200,Analytics Add-on,addon,2,41.49,82.98,USD
O104393,2026-02-18T11:03:16,2026-02-18,C0077,Customer 0077,SMB,SE,web,2,P310,Training Package,service,1,281.52,281.52,USD
O104394,2026-02-18T18:51:30,2026-02-18,C0220,Customer 0220,Enterprise,SE,mobile,1,P100,Starter Subscription,subscription,1,28.42,28.42,USD
O104395,2026-02-18T18:00:14,2026-02-18,C0169,Customer 0169,Consumer,SW,web,1,P210,Automation Add-on,addon,2,58.28,116.56,USD
O104396,2026-02-18T12:18:21,2026-02-18,C0136,Customer 0136,SMB,SE,web,1,P110,Professional Subscription,subscription,1,79.53,79.53,USD
O104396,2026-02-18T12:18:21,2026-02-18,C0136,Customer 0136,SMB,SE,web,2,P100,Starter Subscription,subscription,1,31.07,31.07,USD
O104397,2026-02-18T14:11:29,2026-02-18,C0169,Customer 0169,Consumer,SW,web,1,P110,Professional Subscription,subscription,1,82.76,82.76,USD
O104398,2026-02-18T13:35:06,2026-02-18,C0036,Customer 0036,Mid-Market,NE,mobile,1,P120,Enterprise Subscription,subscription,1,187.77,187.77,USD
O104399,2026-02-18T19:24:35,2026-02-18,C0222,Customer 0222,Consumer,NE,mobile,1,P310,Training Package,service,1,322.41,322.41,USD
O104400,2026-02-18T17:08:32,2026-02-18,C0221,Customer 0221,Consumer,MW,web,1,P110,Professional Subscription,subscription,1,78.67,78.67,USD
O104400,2026-02-18T17:08:32,2026-02-18,C0221,Customer 0221,Consumer,MW,web,2,P210,Automation Add-on,addon,1,56.33,56.33,USD
O104401,2026-02-18T16:39:11,2026-02-18,C0235,Customer 0235,Consumer,W,mobile,1,P300,Implementation Package,service,1,460.26,460.26,USD
O104402,2026-02-18T11:46:37,2026-02-18,C0176,Customer 0176,Mid-Market,SW,mobile,1,P210,Automation Add-on,addon,2,61.05,122.10,USD
O104403,2026-02-18T14:40:54,2026-02-18,C0058,Customer 0058,SMB,W,mobile,1,P200,Analytics Add-on,addon,1,35.93,35.93,USD
O104404,2026-02-18T15:11:29,2026-02-18,C0152,Customer 0152,Consumer,MW,web,1,P200,Analytics Add-on,addon,2,40.74,81.48,USD
O104404,2026-02-18T15:11:29,2026-02-18,C0152,Customer 0152,Consumer,MW,web,2,P310,Training Package,service,1,316.77,316.77,USD
O104405,2026-02-18T18:44:00,2026-02-18,C0137,Customer 0137,Mid-Market,NE,web,1,P120,Enterprise Subscription,subscription,1,213.57,213.57,USD
O104406,2026-02-18T14:32:45,2026-02-18,C0066,Customer 0066,Consumer,NE,partner,1,P310,Training Package,service,1,304.11,304.11,USD
O104407,2026-02-18T12:44:53,2026-02-18,C0114,Customer 0114,Consumer,MW,web,1,P210,Automation Add-on,addon,1,61.67,61.67,USD
O104408,2026-02-18T19:03:24,2026-02-18,C0055,Customer 0055,Mid-Market,NE,partner,1,P210,Automation Add-on,addon,1,59.05,59.05,USD
O104409,2026-02-18T14:56:07,2026-02-18,C0240,Customer 0240,Consumer,W,web,1,P100,Starter Subscription,subscription,1,30.76,30.76,USD
O104409,2026-02-18T14:56:07,2026-02-18,C0240,Customer 0240,Consumer,W,web,2,P310,Training Package,service,1,320.44,320.44,USD
O104410,2026-02-18T09:59:38,2026-02-18,C0052,Customer 0052,SMB,MW,mobile,1,P200,Analytics Add-on,addon,1,36.55,36.55,USD
O104410,2026-02-18T09:59:38,2026-02-18,C0052,Customer 0052,SMB,MW,mobile,2,P310,Training Package,service,1,280.55,280.55,USD
O104410,2026-02-18T09:59:38,2026-02-18,C0052,Customer 0052,SMB,MW,mobile,3,P210,Automation Add-on,addon,1,55.31,55.31,USD
O104411,2026-02-18T08:07:31,2026-02-18,C0097,Customer 0097,Enterprise,NE,mobile,1,P110,Professional Subscription,subscription,1,73.19,73.19,USD
O104411,2026-02-18T08:07:31,2026-02-18,C0097,Customer 0097,Enterprise,NE,mobile,2,P210,Automation Add-on,addon,2,62.14,124.28,USD
O104412,2026-02-18T16:40:30,2026-02-18,C0008,Customer 0008,SMB,W,mobile,1,P210,Automation Add-on,addon,2,56.76,113.52,USD
O104413,2026-02-18T12:39:03,2026-02-18,C0023,Customer 0023,Consumer,W,mobile,1,P210,Automation Add-on,addon,1,58.77,58.77,USD
O104414,2026-02-19T12:06:08,2026-02-19,C0022,Customer 0022,SMB,NE,mobile,1,P100,Starter Subscription,subscription,1,29.85,29.85,USD
O104414,2026-02-19T12:06:08,2026-02-19,C0022,Customer 0022,SMB,NE,mobile,2,P200,Analytics Add-on,addon,2,39.84,79.68,USD
O104415,2026-02-19T17:12:43,2026-02-19,C0226,Customer 0226,Consumer,SW,web,1,P210,Automation Add-on,addon,2,56.39,112.78,USD
O104415,2026-02-19T17:12:43,2026-02-19,C0226,Customer 0226,Consumer,SW,web,2,P100,Starter Subscription,subscription,1,29.85,29.85,USD
O104416,2026-02-19T15:29:52,2026-02-19,C0084,Customer 0084,Consumer,NE,mobile,1,P200,Analytics Add-on,addon,1,37.80,37.80,USD
O104417,2026-02-19T10:45:09,2026-02-19,C0052,Customer 0052,SMB,MW,web,1,P300,Implementation Package,service,1,475.74,475.74,USD
O104417,2026-02-19T10:45:09,2026-02-19,C0052,Customer 0052,SMB,MW,web,2,P100,Starter Subscription,subscription,1,29.22,29.22,USD
O104418,2026-02-19T15:46:58,2026-02-19,C0002,Customer 0002,SMB,SE,partner,1,P310,Training Package,service,1,303.76,303.76,USD
O104419,2026-02-19T14:49:35,2026-02-19,C0022,Customer 0022,SMB,NE,mobile,1,P310,Training Package,service,1,277.13,277.13,USD
O104419,2026-02-19T14:49:35,2026-02-19,C0022,Customer 0022,SMB,NE,mobile,2,P200,Analytics Add-on,addon,1,38.09,38.09,USD
O104419,2026-02-19T14:49:35,2026-02-19,C0022,Customer 0022,SMB,NE,mobile,3,P210,Automation Add-on,addon,1,62.59,62.59,USD
O104420,2026-02-19T13:34:50,2026-02-19,C0227,Customer 0227,Mid-Market,MW,web,1,P120,Enterprise Subscription,subscription,1,204.70,204.70,USD
O104421,2026-02-19T18:37:19,2026-02-19,C0189,Customer 0189,SMB,SW,web,1,P110,Professional Subscription,subscription,1,73.51,73.51,USD
O104421,2026-02-19T18:37:19,2026-02-19,C0189,Customer 0189,SMB,SW,web,2,P200,Analytics Add-on,addon,2,38.68,77.36,USD
O104422,2026-02-19T11:48:11,2026-02-19,C0148,Customer 0148,Consumer,SE,web,1,P200,Analytics Add-on,addon,1,36.05,36.05,USD
O104423,2026-02-19T08:54:43,2026-02-19,C0151,Customer 0151,Consumer,W,web,1,P300,Implementation Package,service,1,507.81,507.81,USD
O104424,2026-02-19T09:17:45,2026-02-19,C0012,Customer 0012,SMB,NE,web,1,P300,Implementation Package,service,1,530.59,530.59,USD
O104424,2026-02-19T09:17:45,2026-02-19,C0012,Customer 0012,SMB,NE,web,2,P100,Starter Subscription,subscription,1,30.18,30.18,USD
O104424,2026-02-19T09:17:45,2026-02-19,C0012,Customer 0012,SMB,NE,web,3,P120,Enterprise Subscription,subscription,1,191.86,191.86,USD
O104425,2026-02-19T08:32:44,2026-02-19,C0169,Customer 0169,Consumer,SW,web,1,P120,Enterprise Subscription,subscription,1,185.49,185.49,USD
O104426,2026-02-19T15:45:20,2026-02-19,C0205,Customer 0205,Consumer,SW,mobile,1,P110,Professional Subscription,subscription,1,77.89,77.89,USD
O104427,2026-02-19T11:08:44,2026-02-19,C0226,Customer 0226,Consumer,SW,web,1,P200,Analytics Add-on,addon,1,38.26,38.26,USD
O104427,2026-02-19T11:08:44,2026-02-19,C0226,Customer 0226,Consumer,SW,web,2,P310,Training Package,service,1,315.08,315.08,USD
O104428,2026-02-19T14:04:11,2026-02-19,C0192,Customer 0192,Mid-Market,MW,partner,1,P100,Starter Subscription,subscription,1,27.51,27.51,USD
O104429,2026-02-19T10:26:03,2026-02-19,C0112,Customer 0112,SMB,NE,web,1,P100,Starter Subscription,subscription,1,29.26,29.26,USD
O104430,2026-02-19T08:33:50,2026-02-19,C0086,Customer 0086,Consumer,SW,web,1,P200,Analytics Add-on,addon,2,36.47,72.94,USD
O104431,2026-02-19T17:15:04,2026-02-19,C0240,Customer 0240,Consumer,W,web,1,P300,Implementation Package,service,1,516.10,516.10,USD
O104432,2026-02-19T20:25:14,2026-02-19,C0061,Customer 0061,Consumer,MW,mobile,1,P100,Starter Subscription,subscription,1,29.71,29.71,USD
O104432,2026-02-19T20:25:14,2026-02-19,C0061,Customer 0061,Consumer,MW,mobile,2,P210,Automation Add-on,addon,2,58.31,116.62,USD
O104433,2026-02-19T10:45:07,2026-02-19,C0081,Customer 0081,SMB,W,web,1,P100,Starter Subscription,subscription,1,27.49,27.49,USD
O104434,2026-02-19T17:34:24,2026-02-19,C0014,Customer 0014,Consumer,SW,web,1,P100,Starter Subscription,subscription,1,29.24,29.24,USD
O104434,2026-02-19T17:34:24,2026-02-19,C0014,Customer 0014,Consumer,SW,web,2,P210,Automation Add-on,addon,2,63.03,126.06,USD
O104435,2026-02-19T10:31:57,2026-02-19,C0198,Customer 0198,SMB,SW,mobile,1,P310,Training Package,service,1,301.72,301.72,USD
O104436,2026-02-19T11:46:43,2026-02-19,C0025,Customer 0025,SMB,W,web,1,P100,Starter Subscription,subscription,1,30.51,30.51,USD
O104437,2026-02-19T14:54:16,2026-02-19,C0181,Customer 0181,SMB,W,web,1,P200,Analytics Add-on,addon,2,40.66,81.32,USD
O104437,2026-02-19T14:54:16,2026-02-19,C0181,Customer 0181,SMB,W,web,2,P120,Enterprise Subscription,subscription,1,190.44,190.44,USD
O104437,2026-02-19T14:54:16,2026-02-19,C0181,Customer 0181,SMB,W,web,3,P300,Implementation Package,service,1,536.79,536.79,USD
O104438,2026-02-19T12:47:08,2026-02-19,C0229,Customer 0229,SMB,SE,mobile,1,P110,Professional Subscription,subscription,1,83.99,83.99,USD
O104438,2026-02-19T12:47:08,2026-02-19,C0229,Customer 0229,SMB,SE,mobile,2,P210,Automation Add-on,addon,1,58.85,58.85,USD
O104439,2026-02-19T14:37:19,2026-02-19,C0127,Customer 0127,SMB,W,web,1,P210,Automation Add-on,addon,1,60.48,60.48,USD
O104439,2026-02-19T14:37:19,2026-02-19,C0127,Customer 0127,SMB,W,web,2,P200,Analytics Add-on,addon,1,36.55,36.55,USD
O104440,2026-02-19T19:01:44,2026-02-19,C0171,Customer 0171,Consumer,NE,partner,1,P200,Analytics Add-on,addon,2,38.03,76.06,USD
O104440,2026-02-19T19:01:44,2026-02-19,C0171,Customer 0171,Consumer,NE,partner,2,P310,Training Package,service,1,294.32,294.32,USD
O104441,2026-02-19T11:15:35,2026-02-19,C0232,Customer 0232,Mid-Market,W,mobile,1,P310,Training Package,service,1,275.46,275.46,USD
O104442,2026-02-19T13:44:42,2026-02-19,C0205,Customer 0205,Consumer,SW,web,1,P300,Implementation Package,service,1,512.89,512.89,USD
O104443,2026-02-19T17:53:33,2026-02-19,C0008,Customer 0008,SMB,W,partner,1,P300,Implementation Package,service,1,464.65,464.65,USD
O104443,2026-02-19T17:53:33,2026-02-19,C0008,Customer 0008,SMB,W,partner,2,P310,Training Package,service,1,289.95,289.95,USD
O104444,2026-02-19T14:39:29,2026-02-19,C0125,Customer 0125,Mid-Market,NE,partner,1,P310,Training Package,service,1,288.53,288.53,USD
O104445,2026-02-19T19:45:17,2026-02-19,C0171,Customer 0171,Consumer,NE,web,1,P120,Enterprise Subscription,subscription,1,200.10,200.10,USD
O104445,2026-02-19T19:45:17,2026-02-19,C0171,Customer 0171,Consumer,NE,web,2,P110,Professional Subscription,subscription,1,81.84,81.84,USD
O104446,2026-02-19T09:04:52,2026-02-19,C0039,Customer 0039,Mid-Market,SW,mobile,1,P100,Starter Subscription,subscription,1,29.67,29.67,USD
O104446,2026-02-19T09:04:52,2026-02-19,C0039,Customer 0039,Mid-Market,SW,mobile,2,P300,Implementation Package,service,1,510.80,510.80,USD
O104446,2026-02-19T09:04:52,2026-02-19,C0039,Customer 0039,Mid-Market,SW,mobile,3,P110,Professional Subscription,subscription,1,81.88,81.88,USD
O104447,2026-02-19T11:18:51,2026-02-19,C0130,Customer 0130,SMB,MW,web,1,P210,Automation Add-on,addon,1,55.18,55.18,USD
O104447,2026-02-19T11:18:51,2026-02-19,C0130,Customer 0130,SMB,MW,web,2,P300,Implementation Package,service,1,483.89,483.89,USD
O104448,2026-02-19T20:23:00,2026-02-19,C0065,Customer 0065,Enterprise,NE,partner,1,P310,Training Package,service,1,313.77,313.77,USD
O104449,2026-02-19T13:25:05,2026-02-19,C0042,Customer 0042,Consumer,MW,web,1,P300,Implementation Package,service,1,500.16,500.16,USD
O104450,2026-02-20T12:43:27,2026-02-20,C0040,Customer 0040,SMB,W,web,1,P100,Starter Subscription,subscription,1,29.99,29.99,USD
O104450,2026-02-20T12:43:27,2026-02-20,C0040,Customer 0040,SMB,W,web,2,P310,Training Package,service,1,275.85,275.85,USD
O104451,2026-02-20T14:41:11,2026-02-20,C0233,Customer 0233,Mid-Market,SE,mobile,1,P100,Starter Subscription,subscription,1,29.85,29.85,USD
O104452,2026-02-20T19:49:58,2026-02-20,C0099,Customer 0099,Enterprise,MW,web,1,P210,Automation Add-on,addon,1,63.18,63.18,USD
O104453,2026-02-20T14:42:00,2026-02-20,C0036,Customer 0036,Mid-Market,NE,mobile,1,P110,Professional Subscription,subscription,1,78.24,78.24,USD
O104453,2026-02-20T14:42:00,2026-02-20,C0036,Customer 0036,Mid-Market,NE,mobile,2,P100,Starter Subscription,subscription,1,28.55,28.55,USD
O104454,2026-02-20T19:28:37,2026-02-20,C0147,Customer 0147,Enterprise,W,web,1,P120,Enterprise Subscription,subscription,1,188.92,188.92,USD
O104455,2026-02-20T15:28:08,2026-02-20,C0225,Customer 0225,Enterprise,MW,web,1,P110,Professional Subscription,subscription,1,83.80,83.80,USD
O104456,2026-02-20T19:17:25,2026-02-20,C0018,Customer 0018,Consumer,MW,web,1,P120,Enterprise Subscription,subscription,1,199.25,199.25,USD
O104457,2026-02-20T16:16:31,2026-02-20,C0001,Customer 0001,Consumer,NE,partner,1,P300,Implementation Package,service,1,461.04,461.04,USD
O104458,2026-02-20T10:47:46,2026-02-20,C0059,Customer 0059,Consumer,W,mobile,1,P300,Implementation Package,service,1,508.76,508.76,USD
O104459,2026-02-20T14:29:40,2026-02-20,C0234,Customer 0234,SMB,SW,web,1,P300,Implementation Package,service,1,503.82,503.82,USD
O104460,2026-02-20T10:33:40,2026-02-20,C0142,Customer 0142,SMB,SW,mobile,1,P210,Automation Add-on,addon,1,55.59,55.59,USD
O104460,2026-02-20T10:33:40,2026-02-20,C0142,Customer 0142,SMB,SW,mobile,2,P300,Implementation Package,service,1,506.78,506.78,USD
O104460,2026-02-20T10:33:40,2026-02-20,C0142,Customer 0142,SMB,SW,mobile,3,P100,Starter Subscription,subscription,1,29.73,29.73,USD
O104461,2026-02-20T11:47:25,2026-02-20,C0154,Customer 0154,SMB,SW,web,1,P200,Analytics Add-on,addon,2,36.77,73.54,USD
O104462,2026-02-20T15:51:54,2026-02-20,C0151,Customer 0151,Consumer,W,web,1,P310,Training Package,service,1,304.29,304.29,USD
O104463,2026-02-20T16:11:27,2026-02-20,C0212,Customer 0212,SMB,SE,partner,1,P300,Implementation Package,service,1,488.74,488.74,USD
O104464,2026-02-20T14:49:53,2026-02-20,C0058,Customer 0058,SMB,W,web,1,P200,Analytics Add-on,addon,2,40.04,80.08,USD
O104464,2026-02-20T14:49:53,2026-02-20,C0058,Customer 0058,SMB,W,web,2,P120,Enterprise Subscription,subscription,1,199.45,199.45,USD
O104465,2026-02-20T08:23:07,2026-02-20,C0188,Customer 0188,Mid-Market,SW,web,1,P100,Starter Subscription,subscription,1,30.63,30.63,USD
O104466,2026-02-20T11:56:01,2026-02-20,C0201,Customer 0201,Consumer,NE,web,1,P100,Starter Subscription,subscription,1,27.92,27.92,USD
O104466,2026-02-20T11:56:01,2026-02-20,C0201,Customer 0201,Consumer,NE,web,2,P300,Implementation Package,service,1,529.80,529.80,USD
O104467,2026-02-20T20:22:06,2026-02-20,C0153,Customer 0153,Consumer,W,mobile,1,P100,Starter Subscription,subscription,1,31.25,31.25,USD
O104468,2026-02-20T14:32:17,2026-02-20,C0212,Customer 0212,SMB,SE,mobile,1,P110,Professional Subscription,subscription,1,79.70,79.70,USD
O104469,2026-02-20T17:34:55,2026-02-20,C0217,Customer 0217,SMB,NE,web,1,P310,Training Package,service,1,307.10,307.10,USD
O104469,2026-02-20T17:34:55,2026-02-20,C0217,Customer 0217,SMB,NE,web,2,P110,Professional Subscription,subscription,1,85.12,85.12,USD
O104470,2026-02-20T15:19:43,2026-02-20,C0035,Customer 0035,SMB,SE,partner,1,P210,Automation Add-on,addon,1,61.30,61.30,USD
O104471,2026-02-20T12:41:17,2026-02-20,C0215,Customer 0215,SMB,W,mobile,1,P100,Starter Subscription,subscription,1,28.04,28.04,USD
O104471,2026-02-20T12:41:17,2026-02-20,C0215,Customer 0215,SMB,W,mobile,2,P110,Professional Subscription,subscription,1,79.66,79.66,USD
O104472,2026-02-20T14:48:55,2026-02-20,C0195,Customer 0195,Consumer,SW,mobile,1,P310,Training Package,service,1,321.26,321.26,USD
O104472,2026-02-20T14:48:55,2026-02-20,C0195,Customer 0195,Consumer,SW,mobile,2,P110,Professional Subscription,subscription,1,72.99,72.99,USD
O104473,2026-02-20T20:25:20,2026-02-20,C0180,Customer 0180,SMB,SE,web,1,P210,Automation Add-on,addon,1,56.72,56.72,USD
O104474,2026-02-20T20:41:06,2026-02-20,C0209,Customer 0209,SMB,NE,partner,1,P310,Training Package,service,1,311.59,311.59,USD
O104474,2026-02-20T20:41:06,2026-02-20,C0209,Customer 0209,SMB,NE,partner,2,P300,Implementation Package,service,1,519.69,519.69,USD
O104475,2026-02-20T18:11:33,2026-02-20,C0238,Customer 0238,Mid-Market,MW,web,1,P120,Enterprise Subscription,subscription,1,203.53,203.53,USD
O104475,2026-02-20T18:11:33,2026-02-20,C0238,Customer 0238,Mid-Market,MW,web,2,P110,Professional Subscription,subscription,1,80.61,80.61,USD
O104475,2026-02-20T18:11:33,2026-02-20,C0238,Customer 0238,Mid-Market,MW,web,3,P310,Training Package,service,1,294.57,294.57,USD
O104476,2026-02-20T17:08:13,2026-02-20,C0211,Customer 0211,SMB,NE,mobile,1,P300,Implementation Package,service,1,488.83,488.83,USD
O104476,2026-02-20T17:08:13,2026-02-20,C0211,Customer 0211,SMB,NE,mobile,2,P210,Automation Add-on,addon,2,54.37,108.74,USD
O104476,2026-02-20T17:08:13,2026-02-20,C0211,Customer 0211,SMB,NE,mobile,3,P200,Analytics Add-on,addon,1,39.56,39.56,USD
O104477,2026-02-20T10:19:02,2026-02-20,C0052,Customer 0052,SMB,MW,partner,1,P210,Automation Add-on,addon,1,56.10,56.10,USD
O104478,2026-02-20T10:03:05,2026-02-20,C0158,Customer 0158,SMB,W,web,1,P200,Analytics Add-on,addon,1,36.79,36.79,USD
O104478,2026-02-20T10:03:05,2026-02-20,C0158,Customer 0158,SMB,W,web,2,P310,Training Package,service,1,287.61,287.61,USD
O104479,2026-02-20T15:30:45,2026-02-20,C0003,Customer 0003,Consumer,W,mobile,1,P110,Professional Subscription,subscription,1,73.69,73.69,USD
O104480,2026-02-20T17:11:52,2026-02-20,C0188,Customer 0188,Mid-Market,SW,mobile,1,P120,Enterprise Subscription,subscription,1,211.38,211.38,USD
O104481,2026-02-20T15:11:15,2026-02-20,C0037,Customer 0037,SMB,SE,mobile,1,P300,Implementation Package,service,1,461.10,461.10,USD
O104482,2026-02-20T14:23:40,2026-02-20,C0061,Customer 0061,Consumer,MW,web,1,P200,Analytics Add-on,addon,2,39.52,79.04,USD
O104482,2026-02-20T14:23:40,2026-02-20,C0061,Customer 0061,Consumer,MW,web,2,P210,Automation Add-on,addon,1,57.46,57.46,USD
O104483,2026-02-20T13:53:56,2026-02-20,C0106,Customer 0106,SMB,MW,web,1,P310,Training Package,service,1,302.45,302.45,USD
O104484,2026-02-20T12:12:13,2026-02-20,C0191,Customer 0191,SMB,W,mobile,1,P100,Starter Subscription,subscription,1,30.50,30.50,USD
O104485,2026-02-20T14:38:01,2026-02-20,C0216,Customer 0216,Consumer,SE,web,1,P200,Analytics Add-on,addon,2,39.49,78.98,USD
O104485,2026-02-20T14:38:01,2026-02-20,C0216,Customer 0216,Consumer,SE,web,2,P100,Starter Subscription,subscription,1,26.69,26.69,USD
O104485,2026-02-20T14:38:01,2026-02-20,C0216,Customer 0216,Consumer,SE,web,3,P110,Professional Subscription,subscription,1,84.79,84.79,USD
O104486,2026-02-20T14:19:38,2026-02-20,C0086,Customer 0086,Consumer,SW,web,1,P200,Analytics Add-on,addon,1,40.59,40.59,USD
O104486,2026-02-20T14:19:38,2026-02-20,C0086,Customer 0086,Consumer,SW,web,2,P310,Training Package,service,1,316.40,316.40,USD
O104487,2026-02-21T08:03:47,2026-02-21,C0029,Customer 0029,Consumer,MW,web,1,P310,Training Package,service,1,319.17,319.17,USD
O104488,2026-02-21T12:25:32,2026-02-21,C0172,Customer 0172,SMB,W,web,1,P210,Automation Add-on,addon,1,59.71,59.71,USD
O104489,2026-02-21T13:04:30,2026-02-21,C0111,Customer 0111,Consumer,NE,mobile,1,P120,Enterprise Subscription,subscription,1,212.41,212.41,USD
O104490,2026-02-21T09:16:20,2026-02-21,C0178,Customer 0178,Consumer,W,web,1,P310,Training Package,service,1,306.95,306.95,USD
O104490,2026-02-21T09:16:20,2026-02-21,C0178,Customer 0178,Consumer,W,web,2,P100,Starter Subscription,subscription,1,30.83,30.83,USD
O104491,2026-02-21T18:51:50,2026-02-21,C0148,Customer 0148,Consumer,SE,partner,1,P310,Training Package,service,1,317.08,317.08,USD
O104492,2026-02-21T08:25:33,2026-02-21,C0151,Customer 0151,Consumer,W,web,1,P100,Starter Subscription,subscription,1,31.16,31.16,USD
O104493,2026-02-21T15:25:43,2026-02-21,C0044,Customer 0044,SMB,NE,partner,1,P120,Enterprise Subscription,subscription,1,201.22,201.22,USD
O104494,2026-02-21T17:57:20,2026-02-21,C0201,Customer 0201,Consumer,NE,web,1,P100,Starter Subscription,subscription,1,26.69,26.69,USD
O104494,2026-02-21T17:57:20,2026-02-21,C0201,Customer 0201,Consumer,NE,web,2,P300,Implementation Package,service,1,473.16,473.16,USD
O104495,2026-02-21T20:17:31,2026-02-21,C0119,Customer 0119,Consumer,SE,web,1,P310,Training Package,service,1,281.20,281.20,USD
O104495,2026-02-21T20:17:31,2026-02-21,C0119,Customer 0119,Consumer,SE,web,2,P110,Professional Subscription,subscription,1,81.07,81.07,USD
O104496,2026-02-21T11:38:43,2026-02-21,C0124,Customer 0124,SMB,SE,web,1,P100,Starter Subscription,subscription,1,29.67,29.67,USD
O104496,2026-02-21T11:38:43,2026-02-21,C0124,Customer 0124,SMB,SE,web,2,P210,Automation Add-on,addon,1,58.91,58.91,USD
O104497,2026-02-21T08:40:01,2026-02-21,C0124,Customer 0124,SMB,SE,web,1,P300,Implementation Package,service,1,485.04,485.04,USD
O104497,2026-02-21T08:40:01,2026-02-21,C0124,Customer 0124,SMB,SE,web,2,P120,Enterprise Subscription,subscription,1,199.00,199.00,USD
O104498,2026-02-21T19:17:27,2026-02-21,C0075,Customer 0075,Consumer,NE,web,1,P200,Analytics Add-on,addon,2,36.98,73.96,USD
O104498,2026-02-21T19:17:27,2026-02-21,C0075,Customer 0075,Consumer,NE,web,2,P210,Automation Add-on,addon,1,56.65,56.65,USD
O104499,2026-02-21T10:21:19,2026-02-21,C0186,Customer 0186,Mid-Market,SE,partner,1,P200,Analytics Add-on,addon,2,39.50,79.00,USD
O104499,2026-02-21T10:21:19,2026-02-21,C0186,Customer 0186,Mid-Market,SE,partner,2,P110,Professional Subscription,subscription,1,84.70,84.70,USD
O104500,2026-02-21T12:14:21,2026-02-21,C0129,Customer 0129,Consumer,SE,web,1,P100,Starter Subscription,subscription,1,29.47,29.47,USD
O104501,2026-02-21T20:28:27,2026-02-21,C0094,Customer 0094,Consumer,NE,mobile,1,P210,Automation Add-on,addon,1,60.44,60.44,USD
O104502,2026-02-21T16:37:34,2026-02-21,C0123,Customer 0123,Consumer,W,web,1,P310,Training Package,service,1,295.00,295.00,USD
O104502,2026-02-21T16:37:34,2026-02-21,C0123,Customer 0123,Consumer,W,web,2,P200,Analytics Add-on,addon,1,38.94,38.94,USD
O104503,2026-02-21T12:20:55,2026-02-21,C0035,Customer 0035,SMB,SE,web,1,P120,Enterprise Subscription,subscription,1,186.26,186.26,USD
O104504,2026-02-21T19:50:24,2026-02-21,C0030,Customer 0030,Consumer,SW,mobile,1,P200,Analytics Add-on,addon,2,36.74,73.48,USD
O104505,2026-02-21T08:37:51,2026-02-21,C0104,Customer 0104,Mid-Market,W,web,1,P200,Analytics Add-on,addon,2,38.11,76.22,USD
O104506,2026-02-21T08:07:57,2026-02-21,C0047,Customer 0047,Consumer,MW,partner,1,P120,Enterprise Subscription,subscription,1,193.98,193.98,USD
O104506,2026-02-21T08:07:57,2026-02-21,C0047,Customer 0047,Consumer,MW,partner,2,P200,Analytics Add-on,addon,1,38.11,38.11,USD
O104507,2026-02-21T10:40:06,2026-02-21,C0209,Customer 0209,SMB,NE,partner,1,P200,Analytics Add-on,addon,2,37.34,74.68,USD
O104507,2026-02-21T10:40:06,2026-02-21,C0209,Customer 0209,SMB,NE,partner,2,P210,Automation Add-on,addon,1,63.12,63.12,USD
O104508,2026-02-21T17:37:29,2026-02-21,C0183,Customer 0183,SMB,MW,mobile,1,P300,Implementation Package,service,1,496.48,496.48,USD
O104509,2026-02-21T17:25:01,2026-02-21,C0233,Customer 0233,Mid-Market,SE,web,1,P310,Training Package,service,1,301.22,301.22,USD
O104509,2026-02-21T17:25:01,2026-02-21,C0233,Customer 0233,Mid-Market,SE,web,2,P100,Starter Subscription,subscription,1,27.84,27.84,USD
O104510,2026-02-21T09:11:07,2026-02-21,C0167,Customer 0167,Consumer,NE,mobile,1,P110,Professional Subscription,subscription,1,85.32,85.32,USD
O104510,2026-02-21T09:11:07,2026-02-21,C0167,Customer 0167,Consumer,NE,mobile,2,P200,Analytics Add-on,addon,2,36.29,72.58,USD
O104511,2026-02-21T19:53:28,2026-02-21,C0051,Customer 0051,Enterprise,SW,mobile,1,P300,Implementation Package,service,1,533.02,533.02,USD
O104511,2026-02-21T19:53:28,2026-02-21,C0051,Customer 0051,Enterprise,SW,mobile,2,P110,Professional Subscription,subscription,1,82.01,82.01,USD
O104512,2026-02-21T12:26:49,2026-02-21,C0211,Customer 0211,SMB,NE,web,1,P300,Implementation Package,service,1,465.45,465.45,USD
O104512,2026-02-21T12:26:49,2026-02-21,C0211,Customer 0211,SMB,NE,web,2,P100,Starter Subscription,subscription,1,29.59,29.59,USD
O104513,2026-02-21T08:11:56,2026-02-21,C0187,Customer 0187,SMB,SW,web,1,P300,Implementation Package,service,1,495.22,495.22,USD
O104513,2026-02-21T08:11:56,2026-02-21,C0187,Customer 0187,SMB,SW,web,2,P200,Analytics Add-on,addon,1,40.90,40.90,USD
O104514,2026-02-21T11:42:15,2026-02-21,C0159,Customer 0159,Consumer,SW,partner,1,P310,Training Package,service,1,283.36,283.36,USD
O104515,2026-02-21T20:25:44,2026-02-21,C0142,Customer 0142,SMB,SW,mobile,1,P200,Analytics Add-on,addon,1,40.09,40.09,USD
O104516,2026-02-21T20:19:03,2026-02-21,C0085,Customer 0085,Mid-Market,SW,partner,1,P210,Automation Add-on,addon,1,54.63,54.63,USD
O104517,2026-02-21T08:57:42,2026-02-21,C0050,Customer 0050,Consumer,W,mobile,1,P200,Analytics Add-on,addon,2,38.29,76.58,USD
O104518,2026-02-22T11:57:36,2026-02-22,C0112,Customer 0112,SMB,NE,mobile,1,P100,Starter Subscription,subscription,1,30.83,30.83,USD
O104519,2026-02-22T11:39:32,2026-02-22,C0221,Customer 0221,Consumer,MW,partner,1,P120,Enterprise Subscription,subscription,1,184.80,184.80,USD
O104520,2026-02-22T14:38:35,2026-02-22,C0127,Customer 0127,SMB,W,web,1,P310,Training Package,service,1,308.01,308.01,USD
O104520,2026-02-22T14:38:35,2026-02-22,C0127,Customer 0127,SMB,W,web,2,P300,Implementation Package,service,1,461.41,461.41,USD
O104520,2026-02-22T14:38:35,2026-02-22,C0127,Customer 0127,SMB,W,web,3,P100,Starter Subscription,subscription,1,27.62,27.62,USD
O104521,2026-02-22T16:36:16,2026-02-22,C0115,Customer 0115,Consumer,MW,web,1,P210,Automation Add-on,addon,1,57.08,57.08,USD
O104522,2026-02-22T20:57:46,2026-02-22,C0108,Customer 0108,SMB,W,web,1,P100,Starter Subscription,subscription,1,28.79,28.79,USD
O104523,2026-02-22T10:28:30,2026-02-22,C0167,Customer 0167,Consumer,NE,mobile,1,P310,Training Package,service,1,300.21,300.21,USD
O104523,2026-02-22T10:28:30,2026-02-22,C0167,Customer 0167,Consumer,NE,mobile,2,P120,Enterprise Subscription,subscription,1,198.02,198.02,USD
O104524,2026-02-22T08:07:28,2026-02-22,C0099,Customer 0099,Enterprise,MW,partner,1,P300,Implementation Package,service,1,508.16,508.16,USD
O104524,2026-02-22T08:07:28,2026-02-22,C0099,Customer 0099,Enterprise,MW,partner,2,P100,Starter Subscription,subscription,1,27.39,27.39,USD
O104525,2026-02-22T17:31:32,2026-02-22,C0086,Customer 0086,Consumer,SW,web,1,P110,Professional Subscription,subscription,1,81.88,81.88,USD
O104525,2026-02-22T17:31:32,2026-02-22,C0086,Customer 0086,Consumer,SW,web,2,P210,Automation Add-on,addon,2,55.87,111.74,USD
O104526,2026-02-22T15:37:17,2026-02-22,C0092,Customer 0092,Mid-Market,W,web,1,P210,Automation Add-on,addon,1,62.63,62.63,USD
O104527,2026-02-22T12:18:19,2026-02-22,C0178,Customer 0178,Consumer,W,mobile,1,P110,Professional Subscription,subscription,1,75.94,75.94,USD
O104528,2026-02-22T18:30:59,2026-02-22,C0107,Customer 0107,Consumer,MW,web,1,P210,Automation Add-on,addon,2,57.02,114.04,USD
O104528,2026-02-22T18:30:59,2026-02-22,C0107,Customer 0107,Consumer,MW,web,2,P110,Professional Subscription,subscription,1,79.94,79.94,USD
O104529,2026-02-22T10:38:38,2026-02-22,C0234,Customer 0234,SMB,SW,web,1,P110,Professional Subscription,subscription,1,75.92,75.92,USD
O104530,2026-02-22T17:36:38,2026-02-22,C0050,Customer 0050,Consumer,W,web,1,P200,Analytics Add-on,addon,2,40.11,80.22,USD
O104530,2026-02-22T17:36:38,2026-02-22,C0050,Customer 0050,Consumer,W,web,2,P100,Starter Subscription,subscription,1,30.31,30.31,USD
O104531,2026-02-22T08:48:37,2026-02-22,C0178,Customer 0178,Consumer,W,web,1,P300,Implementation Package,service,1,496.94,496.94,USD
O104531,2026-02-22T08:48:37,2026-02-22,C0178,Customer 0178,Consumer,W,web,2,P210,Automation Add-on,addon,1,63.49,63.49,USD
O104531,2026-02-22T08:48:37,2026-02-22,C0178,Customer 0178,Consumer,W,web,3,P110,Professional Subscription,subscription,1,79.86,79.86,USD
O104532,2026-02-22T20:49:57,2026-02-22,C0033,Customer 0033,SMB,W,web,1,P120,Enterprise Subscription,subscription,1,204.43,204.43,USD
O104532,2026-02-22T20:49:57,2026-02-22,C0033,Customer 0033,SMB,W,web,2,P100,Starter Subscription,subscription,1,27.71,27.71,USD
O104533,2026-02-22T17:38:20,2026-02-22,C0106,Customer 0106,SMB,MW,web,1,P120,Enterprise Subscription,subscription,1,190.38,190.38,USD
O104534,2026-02-22T15:28:54,2026-02-22,C0136,Customer 0136,SMB,SE,web,1,P100,Starter Subscription,subscription,1,26.73,26.73,USD
O104534,2026-02-22T15:28:54,2026-02-22,C0136,Customer 0136,SMB,SE,web,2,P210,Automation Add-on,addon,1,60.06,60.06,USD
O104534,2026-02-22T15:28:54,2026-02-22,C0136,Customer 0136,SMB,SE,web,3,P310,Training Package,service,1,301.23,301.23,USD
O104535,2026-02-22T12:44:16,2026-02-22,C0065,Customer 0065,Enterprise,NE,web,1,P110,Professional Subscription,subscription,1,73.82,73.82,USD
O104536,2026-02-22T11:21:19,2026-02-22,C0162,Customer 0162,SMB,W,web,1,P120,Enterprise Subscription,subscription,1,205.44,205.44,USD
O104537,2026-02-22T19:06:18,2026-02-22,C0117,Customer 0117,Consumer,MW,web,1,P210,Automation Add-on,addon,1,60.53,60.53,USD
O104538,2026-02-22T08:10:40,2026-02-22,C0017,Customer 0017,Enterprise,NE,mobile,1,P310,Training Package,service,1,304.17,304.17,USD
O104538,2026-02-22T08:10:40,2026-02-22,C0017,Customer 0017,Enterprise,NE,mobile,2,P110,Professional Subscription,subscription,1,76.89,76.89,USD
O104539,2026-02-22T10:28:28,2026-02-22,C0133,Customer 0133,Consumer,SW,partner,1,P120,Enterprise Subscription,subscription,1,207.42,207.42,USD
O104539,2026-02-22T10:28:28,2026-02-22,C0133,Customer 0133,Consumer,SW,partner,2,P310,Training Package,service,1,285.60,285.60,USD
O104539,2026-02-22T10:28:28,2026-02-22,C0133,Customer 0133,Consumer,SW,partner,3,P100,Starter Subscription,subscription,1,30.86,30.86,USD
O104540,2026-02-22T11:01:23,2026-02-22,C0073,Customer 0073,Mid-Market,SW,partner,1,P210,Automation Add-on,addon,1,60.34,60.34,USD
O104540,2026-02-22T11:01:23,2026-02-22,C0073,Customer 0073,Mid-Market,SW,partner,2,P300,Implementation Package,service,1,478.53,478.53,USD
O104541,2026-02-22T11:43:31,2026-02-22,C0215,Customer 0215,SMB,W,partner,1,P110,Professional Subscription,subscription,1,74.70,74.70,USD
O104542,2026-02-22T14:29:59,2026-02-22,C0004,Customer 0004,Enterprise,NE,web,1,P100,Starter Subscription,subscription,1,29.24,29.24,USD
O104542,2026-02-22T14:29:59,2026-02-22,C0004,Customer 0004,Enterprise,NE,web,2,P200,Analytics Add-on,addon,1,40.80,40.80,USD
O104543,2026-02-22T18:06:55,2026-02-22,C0046,Customer 0046,Consumer,W,web,1,P100,Starter Subscription,subscription,1,27.97,27.97,USD
O104544,2026-02-22T08:37:49,2026-02-22,C0070,Customer 0070,SMB,W,partner,1,P100,Starter Subscription,subscription,1,31.22,31.22,USD
O104545,2026-02-22T14:15:18,2026-02-22,C0128,Customer 0128,Consumer,SE,web,1,P100,Starter Subscription,subscription,1,29.81,29.81,USD
O104546,2026-02-22T15:24:47,2026-02-22,C0206,Customer 0206,Consumer,SW,web,1,P120,Enterprise Subscription,subscription,1,191.01,191.01,USD
O104546,2026-02-22T15:24:47,2026-02-22,C0206,Customer 0206,Consumer,SW,web,2,P200,Analytics Add-on,addon,1,38.83,38.83,USD
O104547,2026-02-22T19:12:29,2026-02-22,C0051,Customer 0051,Enterprise,SW,web,1,P210,Automation Add-on,addon,2,56.35,112.70,USD
O104547,2026-02-22T19:12:29,2026-02-22,C0051,Customer 0051,Enterprise,SW,web,2,P110,Professional Subscription,subscription,1,85.19,85.19,USD
O104547,2026-02-22T19:12:29,2026-02-22,C0051,Customer 0051,Enterprise,SW,web,3,P120,Enterprise Subscription,subscription,1,188.95,188.95,USD
O104548,2026-02-23T12:49:49,2026-02-23,C0134,Customer 0134,SMB,SW,web,1,P310,Training Package,service,1,316.83,316.83,USD
O104549,2026-02-23T18:28:11,2026-02-23,C0212,Customer 0212,SMB,SE,web,1,P300,Implementation Package,service,1,519.86,519.86,USD
O104549,2026-02-23T18:28:11,2026-02-23,C0212,Customer 0212,SMB,SE,web,2,P120,Enterprise Subscription,subscription,1,197.35,197.35,USD
O104550,2026-02-23T17:38:34,2026-02-23,C0089,Customer 0089,SMB,NE,partner,1,P310,Training Package,service,1,282.60,282.60,USD
O104551,2026-02-23T09:21:44,2026-02-23,C0132,Customer 0132,SMB,NE,web,1,P110,Professional Subscription,subscription,1,83.13,83.13,USD
O104551,2026-02-23T09:21:44,2026-02-23,C0132,Customer 0132,SMB,NE,web,2,P200,Analytics Add-on,addon,1,37.70,37.70,USD
O104552,2026-02-23T20:15:01,2026-02-23,C0058,Customer 0058,SMB,W,partner,1,P110,Professional Subscription,subscription,1,77.22,77.22,USD
O104552,2026-02-23T20:15:01,2026-02-23,C0058,Customer 0058,SMB,W,partner,2,P310,Training Package,service,1,283.33,283.33,USD
O104553,2026-02-23T15:32:46,2026-02-23,C0128,Customer 0128,Consumer,SE,mobile,1,P300,Implementation Package,service,1,515.41,515.41,USD
O104553,2026-02-23T15:32:46,2026-02-23,C0128,Customer 0128,Consumer,SE,mobile,2,P200,Analytics Add-on,addon,2,36.99,73.98,USD
O104554,2026-02-23T14:07:47,2026-02-23,C0139,Customer 0139,Consumer,W,web,1,P200,Analytics Add-on,addon,1,38.74,38.74,USD
O104554,2026-02-23T14:07:47,2026-02-23,C0139,Customer 0139,Consumer,W,web,2,P300,Implementation Package,service,1,505.55,505.55,USD
O104554,2026-02-23T14:07:47,2026-02-23,C0139,Customer 0139,Consumer,W,web,3,P210,Automation Add-on,addon,2,59.38,118.76,USD
O104555,2026-02-23T17:28:37,2026-02-23,C0151,Customer 0151,Consumer,W,partner,1,P300,Implementation Package,service,1,489.73,489.73,USD
O104556,2026-02-23T15:26:16,2026-02-23,C0111,Customer 0111,Consumer,NE,partner,1,P200,Analytics Add-on,addon,1,40.70,40.70,USD
O104556,2026-02-23T15:26:16,2026-02-23,C0111,Customer 0111,Consumer,NE,partner,2,P310,Training Package,service,1,294.88,294.88,USD
O104557,2026-02-23T19:30:53,2026-02-23,C0228,Customer 0228,Consumer,SW,web,1,P210,Automation Add-on,addon,2,58.84,117.68,USD
O104557,2026-02-23T19:30:53,2026-02-23,C0228,Customer 0228,Consumer,SW,web,2,P200,Analytics Add-on,addon,1,37.06,37.06,USD
O104558,2026-02-23T09:16:45,2026-02-23,C0059,Customer 0059,Consumer,W,partner,1,P300,Implementation Package,service,1,481.63,481.63,USD
O104559,2026-02-23T14:34:19,2026-02-23,C0109,Customer 0109,Mid-Market,W,web,1,P210,Automation Add-on,addon,1,58.47,58.47,USD
O104559,2026-02-23T14:34:19,2026-02-23,C0109,Customer 0109,Mid-Market,W,web,2,P100,Starter Subscription,subscription,1,26.97,26.97,USD
O104560,2026-02-23T16:38:47,2026-02-23,C0162,Customer 0162,SMB,W,mobile,1,P200,Analytics Add-on,addon,2,39.08,78.16,USD
O104561,2026-02-23T09:47:37,2026-02-23,C0215,Customer 0215,SMB,W,web,1,P300,Implementation Package,service,1,534.67,534.67,USD
O104562,2026-02-23T08:07:18,2026-02-23,C0063,Customer 0063,SMB,NE,web,1,P100,Starter Subscription,subscription,1,31.02,31.02,USD
O104563,2026-02-23T15:41:17,2026-02-23,C0065,Customer 0065,Enterprise,NE,web,1,P100,Starter Subscription,subscription,1,29.90,29.90,USD
O104563,2026-02-23T15:41:17,2026-02-23,C0065,Customer 0065,Enterprise,NE,web,2,P200,Analytics Add-on,addon,1,39.44,39.44,USD
O104564,2026-02-23T08:51:03,2026-02-23,C0145,Customer 0145,Mid-Market,W,web,1,P300,Implementation Package,service,1,530.06,530.06,USD
O104565,2026-02-23T20:40:35,2026-02-23,C0238,Customer 0238,Mid-Market,MW,web,1,P120,Enterprise Subscription,subscription,1,206.31,206.31,USD
O104565,2026-02-23T20:40:35,2026-02-23,C0238,Customer 0238,Mid-Market,MW,web,2,P310,Training Package,service,1,286.31,286.31,USD
O104566,2026-02-23T18:58:19,2026-02-23,C0120,Customer 0120,Mid-Market,SW,mobile,1,P110,Professional Subscription,subscription,1,75.01,75.01,USD
O104567,2026-02-23T20:19:05,2026-02-23,C0205,Customer 0205,Consumer,SW,mobile,1,P100,Starter Subscription,subscription,1,31.06,31.06,USD
O104568,2026-02-23T19:36:49,2026-02-23,C0142,Customer 0142,SMB,SW,web,1,P200,Analytics Add-on,addon,1,37.54,37.54,USD
O104569,2026-02-23T08:47:23,2026-02-23,C0169,Customer 0169,Consumer,SW,web,1,P100,Starter Subscription,subscription,1,27.09,27.09,USD
O104570,2026-02-23T18:44:08,2026-02-23,C0173,Customer 0173,SMB,SE,web,1,P310,Training Package,service,1,313.90,313.90,USD
O104570,2026-02-23T18:44:08,2026-02-23,C0173,Customer 0173,SMB,SE,web,2,P200,Analytics Add-on,addon,1,36.17,36.17,USD
O104570,2026-02-23T18:44:08,2026-02-23,C0173,Customer 0173,SMB,SE,web,3,P110,Professional Subscription,subscription,1,82.65,82.65,USD
O104571,2026-02-23T13:29:20,2026-02-23,C0153,Customer 0153,Consumer,W,web,1,P200,Analytics Add-on,addon,2,38.31,76.62,USD
O104571,2026-02-23T13:29:20,2026-02-23,C0153,Customer 0153,Consumer,W,web,2,P120,Enterprise Subscription,subscription,1,201.50,201.50,USD
O104572,2026-02-23T15:51:41,2026-02-23,C0184,Customer 0184,SMB,MW,web,1,P210,Automation Add-on,addon,1,55.88,55.88,USD
O104572,2026-02-23T15:51:41,2026-02-23,C0184,Customer 0184,SMB,MW,web,2,P110,Professional Subscription,subscription,1,83.71,83.71,USD
O104573,2026-02-23T14:37:53,2026-02-23,C0070,Customer 0070,SMB,W,partner,1,P210,Automation Add-on,addon,1,61.86,61.86,USD
O104574,2026-02-24T15:52:31,2026-02-24,C0039,Customer 0039,Mid-Market,SW,web,1,P100,Starter Subscription,subscription,1,27.19,27.19,USD
O104575,2026-02-24T18:58:37,2026-02-24,C0160,Customer 0160,Mid-Market,SE,web,1,P300,Implementation Package,service,1,536.77,536.77,USD
O104575,2026-02-24T18:58:37,2026-02-24,C0160,Customer 0160,Mid-Market,SE,web,2,P100,Starter Subscription,subscription,1,27.65,27.65,USD
O104576,2026-02-24T18:59:07,2026-02-24,C0137,Customer 0137,Mid-Market,NE,web,1,P210,Automation Add-on,addon,1,60.47,60.47,USD
O104577,2026-02-24T11:16:23,2026-02-24,C0108,Customer 0108,SMB,W,web,1,P310,Training Package,service,1,315.90,315.90,USD
O104578,2026-02-24T19:37:50,2026-02-24,C0145,Customer 0145,Mid-Market,W,web,1,P210,Automation Add-on,addon,1,62.49,62.49,USD
O104578,2026-02-24T19:37:50,2026-02-24,C0145,Customer 0145,Mid-Market,W,web,2,P300,Implementation Package,service,1,510.92,510.92,USD
O104579,2026-02-24T18:58:39,2026-02-24,C0082,Customer 0082,Consumer,SE,web,1,P120,Enterprise Subscription,subscription,1,205.60,205.60,USD
O104580,2026-02-24T12:16:26,2026-02-24,C0110,Customer 0110,Consumer,W,web,1,P200,Analytics Add-on,addon,1,37.34,37.34,USD
O104580,2026-02-24T12:16:26,2026-02-24,C0110,Customer 0110,Consumer,W,web,2,P110,Professional Subscription,subscription,1,80.18,80.18,USD
O104581,2026-02-24T12:53:57,2026-02-24,C0217,Customer 0217,SMB,NE,web,1,P110,Professional Subscription,subscription,1,82.95,82.95,USD
O104582,2026-02-24T11:06:24,2026-02-24,C0114,Customer 0114,Consumer,MW,partner,1,P100,Starter Subscription,subscription,1,27.89,27.89,USD
O104583,2026-02-24T11:22:04,2026-02-24,C0024,Customer 0024,SMB,SW,mobile,1,P110,Professional Subscription,subscription,1,77.48,77.48,USD
O104584,2026-02-24T20:07:28,2026-02-24,C0031,Customer 0031,Mid-Market,MW,mobile,1,P110,Professional Subscription,subscription,1,76.97,76.97,USD
O104585,2026-02-24T19:00:50,2026-02-24,C0013,Customer 0013,Consumer,W,mobile,1,P100,Starter Subscription,subscription,1,31.16,31.16,USD
O104585,2026-02-24T19:00:50,2026-02-24,C0013,Customer 0013,Consumer,W,mobile,2,P310,Training Package,service,1,320.25,320.25,USD
O104586,2026-02-24T15:03:41,2026-02-24,C0079,Customer 0079,SMB,SE,partner,1,P200,Analytics Add-on,addon,1,36.25,36.25,USD
O104587,2026-02-24T16:29:55,2026-02-24,C0042,Customer 0042,Consumer,MW,mobile,1,P110,Professional Subscription,subscription,1,82.42,82.42,USD
O104588,2026-02-24T10:39:46,2026-02-24,C0071,Customer 0071,Mid-Market,SW,mobile,1,P310,Training Package,service,1,315.59,315.59,USD
O104589,2026-02-24T10:16:47,2026-02-24,C0151,Customer 0151,Consumer,W,web,1,P200,Analytics Add-on,addon,2,40.96,81.92,USD
O104590,2026-02-24T12:30:38,2026-02-24,C0149,Customer 0149,Mid-Market,MW,mobile,1,P110,Professional Subscription,subscription,1,77.50,77.50,USD
O104590,2026-02-24T12:30:38,2026-02-24,C0149,Customer 0149,Mid-Market,MW,mobile,2,P210,Automation Add-on,addon,2,63.64,127.28,USD
O104590,2026-02-24T12:30:38,2026-02-24,C0149,Customer 0149,Mid-Market,MW,mobile,3,P300,Implementation Package,service,1,522.55,522.55,USD
O104591,2026-02-24T15:32:49,2026-02-24,C0053,Customer 0053,SMB,SE,web,1,P110,Professional Subscription,subscription,1,75.17,75.17,USD
O104591,2026-02-24T15:32:49,2026-02-24,C0053,Customer 0053,SMB,SE,web,2,P100,Starter Subscription,subscription,1,30.10,30.10,USD
O104592,2026-02-24T19:05:42,2026-02-24,C0142,Customer 0142,SMB,SW,mobile,1,P110,Professional Subscription,subscription,1,77.70,77.70,USD
O104593,2026-02-24T18:26:18,2026-02-24,C0101,Customer 0101,SMB,SE,web,1,P100,Starter Subscription,subscription,1,31.21,31.21,USD
O104594,2026-02-24T15:48:08,2026-02-24,C0121,Customer 0121,SMB,NE,web,1,P110,Professional Subscription,subscription,1,84.66,84.66,USD
O104595,2026-02-24T16:55:15,2026-02-24,C0131,Customer 0131,Consumer,SE,web,1,P300,Implementation Package,service,1,486.13,486.13,USD
O104596,2026-02-24T08:50:53,2026-02-24,C0012,Customer 0012,SMB,NE,web,1,P200,Analytics Add-on,addon,2,36.88,73.76,USD
O104596,2026-02-24T08:50:53,2026-02-24,C0012,Customer 0012,SMB,NE,web,2,P110,Professional Subscription,subscription,1,76.92,76.92,USD
O104597,2026-02-24T12:56:06,2026-02-24,C0119,Customer 0119,Consumer,SE,web,1,P300,Implementation Package,service,1,525.75,525.75,USD
O104598,2026-02-24T15:27:34,2026-02-24,C0098,Customer 0098,SMB,W,partner,1,P300,Implementation Package,service,1,512.50,512.50,USD
O104599,2026-02-24T16:11:54,2026-02-24,C0185,Customer 0185,SMB,SE,web,1,P310,Training Package,service,1,307.60,307.60,USD
O104600,2026-02-24T14:22:59,2026-02-24,C0056,Customer 0056,Consumer,SE,mobile,1,P120,Enterprise Subscription,subscription,1,202.75,202.75,USD
O104601,2026-02-24T17:39:24,2026-02-24,C0036,Customer 0036,Mid-Market,NE,web,1,P110,Professional Subscription,subscription,1,73.33,73.33,USD
O104601,2026-02-24T17:39:24,2026-02-24,C0036,Customer 0036,Mid-Market,NE,web,2,P200,Analytics Add-on,addon,2,40.97,81.94,USD
O104601,2026-02-24T17:39:24,2026-02-24,C0036,Customer 0036,Mid-Market,NE,web,3,P100,Starter Subscription,subscription,1,31.01,31.01,USD
O104602,2026-02-24T17:13:17,2026-02-24,C0114,Customer 0114,Consumer,MW,web,1,P300,Implementation Package,service,1,484.00,484.00,USD
O104602,2026-02-24T17:13:17,2026-02-24,C0114,Customer 0114,Consumer,MW,web,2,P200,Analytics Add-on,addon,1,41.64,41.64,USD
O104603,2026-02-24T13:43:14,2026-02-24,C0012,Customer 0012,SMB,NE,partner,1,P110,Professional Subscription,subscription,1,74.26,74.26,USD
O104603,2026-02-24T13:43:14,2026-02-24,C0012,Customer 0012,SMB,NE,partner,2,P210,Automation Add-on,addon,1,63.48,63.48,USD
O104603,2026-02-24T13:43:14,2026-02-24,C0012,Customer 0012,SMB,NE,partner,3,P300,Implementation Package,service,1,517.95,517.95,USD
O104604,2026-02-24T19:26:05,2026-02-24,C0089,Customer 0089,SMB,NE,web,1,P200,Analytics Add-on,addon,1,40.89,40.89,USD
O104604,2026-02-24T19:26:05,2026-02-24,C0089,Customer 0089,SMB,NE,web,2,P110,Professional Subscription,subscription,1,73.51,73.51,USD
O104604,2026-02-24T19:26:05,2026-02-24,C0089,Customer 0089,SMB,NE,web,3,P300,Implementation Package,service,1,495.48,495.48,USD
O104605,2026-02-25T11:44:40,2026-02-25,C0017,Customer 0017,Enterprise,NE,web,1,P110,Professional Subscription,subscription,1,80.35,80.35,USD
O104605,2026-02-25T11:44:40,2026-02-25,C0017,Customer 0017,Enterprise,NE,web,2,P310,Training Package,service,1,312.49,312.49,USD
O104606,2026-02-25T15:15:22,2026-02-25,C0025,Customer 0025,SMB,W,mobile,1,P120,Enterprise Subscription,subscription,1,198.03,198.03,USD
O104607,2026-02-25T20:07:27,2026-02-25,C0086,Customer 0086,Consumer,SW,mobile,1,P200,Analytics Add-on,addon,1,36.42,36.42,USD
O104608,2026-02-25T18:42:07,2026-02-25,C0060,Customer 0060,Consumer,MW,partner,1,P200,Analytics Add-on,addon,1,37.59,37.59,USD
O104609,2026-02-25T09:01:47,2026-02-25,C0167,Customer 0167,Consumer,NE,web,1,P110,Professional Subscription,subscription,1,79.74,79.74,USD
O104610,2026-02-25T19:12:41,2026-02-25,C0028,Customer 0028,SMB,SE,mobile,1,P120,Enterprise Subscription,subscription,1,202.86,202.86,USD
O104611,2026-02-25T13:08:49,2026-02-25,C0041,Customer 0041,Consumer,NE,web,1,P200,Analytics Add-on,addon,1,40.90,40.90,USD
O104612,2026-02-25T08:15:11,2026-02-25,C0229,Customer 0229,SMB,SE,mobile,1,P310,Training Package,service,1,281.72,281.72,USD
O104613,2026-02-25T15:05:55,2026-02-25,C0115,Customer 0115,Consumer,MW,web,1,P310,Training Package,service,1,321.86,321.86,USD
O104614,2026-02-25T13:55:22,2026-02-25,C0003,Customer 0003,Consumer,W,mobile,1,P120,Enterprise Subscription,subscription,1,191.70,191.70,USD
O104614,2026-02-25T13:55:22,2026-02-25,C0003,Customer 0003,Consumer,W,mobile,2,P200,Analytics Add-on,addon,1,41.28,41.28,USD
O104615,2026-02-25T20:02:11,2026-02-25,C0082,Customer 0082,Consumer,SE,web,1,P210,Automation Add-on,addon,1,56.74,56.74,USD
O104616,2026-02-25T12:55:35,2026-02-25,C0013,Customer 0013,Consumer,W,mobile,1,P200,Analytics Add-on,addon,2,40.73,81.46,USD
O104617,2026-02-25T08:27:45,2026-02-25,C0134,Customer 0134,SMB,SW,web,1,P100,Starter Subscription,subscription,1,30.37,30.37,USD
O104617,2026-02-25T08:27:45,2026-02-25,C0134,Customer 0134,SMB,SW,web,2,P120,Enterprise Subscription,subscription,1,191.02,191.02,USD
O104618,2026-02-25T15:52:48,2026-02-25,C0133,Customer 0133,Consumer,SW,web,1,P110,Professional Subscription,subscription,1,84.50,84.50,USD
O104618,2026-02-25T15:52:48,2026-02-25,C0133,Customer 0133,Consumer,SW,web,2,P310,Training Package,service,1,279.64,279.64,USD
O104619,2026-02-25T11:10:20,2026-02-25,C0015,Customer 0015,SMB,SW,web,1,P200,Analytics Add-on,addon,1,39.17,39.17,USD
O104620,2026-02-25T18:24:53,2026-02-25,C0148,Customer 0148,Consumer,SE,web,1,P100,Starter Subscription,subscription,1,31.04,31.04,USD
O104621,2026-02-25T12:16:12,2026-02-25,C0017,Customer 0017,Enterprise,NE,web,1,P110,Professional Subscription,subscription,1,79.69,79.69,USD
O104622,2026-02-25T18:13:14,2026-02-25,C0049,Customer 0049,Mid-Market,SE,web,1,P300,Implementation Package,service,1,534.10,534.10,USD
O104623,2026-02-25T10:08:47,2026-02-25,C0118,Customer 0118,SMB,SE,web,1,P120,Enterprise Subscription,subscription,1,206.87,206.87,USD
O104624,2026-02-25T19:43:44,2026-02-25,C0219,Customer 0219,Consumer,SE,web,1,P300,Implementation Package,service,1,482.89,482.89,USD
O104624,2026-02-25T19:43:44,2026-02-25,C0219,Customer 0219,Consumer,SE,web,2,P200,Analytics Add-on,addon,1,38.80,38.80,USD
O104624,2026-02-25T19:43:44,2026-02-25,C0219,Customer 0219,Consumer,SE,web,3,P100,Starter Subscription,subscription,1,27.23,27.23,USD
O104625,2026-02-25T11:27:21,2026-02-25,C0058,Customer 0058,SMB,W,mobile,1,P210,Automation Add-on,addon,2,63.18,126.36,USD
O104626,2026-02-25T20:50:42,2026-02-25,C0178,Customer 0178,Consumer,W,web,1,P210,Automation Add-on,addon,2,60.15,120.30,USD
O104627,2026-02-25T10:29:33,2026-02-25,C0235,Customer 0235,Consumer,W,web,1,P110,Professional Subscription,subscription,1,79.16,79.16,USD
O104628,2026-02-25T12:08:02,2026-02-25,C0216,Customer 0216,Consumer,SE,web,1,P120,Enterprise Subscription,subscription,1,194.24,194.24,USD
O104628,2026-02-25T12:08:02,2026-02-25,C0216,Customer 0216,Consumer,SE,web,2,P210,Automation Add-on,addon,1,61.41,61.41,USD
O104629,2026-02-25T19:09:48,2026-02-25,C0076,Customer 0076,Mid-Market,MW,web,1,P200,Analytics Add-on,addon,1,38.79,38.79,USD
O104629,2026-02-25T19:09:48,2026-02-25,C0076,Customer 0076,Mid-Market,MW,web,2,P110,Professional Subscription,subscription,1,83.93,83.93,USD
O104630,2026-02-25T16:32:32,2026-02-25,C0035,Customer 0035,SMB,SE,mobile,1,P210,Automation Add-on,addon,1,55.53,55.53,USD
O104631,2026-02-25T10:41:09,2026-02-25,C0128,Customer 0128,Consumer,SE,partner,1,P300,Implementation Package,service,1,476.81,476.81,USD
O104631,2026-02-25T10:41:09,2026-02-25,C0128,Customer 0128,Consumer,SE,partner,2,P120,Enterprise Subscription,subscription,1,183.56,183.56,USD
O104631,2026-02-25T10:41:09,2026-02-25,C0128,Customer 0128,Consumer,SE,partner,3,P210,Automation Add-on,addon,1,59.89,59.89,USD
O104632,2026-02-25T16:20:29,2026-02-25,C0160,Customer 0160,Mid-Market,SE,mobile,1,P110,Professional Subscription,subscription,1,82.72,82.72,USD
O104633,2026-02-25T10:34:39,2026-02-25,C0202,Customer 0202,Mid-Market,SW,partner,1,P210,Automation Add-on,addon,2,60.79,121.58,USD
O104634,2026-02-25T17:43:44,2026-02-25,C0221,Customer 0221,Consumer,MW,partner,1,P310,Training Package,service,1,319.04,319.04,USD
O104634,2026-02-25T17:43:44,2026-02-25,C0221,Customer 0221,Consumer,MW,partner,2,P120,Enterprise Subscription,subscription,1,186.94,186.94,USD
O104635,2026-02-25T10:26:28,2026-02-25,C0043,Customer 0043,Mid-Market,MW,web,1,P120,Enterprise Subscription,subscription,1,189.12,189.12,USD
O104635,2026-02-25T10:26:28,2026-02-25,C0043,Customer 0043,Mid-Market,MW,web,2,P300,Implementation Package,service,1,494.88,494.88,USD
O104635,2026-02-25T10:26:28,2026-02-25,C0043,Customer 0043,Mid-Market,MW,web,3,P310,Training Package,service,1,307.14,307.14,USD
O104636,2026-02-25T12:08:55,2026-02-25,C0128,Customer 0128,Consumer,SE,web,1,P200,Analytics Add-on,addon,1,41.18,41.18,USD
O104636,2026-02-25T12:08:55,2026-02-25,C0128,Customer 0128,Consumer,SE,web,2,P310,Training Package,service,1,301.39,301.39,USD
O104637,2026-02-25T14:06:19,2026-02-25,C0177,Customer 0177,Consumer,W,partner,1,P120,Enterprise Subscription,subscription,1,187.82,187.82,USD
O104638,2026-02-25T20:37:40,2026-02-25,C0234,Customer 0234,SMB,SW,web,1,P120,Enterprise Subscription,subscription,1,197.88,197.88,USD
O104638,2026-02-25T20:37:40,2026-02-25,C0234,Customer 0234,SMB,SW,web,2,P310,Training Package,service,1,276.45,276.45,USD
O104638,2026-02-25T20:37:40,2026-02-25,C0234,Customer 0234,SMB,SW,web,3,P100,Starter Subscription,subscription,1,29.41,29.41,USD
O104639,2026-02-25T16:04:43,2026-02-25,C0087,Customer 0087,Mid-Market,W,partner,1,P300,Implementation Package,service,1,506.44,506.44,USD
O104640,2026-02-25T13:09:26,2026-02-25,C0103,Customer 0103,Consumer,NE,web,1,P200,Analytics Add-on,addon,1,41.66,41.66,USD
O104640,2026-02-25T13:09:26,2026-02-25,C0103,Customer 0103,Consumer,NE,web,2,P310,Training Package,service,1,314.50,314.50,USD
O104640,2026-02-25T13:09:26,2026-02-25,C0103,Customer 0103,Consumer,NE,web,3,P100,Starter Subscription,subscription,1,28.10,28.10,USD
O104641,2026-02-26T08:41:07,2026-02-26,C0133,Customer 0133,Consumer,SW,mobile,1,P100,Starter Subscription,subscription,1,28.78,28.78,USD
O104641,2026-02-26T08:41:07,2026-02-26,C0133,Customer 0133,Consumer,SW,mobile,2,P200,Analytics Add-on,addon,1,36.14,36.14,USD
O104641,2026-02-26T08:41:07,2026-02-26,C0133,Customer 0133,Consumer,SW,mobile,3,P300,Implementation Package,service,1,509.31,509.31,USD
O104642,2026-02-26T09:43:48,2026-02-26,C0018,Customer 0018,Consumer,MW,mobile,1,P120,Enterprise Subscription,subscription,1,201.76,201.76,USD
O104642,2026-02-26T09:43:48,2026-02-26,C0018,Customer 0018,Consumer,MW,mobile,2,P210,Automation Add-on,addon,2,60.20,120.40,USD
O104643,2026-02-26T20:54:48,2026-02-26,C0048,Customer 0048,Enterprise,SE,mobile,1,P300,Implementation Package,service,1,473.73,473.73,USD
O104644,2026-02-26T09:33:39,2026-02-26,C0024,Customer 0024,SMB,SW,mobile,1,P100,Starter Subscription,subscription,1,26.80,26.80,USD
O104644,2026-02-26T09:33:39,2026-02-26,C0024,Customer 0024,SMB,SW,mobile,2,P210,Automation Add-on,addon,1,59.76,59.76,USD
O104645,2026-02-26T09:51:54,2026-02-26,C0130,Customer 0130,SMB,MW,web,1,P300,Implementation Package,service,1,464.03,464.03,USD
O104645,2026-02-26T09:51:54,2026-02-26,C0130,Customer 0130,SMB,MW,web,2,P120,Enterprise Subscription,subscription,1,184.12,184.12,USD
O104646,2026-02-26T11:19:05,2026-02-26,C0171,Customer 0171,Consumer,NE,web,1,P300,Implementation Package,service,1,479.27,479.27,USD
O104646,2026-02-26T11:19:05,2026-02-26,C0171,Customer 0171,Consumer,NE,web,2,P310,Training Package,service,1,313.30,313.30,USD
O104646,2026-02-26T11:19:05,2026-02-26,C0171,Customer 0171,Consumer,NE,web,3,P200,Analytics Add-on,addon,1,40.92,40.92,USD
O104647,2026-02-26T09:13:47,2026-02-26,C0143,Customer 0143,Consumer,MW,web,1,P210,Automation Add-on,addon,1,63.15,63.15,USD
O104648,2026-02-26T14:44:37,2026-02-26,C0093,Customer 0093,SMB,W,web,1,P120,Enterprise Subscription,subscription,1,206.63,206.63,USD
O104648,2026-02-26T14:44:37,2026-02-26,C0093,Customer 0093,SMB,W,web,2,P300,Implementation Package,service,1,481.94,481.94,USD
O104648,2026-02-26T14:44:37,2026-02-26,C0093,Customer 0093,SMB,W,web,3,P210,Automation Add-on,addon,1,57.13,57.13,USD
O104649,2026-02-26T10:30:35,2026-02-26,C0051,Customer 0051,Enterprise,SW,web,1,P310,Training Package,service,1,279.13,279.13,USD
O104649,2026-02-26T10:30:35,2026-02-26,C0051,Customer 0051,Enterprise,SW,web,2,P300,Implementation Package,service,1,499.18,499.18,USD
O104650,2026-02-26T19:18:19,2026-02-26,C0115,Customer 0115,Consumer,MW,mobile,1,P310,Training Package,service,1,315.67,315.67,USD
O104651,2026-02-26T13:42:10,2026-02-26,C0097,Customer 0097,Enterprise,NE,web,1,P210,Automation Add-on,addon,1,57.85,57.85,USD
O104652,2026-02-26T08:01:57,2026-02-26,C0185,Customer 0185,SMB,SE,web,1,P120,Enterprise Subscription,subscription,1,183.36,183.36,USD
O104653,2026-02-26T18:20:04,2026-02-26,C0021,Customer 0021,Mid-Market,SE,mobile,1,P120,Enterprise Subscription,subscription,1,210.65,210.65,USD
O104654,2026-02-26T16:32:11,2026-02-26,C0034,Customer 0034,Consumer,SW,web,1,P100,Starter Subscription,subscription,1,27.08,27.08,USD
O104654,2026-02-26T16:32:11,2026-02-26,C0034,Customer 0034,Consumer,SW,web,2,P110,Professional Subscription,subscription,1,78.42,78.42,USD
O104655,2026-02-26T10:53:53,2026-02-26,C0048,Customer 0048,Enterprise,SE,web,1,P100,Starter Subscription,subscription,1,30.92,30.92,USD
O104656,2026-02-26T16:43:14,2026-02-26,C0165,Customer 0165,Mid-Market,SE,mobile,1,P100,Starter Subscription,subscription,1,28.49,28.49,USD
O104656,2026-02-26T16:43:14,2026-02-26,C0165,Customer 0165,Mid-Market,SE,mobile,2,P110,Professional Subscription,subscription,1,83.93,83.93,USD
O104656,2026-02-26T16:43:14,2026-02-26,C0165,Customer 0165,Mid-Market,SE,mobile,3,P300,Implementation Package,service,1,516.02,516.02,USD
O104657,2026-02-26T14:49:51,2026-02-26,C0058,Customer 0058,SMB,W,partner,1,P120,Enterprise Subscription,subscription,1,210.83,210.83,USD
O104657,2026-02-26T14:49:51,2026-02-26,C0058,Customer 0058,SMB,W,partner,2,P200,Analytics Add-on,addon,2,37.22,74.44,USD
O104658,2026-02-26T08:56:29,2026-02-26,C0066,Customer 0066,Consumer,NE,web,1,P310,Training Package,service,1,306.34,306.34,USD
O104658,2026-02-26T08:56:29,2026-02-26,C0066,Customer 0066,Consumer,NE,web,2,P210,Automation Add-on,addon,1,59.75,59.75,USD
O104659,2026-02-26T16:28:37,2026-02-26,C0159,Customer 0159,Consumer,SW,partner,1,P200,Analytics Add-on,addon,2,36.58,73.16,USD
O104659,2026-02-26T16:28:37,2026-02-26,C0159,Customer 0159,Consumer,SW,partner,2,P310,Training Package,service,1,315.39,315.39,USD
O104659,2026-02-26T16:28:37,2026-02-26,C0159,Customer 0159,Consumer,SW,partner,3,P120,Enterprise Subscription,subscription,1,188.57,188.57,USD
O104660,2026-02-26T14:10:40,2026-02-26,C0120,Customer 0120,Mid-Market,SW,web,1,P210,Automation Add-on,addon,1,58.69,58.69,USD
O104661,2026-02-26T10:35:21,2026-02-26,C0038,Customer 0038,Mid-Market,NE,web,1,P210,Automation Add-on,addon,1,62.10,62.10,USD
O104662,2026-02-26T20:00:08,2026-02-26,C0063,Customer 0063,SMB,NE,web,1,P200,Analytics Add-on,addon,2,36.11,72.22,USD
O104663,2026-02-26T12:50:03,2026-02-26,C0009,Customer 0009,Consumer,NE,partner,1,P100,Starter Subscription,subscription,1,29.12,29.12,USD
O104664,2026-02-26T13:45:17,2026-02-26,C0192,Customer 0192,Mid-Market,MW,web,1,P200,Analytics Add-on,addon,1,37.37,37.37,USD
O104664,2026-02-26T13:45:17,2026-02-26,C0192,Customer 0192,Mid-Market,MW,web,2,P100,Starter Subscription,subscription,1,30.24,30.24,USD
O104665,2026-02-26T12:55:37,2026-02-26,C0053,Customer 0053,SMB,SE,mobile,1,P310,Training Package,service,1,320.80,320.80,USD
O104665,2026-02-26T12:55:37,2026-02-26,C0053,Customer 0053,SMB,SE,mobile,2,P100,Starter Subscription,subscription,1,27.97,27.97,USD
O104666,2026-02-26T14:49:53,2026-02-26,C0236,Customer 0236,Consumer,MW,partner,1,P200,Analytics Add-on,addon,2,36.53,73.06,USD
O104666,2026-02-26T14:49:53,2026-02-26,C0236,Customer 0236,Consumer,MW,partner,2,P310,Training Package,service,1,289.79,289.79,USD
O104667,2026-02-26T16:41:38,2026-02-26,C0076,Customer 0076,Mid-Market,MW,web,1,P300,Implementation Package,service,1,497.83,497.83,USD
O104668,2026-02-26T16:21:23,2026-02-26,C0009,Customer 0009,Consumer,NE,mobile,1,P310,Training Package,service,1,315.21,315.21,USD
O104669,2026-02-26T09:50:12,2026-02-26,C0001,Customer 0001,Consumer,NE,web,1,P210,Automation Add-on,addon,1,61.05,61.05,USD
O104670,2026-02-26T10:34:52,2026-02-26,C0003,Customer 0003,Consumer,W,web,1,P120,Enterprise Subscription,subscription,1,204.73,204.73,USD
O104671,2026-02-26T15:26:44,2026-02-26,C0173,Customer 0173,SMB,SE,web,1,P110,Professional Subscription,subscription,1,76.76,76.76,USD
O104672,2026-02-26T11:56:23,2026-02-26,C0086,Customer 0086,Consumer,SW,web,1,P310,Training Package,service,1,316.00,316.00,USD
O104673,2026-02-26T13:41:36,2026-02-26,C0204,Customer 0204,SMB,MW,mobile,1,P100,Starter Subscription,subscription,1,29.61,29.61,USD
O104673,2026-02-26T13:41:36,2026-02-26,C0204,Customer 0204,SMB,MW,mobile,2,P300,Implementation Package,service,1,527.85,527.85,USD
O104674,2026-02-26T10:23:32,2026-02-26,C0114,Customer 0114,Consumer,MW,partner,1,P200,Analytics Add-on,addon,2,39.97,79.94,USD
O104674,2026-02-26T10:23:32,2026-02-26,C0114,Customer 0114,Consumer,MW,partner,2,P310,Training Package,service,1,275.22,275.22,USD
O104674,2026-02-26T10:23:32,2026-02-26,C0114,Customer 0114,Consumer,MW,partner,3,P120,Enterprise Subscription,subscription,1,205.69,205.69,USD
O104675,2026-02-26T18:53:33,2026-02-26,C0043,Customer 0043,Mid-Market,MW,partner,1,P310,Training Package,service,1,298.02,298.02,USD
O104675,2026-02-26T18:53:33,2026-02-26,C0043,Customer 0043,Mid-Market,MW,partner,2,P210,Automation Add-on,addon,1,62.37,62.37,USD
O104676,2026-02-26T14:39:52,2026-02-26,C0045,Customer 0045,Consumer,MW,web,1,P300,Implementation Package,service,1,517.42,517.42,USD
O104677,2026-02-26T08:46:07,2026-02-26,C0043,Customer 0043,Mid-Market,MW,web,1,P120,Enterprise Subscription,subscription,1,192.53,192.53,USD
O104678,2026-02-26T11:01:01,2026-02-26,C0009,Customer 0009,Consumer,NE,mobile,1,P300,Implementation Package,service,1,481.41,481.41,USD
O104678,2026-02-26T11:01:01,2026-02-26,C0009,Customer 0009,Consumer,NE,mobile,2,P120,Enterprise Subscription,subscription,1,200.51,200.51,USD
O104679,2026-02-26T20:25:31,2026-02-26,C0050,Customer 0050,Consumer,W,web,1,P210,Automation Add-on,addon,2,55.02,110.04,USD
O104679,2026-02-26T20:25:31,2026-02-26,C0050,Customer 0050,Consumer,W,web,2,P120,Enterprise Subscription,subscription,1,185.47,185.47,USD
O104680,2026-02-26T14:42:25,2026-02-26,C0222,Customer 0222,Consumer,NE,web,1,P210,Automation Add-on,addon,2,58.47,116.94,USD
O104681,2026-02-26T09:00:16,2026-02-26,C0010,Customer 0010,Consumer,MW,web,1,P120,Enterprise Subscription,subscription,1,197.97,197.97,USD
O104682,2026-02-26T14:14:51,2026-02-26,C0098,Customer 0098,SMB,W,mobile,1,P310,Training Package,service,1,318.96,318.96,USD
O104682,2026-02-26T14:14:51,2026-02-26,C0098,Customer 0098,SMB,W,mobile,2,P210,Automation Add-on,addon,2,59.18,118.36,USD
O104683,2026-02-27T12:04:53,2026-02-27,C0119,Customer 0119,Consumer,SE,mobile,1,P110,Professional Subscription,subscription,1,73.03,73.03,USD
O104684,2026-02-27T11:10:08,2026-02-27,C0179,Customer 0179,Consumer,SW,web,1,P110,Professional Subscription,subscription,1,82.82,82.82,USD
O104684,2026-02-27T11:10:08,2026-02-27,C0179,Customer 0179,Consumer,SW,web,2,P100,Starter Subscription,subscription,1,30.83,30.83,USD
O104685,2026-02-27T08:37:19,2026-02-27,C0082,Customer 0082,Consumer,SE,mobile,1,P200,Analytics Add-on,addon,1,41.22,41.22,USD
O104686,2026-02-27T08:08:50,2026-02-27,C0026,Customer 0026,Consumer,NE,web,1,P300,Implementation Package,service,1,513.14,513.14,USD
O104687,2026-02-27T17:33:28,2026-02-27,C0150,Customer 0150,Mid-Market,NE,web,1,P310,Training Package,service,1,315.22,315.22,USD
O104687,2026-02-27T17:33:28,2026-02-27,C0150,Customer 0150,Mid-Market,NE,web,2,P110,Professional Subscription,subscription,1,80.22,80.22,USD
O104687,2026-02-27T17:33:28,2026-02-27,C0150,Customer 0150,Mid-Market,NE,web,3,P200,Analytics Add-on,addon,1,40.89,40.89,USD
O104688,2026-02-27T10:03:27,2026-02-27,C0187,Customer 0187,SMB,SW,partner,1,P300,Implementation Package,service,1,484.53,484.53,USD
O104689,2026-02-27T11:29:19,2026-02-27,C0133,Customer 0133,Consumer,SW,web,1,P100,Starter Subscription,subscription,1,27.71,27.71,USD
O104689,2026-02-27T11:29:19,2026-02-27,C0133,Customer 0133,Consumer,SW,web,2,P120,Enterprise Subscription,subscription,1,190.11,190.11,USD
O104690,2026-02-27T08:08:06,2026-02-27,C0132,Customer 0132,SMB,NE,web,1,P310,Training Package,service,1,321.04,321.04,USD
O104690,2026-02-27T08:08:06,2026-02-27,C0132,Customer 0132,SMB,NE,web,2,P110,Professional Subscription,subscription,1,73.45,73.45,USD
O104691,2026-02-27T15:17:05,2026-02-27,C0136,Customer 0136,SMB,SE,mobile,1,P300,Implementation Package,service,1,498.18,498.18,USD
O104692,2026-02-27T10:06:11,2026-02-27,C0185,Customer 0185,SMB,SE,mobile,1,P100,Starter Subscription,subscription,1,27.29,27.29,USD
O104693,2026-02-27T10:40:39,2026-02-27,C0102,Customer 0102,Consumer,SW,mobile,1,P110,Professional Subscription,subscription,1,84.14,84.14,USD
O104694,2026-02-27T13:57:50,2026-02-27,C0112,Customer 0112,SMB,NE,partner,1,P200,Analytics Add-on,addon,1,38.83,38.83,USD
O104695,2026-02-27T18:46:21,2026-02-27,C0204,Customer 0204,SMB,MW,web,1,P310,Training Package,service,1,279.67,279.67,USD
O104696,2026-02-27T10:44:01,2026-02-27,C0203,Customer 0203,SMB,SW,web,1,P110,Professional Subscription,subscription,1,77.38,77.38,USD
O104696,2026-02-27T10:44:01,2026-02-27,C0203,Customer 0203,SMB,SW,web,2,P300,Implementation Package,service,1,476.81,476.81,USD
O104697,2026-02-27T20:51:54,2026-02-27,C0105,Customer 0105,SMB,SE,mobile,1,P310,Training Package,service,1,275.25,275.25,USD
O104697,2026-02-27T20:51:54,2026-02-27,C0105,Customer 0105,SMB,SE,mobile,2,P200,Analytics Add-on,addon,2,39.72,79.44,USD
O104698,2026-02-27T19:01:46,2026-02-27,C0224,Customer 0224,Mid-Market,MW,mobile,1,P100,Starter Subscription,subscription,1,29.26,29.26,USD
O104699,2026-02-27T13:31:35,2026-02-27,C0226,Customer 0226,Consumer,SW,mobile,1,P100,Starter Subscription,subscription,1,27.35,27.35,USD
O104699,2026-02-27T13:31:35,2026-02-27,C0226,Customer 0226,Consumer,SW,mobile,2,P210,Automation Add-on,addon,1,59.45,59.45,USD
O104699,2026-02-27T13:31:35,2026-02-27,C0226,Customer 0226,Consumer,SW,mobile,3,P310,Training Package,service,1,275.81,275.81,USD
O104700,2026-02-27T18:58:03,2026-02-27,C0194,Customer 0194,Consumer,W,web,1,P310,Training Package,service,1,319.24,319.24,USD
O104701,2026-02-27T12:54:33,2026-02-27,C0164,Customer 0164,Consumer,SE,web,1,P120,Enterprise Subscription,subscription,1,213.43,213.43,USD
O104701,2026-02-27T12:54:33,2026-02-27,C0164,Customer 0164,Consumer,SE,web,2,P200,Analytics Add-on,addon,2,40.77,81.54,USD
O104702,2026-02-27T13:15:26,2026-02-27,C0030,Customer 0030,Consumer,SW,mobile,1,P110,Professional Subscription,subscription,1,73.95,73.95,USD
O104702,2026-02-27T13:15:26,2026-02-27,C0030,Customer 0030,Consumer,SW,mobile,2,P310,Training Package,service,1,290.29,290.29,USD
O104702,2026-02-27T13:15:26,2026-02-27,C0030,Customer 0030,Consumer,SW,mobile,3,P100,Starter Subscription,subscription,1,30.33,30.33,USD
O104703,2026-02-27T19:09:54,2026-02-27,C0069,Customer 0069,Consumer,SE,partner,1,P210,Automation Add-on,addon,2,55.32,110.64,USD
O104703,2026-02-27T19:09:54,2026-02-27,C0069,Customer 0069,Consumer,SE,partner,2,P100,Starter Subscription,subscription,1,28.90,28.90,USD
O104703,2026-02-27T19:09:54,2026-02-27,C0069,Customer 0069,Consumer,SE,partner,3,P120,Enterprise Subscription,subscription,1,211.42,211.42,USD
O104704,2026-02-27T10:05:35,2026-02-27,C0011,Customer 0011,SMB,MW,web,1,P200,Analytics Add-on,addon,1,41.69,41.69,USD
O104704,2026-02-27T10:05:35,2026-02-27,C0011,Customer 0011,SMB,MW,web,2,P310,Training Package,service,1,275.52,275.52,USD
O104705,2026-02-27T09:22:34,2026-02-27,C0201,Customer 0201,Consumer,NE,web,1,P210,Automation Add-on,addon,1,55.93,55.93,USD
O104706,2026-02-27T19:22:28,2026-02-27,C0051,Customer 0051,Enterprise,SW,web,1,P300,Implementation Package,service,1,466.37,466.37,USD
O104707,2026-02-27T10:32:02,2026-02-27,C0168,Customer 0168,Mid-Market,W,web,1,P100,Starter Subscription,subscription,1,31.05,31.05,USD
O104707,2026-02-27T10:32:02,2026-02-27,C0168,Customer 0168,Mid-Market,W,web,2,P200,Analytics Add-on,addon,1,38.09,38.09,USD
O104708,2026-02-27T13:01:43,2026-02-27,C0188,Customer 0188,Mid-Market,SW,web,1,P200,Analytics Add-on,addon,2,40.91,81.82,USD
O104708,2026-02-27T13:01:43,2026-02-27,C0188,Customer 0188,Mid-Market,SW,web,2,P100,Starter Subscription,subscription,1,29.58,29.58,USD
O104708,2026-02-27T13:01:43,2026-02-27,C0188,Customer 0188,Mid-Market,SW,web,3,P120,Enterprise Subscription,subscription,1,206.36,206.36,USD
O104709,2026-02-27T17:46:45,2026-02-27,C0004,Customer 0004,Enterprise,NE,web,1,P200,Analytics Add-on,addon,1,37.71,37.71,USD
O104709,2026-02-27T17:46:45,2026-02-27,C0004,Customer 0004,Enterprise,NE,web,2,P210,Automation Add-on,addon,1,56.97,56.97,USD
O104709,2026-02-27T17:46:45,2026-02-27,C0004,Customer 0004,Enterprise,NE,web,3,P300,Implementation Package,service,1,480.50,480.50,USD
O104710,2026-02-27T13:03:34,2026-02-27,C0124,Customer 0124,SMB,SE,web,1,P200,Analytics Add-on,addon,2,39.98,79.96,USD
O104711,2026-02-27T14:43:44,2026-02-27,C0207,Customer 0207,Consumer,SW,web,1,P200,Analytics Add-on,addon,1,36.38,36.38,USD
O104711,2026-02-27T14:43:44,2026-02-27,C0207,Customer 0207,Consumer,SW,web,2,P120,Enterprise Subscription,subscription,1,189.10,189.10,USD
O104712,2026-02-27T08:17:39,2026-02-27,C0031,Customer 0031,Mid-Market,MW,mobile,1,P300,Implementation Package,service,1,464.16,464.16,USD
O104712,2026-02-27T08:17:39,2026-02-27,C0031,Customer 0031,Mid-Market,MW,mobile,2,P110,Professional Subscription,subscription,1,76.09,76.09,USD
O104713,2026-02-27T15:04:12,2026-02-27,C0032,Customer 0032,SMB,W,mobile,1,P300,Implementation Package,service,1,471.05,471.05,USD
O104714,2026-02-27T15:02:04,2026-02-27,C0240,Customer 0240,Consumer,W,web,1,P120,Enterprise Subscription,subscription,1,190.05,190.05,USD
O104715,2026-02-27T12:47:11,2026-02-27,C0122,Customer 0122,Consumer,W,web,1,P120,Enterprise Subscription,subscription,1,186.00,186.00,USD
O104716,2026-02-27T14:07:54,2026-02-27,C0193,Customer 0193,Consumer,SW,web,1,P100,Starter Subscription,subscription,1,28.87,28.87,USD
O104716,2026-02-27T14:07:54,2026-02-27,C0193,Customer 0193,Consumer,SW,web,2,P110,Professional Subscription,subscription,1,83.48,83.48,USD
O104717,2026-02-27T10:39:34,2026-02-27,C0091,Customer 0091,Mid-Market,NE,mobile,1,P100,Starter Subscription,subscription,1,30.03,30.03,USD
O104718,2026-02-27T11:50:06,2026-02-27,C0063,Customer 0063,SMB,NE,mobile,1,P300,Implementation Package,service,1,534.14,534.14,USD
O104719,2026-02-27T13:00:43,2026-02-27,C0039,Customer 0039,Mid-Market,SW,web,1,P200,Analytics Add-on,addon,1,39.25,39.25,USD
OBAD1,,2026-02-10,C9999,Unknown Customer,SMB,NE,web,1,P999,Unknown Product,addon,1,19.99,19.99,USD
